oid,profile_id,arrival_departure,stage,point,weight_kgs,x_m,y_m,z_m,tas_metres,power,mode,course,fuel_flow_kgm
1,COMJET-A-1,A,1,1,0.0,-34895.57664,0,1828.8,140.6491111,,AP,ANP2.1,
2,COMJET-A-1,A,1,2,0.0,-17447.78832,0,914.4,77.47533333,,AP,ANP2.1,
3,COMJET-A-1,A,1,3,0.0,-8723.89416,0,457.2,70.53033333,,AP,ANP2.1,
4,COMJET-A-1,A,1,4,0.0,-5815.91928,0,304.8,64.76855555,,AP,ANP2.1,
5,COMJET-A-1,A,1,5,0.0,0.0,0,0.0,63.84255556,,AP,ANP2.1,
6,COMJET-A-1,A,1,6,0.0,50.17008,0,0.0,60.55011111,,AP,ANP2.1,
7,COMJET-A-1,A,1,7,0.0,501.7008,0,0.0,15.43333333,,AP,ANP2.1,
8,COMJET-D-1,D,1,1,0.0,0.0,0,0.0,0.0,,TO,ANP2.1,
9,COMJET-D-1,D,1,2,0.0,861.45624,0,0.0,71.55922222,,TO,ANP2.1,
10,COMJET-D-1,D,1,3,0.0,1499.0064,0,59.67984,79.43022222,,TO,ANP2.1,
11,COMJET-D-1,D,1,4,0.0,2872.3,0,304.8,80.4,,TO,ANP2.1,
12,COMJET-D-1,D,1,5,0.0,3726.18,0,457.2,80.97355555,,CL,ANP2.1,
13,COMJET-D-1,D,1,6,0.0,4768.16928,0,541.05048,94.50344444,,CL,ANP2.1,
14,COMJET-D-1,D,1,7,0.0,5072.96928,0,595.15248,94.76066667,,CL,ANP2.1,
15,COMJET-D-1,D,1,8,0.0,6872.23416,0,914.4,96.25255555,,CL,ANP2.1,
16,COMJET-D-1,D,1,9,0.0,12380.15304,0,1334.8716,137.2537778,,CL,ANP2.1,
17,COMJET-D-1,D,1,10,0.0,14901.15384,0,1676.4,139.6202222,,CL,ANP2.1,
18,COMJET-D-1,D,1,11,0.0,19598.54856,0,2286.0,143.9415556,,CL,ANP2.1,
19,COMJET-D-1,D,1,12,0.0,25917.2964,0,3048.0,149.6518889,,CL,ANP2.1,
20,COMJET-D-2,D,2,1,0.0,0.0,0,0.0,0.0,,TO,ANP2.1,
21,COMJET-D-2,D,2,2,0.0,861.45624,0,0.0,71.55922222,,TO,ANP2.1,
22,COMJET-D-2,D,2,3,0.0,1499.0064,0,59.67984,79.43022222,,TO,ANP2.1,
23,COMJET-D-2,D,2,4,0.0,2872.3,0,304.8,80.4,,TO,ANP2.1,
24,COMJET-D-2,D,2,5,0.0,3726.18,0,457.2,80.97355555,,CL,ANP2.1,
25,COMJET-D-2,D,2,6,0.0,4768.16928,0,541.05048,94.50344444,,CL,ANP2.1,
26,COMJET-D-2,D,2,7,0.0,5072.96928,0,595.15248,94.76066667,,CL,ANP2.1,
27,COMJET-D-2,D,2,8,0.0,6872.23416,0,914.4,96.25255555,,CL,ANP2.1,
28,COMJET-D-2,D,2,9,0.0,12380.15304,0,1334.8716,137.2537778,,CL,ANP2.1,
29,COMJET-D-2,D,2,10,0.0,14901.15384,0,1676.4,139.6202222,,CL,ANP2.1,
30,COMJET-D-2,D,2,11,0.0,19598.54856,0,2286.0,143.9415556,,CL,ANP2.1,
31,COMJET-D-2,D,2,12,0.0,25917.2964,0,3048.0,149.6518889,,CL,ANP2.1,
32,COMJET-D-3,D,3,1,0.0,0.0,0,0.0,0.0,,TO,ANP2.1,
33,COMJET-D-3,D,3,2,0.0,861.45624,0,0.0,71.55922222,,TO,ANP2.1,
34,COMJET-D-3,D,3,3,0.0,1499.0064,0,59.67984,79.43022222,,TO,ANP2.1,
35,COMJET-D-3,D,3,4,0.0,2872.3,0,304.8,80.4,,TO,ANP2.1,
36,COMJET-D-3,D,3,5,0.0,3726.18,0,457.2,80.97355555,,CL,ANP2.1,
37,COMJET-D-3,D,3,6,0.0,4768.16928,0,541.05048,94.50344444,,CL,ANP2.1,
38,COMJET-D-3,D,3,7,0.0,5072.96928,0,595.15248,94.76066667,,CL,ANP2.1,
39,COMJET-D-3,D,3,8,0.0,6872.23416,0,914.4,96.25255555,,CL,ANP2.1,
40,COMJET-D-3,D,3,9,0.0,12380.15304,0,1334.8716,137.2537778,,CL,ANP2.1,
41,COMJET-D-3,D,3,10,0.0,14901.15384,0,1676.4,139.6202222,,CL,ANP2.1,
42,COMJET-D-3,D,3,11,0.0,19598.54856,0,2286.0,143.9415556,,CL,ANP2.1,
43,COMJET-D-3,D,3,12,0.0,25917.2964,0,3048.0,149.6518889,,CL,ANP2.1,
44,COMJET-D-4,D,4,1,0.0,0.0,0,0.0,0.0,,TO,ANP2.1,
45,COMJET-D-4,D,4,2,0.0,861.45624,0,0.0,71.55922222,,TO,ANP2.1,
46,COMJET-D-4,D,4,3,0.0,1499.0064,0,59.67984,79.43022222,,TO,ANP2.1,
47,COMJET-D-4,D,4,4,0.0,2872.3,0,304.8,80.4,,TO,ANP2.1,
48,COMJET-D-4,D,4,5,0.0,3726.18,0,457.2,80.97355555,,CL,ANP2.1,
49,COMJET-D-4,D,4,6,0.0,4768.16928,0,541.05048,94.50344444,,CL,ANP2.1,
50,COMJET-D-4,D,4,7,0.0,5072.96928,0,595.15248,94.76066667,,CL,ANP2.1,
51,COMJET-D-4,D,4,8,0.0,6872.23416,0,914.4,96.25255555,,CL,ANP2.1,
52,COMJET-D-4,D,4,9,0.0,12380.15304,0,1334.8716,137.2537778,,CL,ANP2.1,
53,COMJET-D-4,D,4,10,0.0,14901.15384,0,1676.4,139.6202222,,CL,ANP2.1,
54,COMJET-D-4,D,4,11,0.0,19598.54856,0,2286.0,143.9415556,,CL,ANP2.1,
55,COMJET-D-4,D,4,12,0.0,25917.2964,0,3048.0,149.6518889,,CL,ANP2.1,
56,COMJET-D-5,D,5,1,0.0,0.0,0,0.0,0.0,,TO,ANP2.1,
57,COMJET-D-5,D,5,2,0.0,861.45624,0,0.0,71.55922222,,TO,ANP2.1,
58,COMJET-D-5,D,5,3,0.0,1499.0064,0,59.67984,79.43022222,,TO,ANP2.1,
59,COMJET-D-5,D,5,4,0.0,2872.3,0,304.8,80.4,,TO,ANP2.1,
60,COMJET-D-5,D,5,5,0.0,3726.18,0,457.2,80.97355555,,CL,ANP2.1,
61,COMJET-D-5,D,5,6,0.0,4768.16928,0,541.05048,94.50344444,,CL,ANP2.1,
62,COMJET-D-5,D,5,7,0.0,5072.96928,0,595.15248,94.76066667,,CL,ANP2.1,
63,COMJET-D-5,D,5,8,0.0,6872.23416,0,914.4,96.25255555,,CL,ANP2.1,
64,COMJET-D-5,D,5,9,0.0,12380.15304,0,1334.8716,137.2537778,,CL,ANP2.1,
65,COMJET-D-5,D,5,10,0.0,14901.15384,0,1676.4,139.6202222,,CL,ANP2.1,
66,COMJET-D-5,D,5,11,0.0,19598.54856,0,2286.0,143.9415556,,CL,ANP2.1,
67,COMJET-D-5,D,5,12,0.0,25917.2964,0,3048.0,149.6518889,,CL,ANP2.1,
68,COMJET-D-6,D,6,1,0.0,0.0,0,0.0,0.0,,TO,ANP2.1,
69,COMJET-D-6,D,6,2,0.0,861.45624,0,0.0,71.55922222,,TO,ANP2.1,
70,COMJET-D-6,D,6,3,0.0,1499.0064,0,59.67984,79.43022222,,TO,ANP2.1,
71,COMJET-D-6,D,6,4,0.0,2872.3,0,304.8,80.4,,TO,ANP2.1,
72,COMJET-D-6,D,6,5,0.0,3726.18,0,457.2,80.97355555,,CL,ANP2.1,
73,COMJET-D-6,D,6,6,0.0,4768.16928,0,541.05048,94.50344444,,CL,ANP2.1,
74,COMJET-D-6,D,6,7,0.0,5072.96928,0,595.15248,94.76066667,,CL,ANP2.1,
75,COMJET-D-6,D,6,8,0.0,6872.23416,0,914.4,96.25255555,,CL,ANP2.1,
76,COMJET-D-6,D,6,9,0.0,12380.15304,0,1334.8716,137.2537778,,CL,ANP2.1,
77,COMJET-D-6,D,6,10,0.0,14901.15384,0,1676.4,139.6202222,,CL,ANP2.1,
78,COMJET-D-6,D,6,11,0.0,19598.54856,0,2286.0,143.9415556,,CL,ANP2.1,
79,COMJET-D-6,D,6,12,0.0,25917.2964,0,3048.0,149.6518889,,CL,ANP2.1,
80,DHC-2FLT-A-1,A,1,1,0.0,-34895.57664,0,1828.8,50.62133333,,AP,ANP2.1,
81,DHC-2FLT-A-1,A,1,2,0.0,-17447.78832,0,914.4,48.40922222,,AP,ANP2.1,
82,DHC-2FLT-A-1,A,1,3,0.0,-17142.98832,0,898.42848,48.25488889,,AP,ANP2.1,
83,DHC-2FLT-A-1,A,1,4,0.0,-8723.89416,0,457.2,44.70522222,,AP,ANP2.1,
84,DHC-2FLT-A-1,A,1,5,0.0,-8419.09416,0,441.22848,44.39655556,,AP,ANP2.1,
85,DHC-2FLT-A-1,A,1,6,0.0,-5815.91928,0,304.8,41.77288889,,AP,ANP2.1,
86,DHC-2FLT-A-1,A,1,7,0.0,-5511.11928,0,288.82848,41.61855556,,AP,ANP2.1,
87,DHC-2FLT-A-1,A,1,8,0.0,-2907.97488,0,152.4,40.43533333,,AP,ANP2.1,
88,DHC-2FLT-A-1,A,1,9,0.0,-2603.17488,0,136.42848,40.38388889,,AP,ANP2.1,
89,DHC-2FLT-A-1,A,1,10,0.0,0.0,0,0.0,40.22955556,,AP,ANP2.1,
90,DHC-2FLT-A-1,A,1,11,0.0,45.72,0,0.0,36.01111111,,AP,ANP2.1,
91,DHC-2FLT-A-1,A,1,12,0.0,350.52,0,0.0,5.144444444,,AP,ANP2.1,
92,DHC-2FLT-D-1,D,1,1,0.0,0.0,0,0.0,0.0,,TO,ANP2.1,
93,DHC-2FLT-D-1,D,1,2,0.0,486.85704,0,0.0,31.38111111,,TO,ANP2.1,
94,DHC-2FLT-D-1,D,1,3,0.0,613.8672,0,10.48512,33.43888889,,TO,ANP2.1,
95,DHC-2FLT-D-1,D,1,4,0.0,1775.9172,0,152.4,33.69611111,,TO,ANP2.1,
96,DHC-2FLT-D-1,D,1,5,0.0,1954.13376,0,156.21,36.26833333,,TO,ANP2.1,
97,DHC-2FLT-D-1,D,1,6,0.0,4423.47096,0,304.8,36.52555556,,TO,ANP2.1,
98,DHC-2FLT-D-1,D,1,7,0.0,4494.18456,0,305.80584,37.60588889,,CL,ANP2.1,
99,DHC-2FLT-D-1,D,1,8,0.0,14514.39312,0,914.4,38.73766667,,CL,ANP2.1,
100,DHC-2FLT-D-1,D,1,9,0.0,14819.19312,0,923.20872,38.73766667,,CL,ANP2.1,
101,DHC-2FLT-D-1,D,1,10,0.0,40848.35112,0,1676.4,40.22955556,,CL,ANP2.1,
102,DHC-2FLT-D-1,D,1,11,0.0,68395.10832,0,2286.0,41.46422222,,CL,ANP2.1,
103,DHC-2FLT-D-1,D,1,12,0.0,117717.2652,0,3048.0,43.11044444,,CL,ANP2.1,
104,GASEPF-A-1,A,1,1,0.0,-34895.57664,0,1828.8,56.28022222,,AP,ANP2.1,
105,GASEPF-A-1,A,1,2,0.0,-17447.78832,0,914.4,36.93711111,,AP,ANP2.1,
106,GASEPF-A-1,A,1,3,0.0,-8723.89416,0,457.2,30.86666667,,AP,ANP2.1,
107,GASEPF-A-1,A,1,4,0.0,-5815.91928,0,304.8,30.66088889,,AP,ANP2.1,
108,GASEPF-A-1,A,1,5,0.0,0.0,0,0.0,30.19788889,,AP,ANP2.1,
109,GASEPF-A-1,A,1,6,0.0,14.38656,0,0.0,28.65455556,,AP,ANP2.1,
110,GASEPF-A-1,A,1,7,0.0,143.8656,0,0.0,15.43333333,,AP,ANP2.1,
111,GASEPF-A-2,A,2,1,0.0,-20903.27544,0,1828.8,56.28022222,,AP,ANP2.1,
112,GASEPF-A-2,A,2,2,0.0,-10451.65296,0,914.4,36.93711111,,AP,ANP2.1,
113,GASEPF-A-2,A,2,3,0.0,-5225.82648,0,457.2,30.86666667,,AP,ANP2.1,
114,GASEPF-A-2,A,2,4,0.0,-3483.89448,0,304.8,30.66088889,,AP,ANP2.1,
115,GASEPF-A-2,A,2,5,0.0,0.0,0,0.0,30.19788889,,AP,ANP2.1,
116,GASEPF-A-2,A,2,6,0.0,14.38656,0,0.0,28.65455556,,AP,ANP2.1,
117,GASEPF-A-2,A,2,7,0.0,143.8656,0,0.0,15.43333333,,AP,ANP2.1,
118,GASEPF-D-1,D,1,1,0.0,0.0,0,0.0,0.0,,TO,ANP2.1,
119,GASEPF-D-1,D,1,2,0.0,225.03384,0,0.0,31.947,,TO,ANP2.1,
120,GASEPF-D-1,D,1,3,0.0,522.03096,0,15.66672,37.60588889,,TO,ANP2.1,
121,GASEPF-D-1,D,1,4,0.0,3665.09808,0,304.8,38.12033333,,TO,ANP2.1,
122,GASEPF-D-1,D,1,5,0.0,4326.57504,0,334.57896,43.36766667,,CL,ANP2.1,
123,GASEPF-D-1,D,1,6,0.0,4631.37504,0,354.05568,43.41911111,,CL,ANP2.1,
124,GASEPF-D-1,D,1,7,0.0,13406.99376,0,914.4,44.65377778,,CL,ANP2.1,
125,GASEPF-D-1,D,1,8,0.0,26678.59536,0,1676.4,46.35144444,,CL,ANP2.1,
126,GASEPF-D-1,D,1,9,0.0,38641.23336,0,2286.0,47.79188889,,CL,ANP2.1,
127,GASEPF-D-1,D,1,10,0.0,55717.04376,0,3048.0,49.69533333,,CL,ANP2.1,
128,GASEPF-D-2,D,2,1,0.0,0.0,0,0.0,0.0,,TO,ANP2.1,
129,GASEPF-D-2,D,2,2,0.0,225.03384,0,0.0,31.947,,TO,ANP2.1,
130,GASEPF-D-2,D,2,3,0.0,522.03096,0,15.66672,37.60588889,,TO,ANP2.1,
131,GASEPF-D-2,D,2,4,0.0,3665.09808,0,304.8,38.12033333,,TO,ANP2.1,
132,GASEPF-D-2,D,2,5,0.0,4326.57504,0,334.57896,43.36766667,,CL,ANP2.1,
133,GASEPF-D-2,D,2,6,0.0,4631.37504,0,354.05568,43.41911111,,CL,ANP2.1,
134,GASEPF-D-2,D,2,7,0.0,13406.99376,0,914.4,44.65377778,,CL,ANP2.1,
135,GASEPF-D-2,D,2,8,0.0,26678.59536,0,1676.4,46.35144444,,CL,ANP2.1,
136,GASEPF-D-2,D,2,9,0.0,38641.23336,0,2286.0,47.79188889,,CL,ANP2.1,
137,GASEPF-D-2,D,2,10,0.0,55717.04376,0,3048.0,49.69533333,,CL,ANP2.1,
138,707-A-1,A,1,1,79378.6,-34895.6376,0,1828.8,128.611,0.059288538,AP,ANP2.2,
139,707-A-1,A,1,2,79378.6,-17447.6664,0,914.4,63.791056,0.351778656,AP,ANP2.2,
140,707-A-1,A,1,3,79378.6,-8723.9856,0,457.2,63.791056,0.354249012,AP,ANP2.2,
141,707-A-1,A,1,4,79378.6,-5815.8888,0,304.8,63.791056,0.354249012,AP,ANP2.2,
142,707-A-1,A,1,5,79378.6,0.0,0,0.0,63.791056,0.354249012,AP,ANP2.2,
143,707-A-1,A,1,6,79378.6,154.2288,0,0.0,63.791056,0.4,AP,ANP2.2,
144,707-A-1,A,1,7,79378.6,1542.288,0,0.0,15.43332,0.099802372,AP,ANP2.2,
145,707-D-1,D,1,1,79378.6,0.0,0,0.0,18.00554,1.0,TO,ANP2.2,
146,707-D-1,D,1,2,79378.6,1207.9224,0,0.0,72.536604,1.0,TO,ANP2.2,
147,707-D-1,D,1,3,79378.6,3613.7088,0,304.8,72.536604,1.0,TO,ANP2.2,
148,707-D-1,D,1,4,79378.6,4593.6408,0,384.6576,77.681044,1.0,CL,ANP2.2,
149,707-D-1,D,1,5,79378.6,4898.4408,0,407.2128,79.224376,0.9,CL,ANP2.2,
150,707-D-1,D,1,6,79378.6,6661.0992,0,531.2664,87.969924,0.9,CL,ANP2.2,
151,707-D-1,D,1,7,79378.6,7975.7016,0,622.7064,98.258804,0.9,CL,ANP2.2,
152,707-D-1,D,1,8,79378.6,10243.4136,0,914.4,98.258804,0.9,CL,ANP2.2,
153,707-D-1,D,1,9,79378.6,15249.7536,0,1183.8432,128.611,0.9,CL,ANP2.2,
154,707-D-1,D,1,10,79378.6,19713.8544,0,1676.4,128.611,0.9,CL,ANP2.2,
155,707-D-1,D,1,11,79378.6,25839.42,0,2286.0,128.611,0.9,CL,ANP2.2,
156,707-D-1,D,1,12,79378.6,34603.944,0,3048.0,128.611,0.9,CL,ANP2.2,
157,707-D-2,D,2,1,83914.52,0.0,0,0.0,18.00554,1.0,TO,ANP2.2,
158,707-D-2,D,2,2,83914.52,1349.9592,0,0.0,74.59438,1.0,TO,ANP2.2,
159,707-D-2,D,2,3,83914.52,4019.7024,0,304.8,74.59438,1.0,TO,ANP2.2,
160,707-D-2,D,2,4,83914.52,5113.6296,0,384.3528,79.73882,1.0,CL,ANP2.2,
161,707-D-2,D,2,5,83914.52,5418.4296,0,404.4696,81.282152,0.9,CL,ANP2.2,
162,707-D-2,D,2,6,83914.52,7285.6344,0,527.6088,90.0277,0.9,CL,ANP2.2,
163,707-D-2,D,2,7,83914.52,8787.6888,0,616.0008,100.31658,0.9,CL,ANP2.2,
164,707-D-2,D,2,8,83914.52,11308.08,0,914.4,100.31658,0.9,CL,ANP2.2,
165,707-D-2,D,2,9,83914.52,16340.328,0,1160.3736,128.611,0.9,CL,ANP2.2,
166,707-D-2,D,2,10,83914.52,21415.5528,0,1676.4,128.611,0.9,CL,ANP2.2,
167,707-D-2,D,2,11,83914.52,28096.464,0,2286.0,128.611,0.9,CL,ANP2.2,
168,707-D-2,D,2,12,83914.52,37696.14,0,3048.0,128.611,0.9,CL,ANP2.2,
169,707-D-3,D,3,1,90718.4,0.0,0,0.0,18.00554,1.0,TO,ANP2.2,
170,707-D-3,D,3,2,90718.4,1577.6448,0,0.0,76.652156,1.0,TO,ANP2.2,
171,707-D-3,D,3,3,90718.4,4689.9576,0,304.8,76.652156,1.0,TO,ANP2.2,
172,707-D-3,D,3,4,90718.4,5833.2624,0,370.9416,81.796596,1.0,CL,ANP2.2,
173,707-D-3,D,3,5,90718.4,6138.0624,0,387.096,83.339928,0.9,CL,ANP2.2,
174,707-D-3,D,3,6,90718.4,8050.9872,0,487.68,92.085476,0.9,CL,ANP2.2,
175,707-D-3,D,3,7,90718.4,9605.772,0,560.832,102.374356,0.9,CL,ANP2.2,
176,707-D-3,D,3,8,90718.4,12950.6472,0,914.4,102.374356,0.9,CL,ANP2.2,
177,707-D-3,D,3,9,90718.4,17864.6328,0,1109.1672,128.611,0.9,CL,ANP2.2,
178,707-D-3,D,3,10,90718.4,24133.4544,0,1676.4,128.611,0.9,CL,ANP2.2,
179,707-D-3,D,3,11,90718.4,31714.1352,0,2286.0,128.611,0.9,CL,ANP2.2,
180,707-D-3,D,3,12,90718.4,42682.9728,0,3048.0,128.611,0.9,CL,ANP2.2,
181,707-D-4,D,4,1,99790.24,0.0,0,0.0,18.00554,1.0,TO,ANP2.2,
182,707-D-4,D,4,2,99790.24,1908.9624,0,0.0,80.253264,1.0,TO,ANP2.2,
183,707-D-4,D,4,3,99790.24,5727.4968,0,304.8,80.253264,1.0,TO,ANP2.2,
184,707-D-4,D,4,4,99790.24,7322.82,0,383.1336,85.397704,1.0,CL,ANP2.2,
185,707-D-4,D,4,5,99790.24,7627.62,0,396.8496,86.426592,0.9,CL,ANP2.2,
186,707-D-4,D,4,6,99790.24,10214.4576,0,512.9784,95.686584,0.9,CL,ANP2.2,
187,707-D-4,D,4,7,99790.24,12085.32,0,588.5688,105.975464,0.9,CL,ANP2.2,
188,707-D-4,D,4,8,99790.24,15690.1896,0,914.4,105.975464,0.9,CL,ANP2.2,
189,707-D-4,D,4,9,99790.24,20743.4688,0,1089.66,128.611,0.9,CL,ANP2.2,
190,707-D-4,D,4,10,99790.24,28000.452,0,1676.4,128.611,0.9,CL,ANP2.2,
191,707-D-4,D,4,11,99790.24,37228.8816,0,2286.0,128.611,0.9,CL,ANP2.2,
192,707-D-4,D,4,12,99790.24,50279.5032,0,3048.0,128.611,0.9,CL,ANP2.2,
193,707-D-5,D,5,1,111130.04,0.0,0,0.0,18.00554,1.0,TO,ANP2.2,
194,707-D-5,D,5,2,111130.04,2367.3816,0,0.0,83.854372,1.0,TO,ANP2.2,
195,707-D-5,D,5,3,111130.04,7319.1624,0,304.8,83.854372,1.0,TO,ANP2.2,
196,707-D-5,D,5,4,111130.04,9254.6424,0,373.0752,88.998812,1.0,CL,ANP2.2,
197,707-D-5,D,5,5,111130.04,9559.4424,0,388.9248,90.0277,0.9,CL,ANP2.2,
198,707-D-5,D,5,6,111130.04,12538.2528,0,479.4504,99.287692,0.9,CL,ANP2.2,
199,707-D-5,D,5,7,111130.04,14606.6256,0,539.8008,109.576572,0.9,CL,ANP2.2,
200,707-D-5,D,5,8,111130.04,19555.3584,0,914.4,109.576572,0.9,CL,ANP2.2,
201,707-D-5,D,5,9,111130.04,24305.9712,0,1036.0152,128.611,0.9,CL,ANP2.2,
202,707-D-5,D,5,10,111130.04,34205.2656,0,1676.4,128.611,0.9,CL,ANP2.2,
203,707-D-5,D,5,11,111130.04,45091.1976,0,2286.0,128.611,0.9,CL,ANP2.2,
204,707-D-5,D,5,12,111130.04,61264.8,0,3048.0,128.611,0.9,CL,ANP2.2,
205,707-D-6,D,6,1,116573.144,0.0,0,0.0,18.00554,1.0,TO,ANP2.2,
206,707-D-6,D,6,2,116573.144,2605.1256,0,0.0,85.397704,1.0,TO,ANP2.2,
207,707-D-6,D,6,3,116573.144,8238.744,0,304.8,85.397704,1.0,TO,ANP2.2,
208,707-D-6,D,6,4,116573.144,11064.5448,0,402.6408,90.542144,1.0,CL,ANP2.2,
209,707-D-6,D,6,5,116573.144,11369.3448,0,412.3944,91.056588,0.9,CL,ANP2.2,
210,707-D-6,D,6,6,116573.144,15384.1704,0,540.4104,100.831024,0.9,CL,ANP2.2,
211,707-D-6,D,6,7,116573.144,17812.8168,0,610.2096,111.119904,0.9,CL,ANP2.2,
212,707-D-6,D,6,8,116573.144,22221.1392,0,914.4,111.119904,0.9,CL,ANP2.2,
213,707-D-6,D,6,9,116573.144,27241.5,0,1042.1112,128.611,0.9,CL,ANP2.2,
214,707-D-6,D,6,10,116573.144,37958.8776,0,1676.4,128.611,0.9,CL,ANP2.2,
215,707-D-6,D,6,11,116573.144,49924.1064,0,2286.0,128.611,0.9,CL,ANP2.2,
216,707-D-6,D,6,12,116573.144,67861.8912,0,3048.0,128.611,0.9,CL,ANP2.2,
217,737-A-1,A,1,1,37194.544,-34895.57664,0,1828.8,139.928768,0.051310345,AP,ANP2.2,
218,737-A-1,A,1,2,37194.544,-17752.58832,0,930.37152,92.0340316,0.045964828,AP,ANP2.2,
219,737-A-1,A,1,3,37194.544,-17447.78832,0,914.4,90.9536992,0.117102069,AP,ANP2.2,
220,737-A-1,A,1,4,37194.544,-9028.69416,0,473.17152,71.1990496,0.111037931,AP,ANP2.2,
221,737-A-1,A,1,5,37194.544,-8723.89416,0,457.2,70.3759392,0.200571724,AP,ANP2.2,
222,737-A-1,A,1,6,37194.544,-6120.71928,0,320.77152,68.5239408,0.197323448,AP,ANP2.2,
223,737-A-1,A,1,7,37194.544,-5815.91928,0,304.8,68.3181632,0.234234483,AP,ANP2.2,
224,737-A-1,A,1,8,37194.544,-304.8,0,15.97152,67.3407196,0.226317241,AP,ANP2.2,
225,737-A-1,A,1,9,37194.544,0.0,0,0.0,67.2892752,0.225926207,AP,ANP2.2,
226,737-A-1,A,1,10,37194.544,77.90688,0,0.0,63.8939448,0.4,AP,ANP2.2,
227,737-A-1,A,1,11,37194.544,701.16192,0,0.0,15.3304312,0.1,AP,ANP2.2,
228,737-D-1,D,1,1,37194.544,0.0,0,0.0,0.0,0.95488,TO,ANP2.2,
229,737-D-1,D,1,2,37194.544,930.88968,0,0.0,69.707162,0.873882759,TO,ANP2.2,
230,737-D-1,D,1,3,37194.544,2287.31064,0,304.8,70.73605,0.871850345,TO,ANP2.2,
231,737-D-1,D,1,4,37194.544,2892.27768,0,396.78864,76.1891564,0.865366897,CL,ANP2.2,
232,737-D-1,D,1,5,37194.544,3821.24712,0,490.4232,89.6161448,0.849851724,CL,ANP2.2,
233,737-D-1,D,1,6,37194.544,4032.77832,0,528.70608,89.770478,0.781622069,CL,ANP2.2,
234,737-D-1,D,1,7,37194.544,5261.39664,0,566.98896,110.4511268,0.760033103,CL,ANP2.2,
235,737-D-1,D,1,8,37194.544,7255.64208,0,914.4,112.3545696,0.757771724,CL,ANP2.2,
236,737-D-1,D,1,9,37194.544,9287.28648,0,1002.12144,134.3213284,0.735296552,CL,ANP2.2,
237,737-D-1,D,1,10,37194.544,13795.33944,0,1676.4,138.8484356,0.730651034,CL,ANP2.2,
238,737-D-1,D,1,11,37194.544,18414.85776,0,2286.0,143.1697652,0.726202759,CL,ANP2.2,
239,737-D-1,D,1,12,37194.544,25067.72736,0,3048.0,148.8286492,0.720310345,CL,ANP2.2,
240,737-D-2,D,2,1,38555.32,0.0,0,0.0,0.0,0.95488,TO,ANP2.2,
241,737-D-2,D,2,2,38555.32,1001.90808,0,0.0,70.9418276,0.872414483,TO,ANP2.2,
242,737-D-2,D,2,3,38555.32,2435.47392,0,304.8,71.9707156,0.870381379,TO,ANP2.2,
243,737-D-2,D,2,4,38555.32,3119.9328,0,403.15896,77.7324884,0.863538621,CL,ANP2.2,
244,737-D-2,D,2,5,38555.32,4117.17744,0,498.1956,91.2109212,0.848013103,CL,ANP2.2,
245,737-D-2,D,2,6,38555.32,4337.6088,0,536.08224,91.3652544,0.779933103,CL,ANP2.2,
246,737-D-2,D,2,7,38555.32,5553.05976,0,573.96888,110.5025712,0.759988276,CL,ANP2.2,
247,737-D-2,D,2,8,38555.32,7609.57584,0,914.4,112.3545696,0.757771724,CL,ANP2.2,
248,737-D-2,D,2,9,38555.32,9786.18312,0,1008.36984,134.3727728,0.735254483,CL,ANP2.2,
249,737-D-2,D,2,10,38555.32,14494.85544,0,1676.4,138.8484356,0.730651034,CL,ANP2.2,
250,737-D-2,D,2,11,38555.32,19370.89344,0,2286.0,143.1697652,0.726202759,CL,ANP2.2,
251,737-D-2,D,2,12,38555.32,26410.158,0,3048.0,148.8286492,0.720310345,CL,ANP2.2,
252,737-D-3,D,3,1,41730.464,0.0,0,0.0,0.0,0.95488,TO,ANP2.2,
253,737-D-3,D,3,2,41730.464,1178.2044,0,0.0,73.822714,0.869085517,TO,ANP2.2,
254,737-D-3,D,3,3,41730.464,2801.32536,0,304.8,74.9030464,0.867053103,TO,ANP2.2,
255,737-D-3,D,3,4,41730.464,3559.9116,0,401.45208,80.3561528,0.860575862,CL,ANP2.2,
256,737-D-3,D,3,5,41730.464,4715.5608,0,499.59768,93.8345856,0.845028966,CL,ANP2.2,
257,737-D-3,D,3,6,41730.464,4964.03376,0,537.78912,94.0403632,0.777185517,CL,ANP2.2,
258,737-D-3,D,3,7,41730.464,6179.24088,0,575.95008,110.5025712,0.759975172,CL,ANP2.2,
259,737-D-3,D,3,8,41730.464,8469.20328,0,914.4,112.3545696,0.757771724,CL,ANP2.2,
260,737-D-3,D,3,9,41730.464,11025.74376,0,1024.7376,134.4756616,0.735145517,CL,ANP2.2,
261,737-D-3,D,3,10,41730.464,16201.21728,0,1676.4,138.8484356,0.730651034,CL,ANP2.2,
262,737-D-3,D,3,11,41730.464,21711.02592,0,2286.0,143.1697652,0.726202759,CL,ANP2.2,
263,737-D-3,D,3,12,41730.464,29714.0376,0,3048.0,148.8286492,0.720310345,CL,ANP2.2,
264,737-D-4,D,4,1,45359.2,0.0,0,0.0,0.0,0.95488,TO,ANP2.2,
265,737-D-4,D,4,2,45359.2,1397.87376,0,0.0,76.9608224,0.865433103,TO,ANP2.2,
266,737-D-4,D,4,3,45359.2,3256.11744,0,304.8,78.0925992,0.86340069,TO,ANP2.2,
267,737-D-4,D,4,4,45359.2,4149.73008,0,404.37816,83.4942612,0.856986897,CL,ANP2.2,
268,737-D-4,D,4,5,45359.2,5511.48504,0,506.05944,97.0241384,0.841415172,CL,ANP2.2,
269,737-D-4,D,4,6,45359.2,5782.6656,0,542.90976,97.1784716,0.773868966,CL,ANP2.2,
270,737-D-4,D,4,7,45359.2,6945.23376,0,579.76008,110.5025712,0.759951034,CL,ANP2.2,
271,737-D-4,D,4,8,45359.2,9505.88904,0,914.4,112.3545696,0.757771724,CL,ANP2.2,
272,737-D-4,D,4,9,45359.2,12585.86256,0,1047.23184,134.6299948,0.734994483,CL,ANP2.2,
273,737-D-4,D,4,10,45359.2,18281.62968,0,1676.4,138.8484356,0.730651034,CL,ANP2.2,
274,737-D-4,D,4,11,45359.2,24583.46112,0,2286.0,143.1697652,0.726202759,CL,ANP2.2,
275,737-D-4,D,4,12,45359.2,33808.99512,0,3048.0,148.8286492,0.720310345,CL,ANP2.2,
276,7478-A-1,A,1,1,304405.5912,-49865.7372,0,1828.8,156.0308652,0.029173824,AP,ANP2.2,
277,7478-A-1,A,1,2,304405.5912,-32417.94888,0,914.4,149.4974264,0.019051471,AP,ANP2.2,
278,7478-A-1,A,1,3,304405.5912,-23370.75336,0,914.4,116.778788,0.036169559,AP,ANP2.2,
279,7478-A-1,A,1,4,304405.5912,-20355.12312,0,914.4,99.544914,0.045176029,AP,ANP2.2,
280,7478-A-1,A,1,5,304405.5912,-19435.38912,0,914.4,93.4230304,0.048392647,AP,ANP2.2,
281,7478-A-1,A,1,6,304405.5912,-18383.21952,0,914.4,84.2144828,0.053203676,AP,ANP2.2,
282,7478-A-1,A,1,7,304405.5912,-18078.41952,0,914.4,84.2144828,0.209654706,AP,ANP2.2,
283,7478-A-1,A,1,8,304405.5912,-17752.58832,0,914.4,84.2144828,0.209654706,AP,ANP2.2,
284,7478-A-1,A,1,9,304405.5912,-17447.78832,0,914.4,84.2144828,0.259456029,AP,ANP2.2,
285,7478-A-1,A,1,10,304405.5912,-304.8,0,15.97152,80.1503752,0.232962794,AP,ANP2.2,
286,7478-A-1,A,1,11,304405.5912,0.0,0,0.0,80.0989308,0.232547647,AP,ANP2.2,
287,7478-A-1,A,1,12,304405.5912,187.63488,0,0.0,76.9608224,0.1,AP,ANP2.2,
288,7478-A-1,A,1,13,304405.5912,1688.71392,0,0.0,15.3304312,0.1,AP,ANP2.2,
289,JET-LARGE-D-5,D,1,1,304405.5912,0.0,0,0.0,0.0,0.945334853,TO,ANP2.2,
290,JET-LARGE-D-5,D,1,2,304405.5912,1280.89152,0,0.0,85.8607036,0.782364265,TO,ANP2.2,
291,JET-LARGE-D-5,D,1,3,304405.5912,3226.308,0,457.2,87.7641464,0.793140441,TO,ANP2.2,
292,JET-LARGE-D-5,D,1,4,304405.5912,3531.108,0,509.35128,87.969924,0.665589265,CL,ANP2.2,
293,JET-LARGE-D-5,D,1,5,304405.5912,5898.15432,0,914.4,89.7190336,0.68064,CL,ANP2.2,
294,JET-LARGE-D-5,D,1,6,304405.5912,9389.91264,0,1171.0416,119.1966748,0.659135,CL,ANP2.2,
295,JET-LARGE-D-5,D,1,7,304405.5912,11962.69896,0,1357.884,136.6877708,0.647999412,CL,ANP2.2,
296,JET-LARGE-D-5,D,1,8,304405.5912,12457.90752,0,1432.56,137.2022148,0.650532059,CL,ANP2.2,
297,JET-LARGE-D-5,D,1,9,304405.5912,15214.2444,0,1670.4564,153.2528676,0.643180588,CL,ANP2.2,
298,JET-LARGE-D-5,D,1,10,304405.5912,24864.73056,0,3048.0,164.3134136,0.683591176,CL,ANP2.2,
299,JET-LARGE-D-6,D,2,1,313522.7904,0.0,0,0.0,0.0,0.945334853,TO,ANP2.2,
300,JET-LARGE-D-6,D,2,2,313522.7904,1362.97416,0,0.0,87.1468136,0.779941618,TO,ANP2.2,
301,JET-LARGE-D-6,D,2,3,313522.7904,3402.45192,0,457.2,89.0502564,0.790717941,TO,ANP2.2,
302,JET-LARGE-D-6,D,2,4,313522.7904,3707.25192,0,506.85192,89.256034,0.664031912,CL,ANP2.2,
303,JET-LARGE-D-6,D,2,5,313522.7904,6209.0808,0,914.4,91.056588,0.679178235,CL,ANP2.2,
304,JET-LARGE-D-6,D,2,6,313522.7904,9715.07328,0,1160.34312,119.1452304,0.658761029,CL,ANP2.2,
305,JET-LARGE-D-6,D,2,7,313522.7904,12631.30824,0,1374.25176,139.0027688,0.646212206,CL,ANP2.2,
306,JET-LARGE-D-6,D,2,8,313522.7904,13250.53992,0,1463.04,139.6201016,0.649213088,CL,ANP2.2,
307,JET-LARGE-D-6,D,2,9,313522.7904,15589.78848,0,1656.70992,152.5840904,0.643318088,CL,ANP2.2,
308,JET-LARGE-D-6,D,2,10,313522.7904,25723.80936,0,3048.0,163.7475252,0.6841775,CL,ANP2.2,
309,7478-D-3,D,3,1,323547.1736,0.0,0,0.0,0.0,0.945334853,TO,ANP2.2,
310,7478-D-3,D,3,2,323547.1736,1456.39536,0,0.0,88.484368,0.777318382,TO,ANP2.2,
311,7478-D-3,D,3,3,323547.1736,3602.30928,0,457.2,90.4906996,0.788094559,TO,ANP2.2,
312,7478-D-3,D,3,4,323547.1736,3907.10928,0,504.26112,90.6964772,0.662350735,CL,ANP2.2,
313,7478-D-3,D,3,5,323547.1736,6562.61832,0,914.4,92.4970312,0.677595147,CL,ANP2.2,
314,7478-D-3,D,3,6,323547.1736,9844.21704,0,1148.60832,119.0423416,0.658349412,CL,ANP2.2,
315,7478-D-3,D,3,7,323547.1736,12988.65576,0,1369.13112,139.5172128,0.645451912,CL,ANP2.2,
316,7478-D-3,D,3,8,323547.1736,13006.54752,0,1371.6,139.5172128,0.645535441,CL,ANP2.2,
317,7478-D-3,D,3,9,323547.1736,15290.41392,0,1554.44952,151.8124244,0.639952353,CL,ANP2.2,
318,7478-D-3,D,3,10,323547.1736,26593.83048,0,3048.0,163.7475252,0.6841775,CL,ANP2.2,
319,7478-D-4,D,4,1,341282.6208,0.0,0,0.0,0.0,0.945334853,TO,ANP2.2,
320,7478-D-4,D,4,2,341282.6208,1629.94848,0,0.0,90.9022548,0.772774853,TO,ANP2.2,
321,7478-D-4,D,4,3,341282.6208,3972.33648,0,457.2,92.9085864,0.783551029,TO,ANP2.2,
322,7478-D-4,D,4,4,341282.6208,4277.13648,0,500.11584,93.114364,0.659450147,CL,ANP2.2,
323,7478-D-4,D,4,5,341282.6208,7219.85856,0,914.4,95.0178068,0.674853529,CL,ANP2.2,
324,7478-D-4,D,4,6,341282.6208,10714.81728,0,1127.82096,118.9394528,0.657619412,CL,ANP2.2,
325,7478-D-4,D,4,7,341282.6208,14324.44176,0,1347.85608,139.3628796,0.644726618,CL,ANP2.2,
326,7478-D-4,D,4,8,341282.6208,16692.28056,0,1493.61144,151.3494248,0.637925882,CL,ANP2.2,
327,7478-D-4,D,4,9,341282.6208,29337.64008,0,3048.0,163.7475252,0.6841775,CL,ANP2.2,
328,7478-D-5,D,5,1,363327.192,0.0,0,0.0,0.0,0.945334853,TO,ANP2.2,
329,7478-D-5,D,5,2,363327.192,1860.52968,0,0.0,93.7831412,0.767288971,TO,ANP2.2,
330,7478-D-5,D,5,3,363327.192,4463.1864,0,457.2,95.8923616,0.778065147,TO,ANP2.2,
331,7478-D-5,D,5,4,363327.192,4767.9864,0,495.54384,96.0466948,0.655965294,CL,ANP2.2,
332,7478-D-5,D,5,5,363327.192,8097.89592,0,914.4,98.0530264,0.671543088,CL,ANP2.2,
333,7478-D-5,D,5,6,363327.192,11249.77176,0,1102.0044,118.7851196,0.656709265,CL,ANP2.2,
334,7478-D-5,D,5,7,363327.192,14944.6488,0,1321.42992,139.157102,0.6438225,CL,ANP2.2,
335,7478-D-5,D,5,8,363327.192,17594.82384,0,1503.24312,151.4523136,0.638247794,CL,ANP2.2,
336,7478-D-5,D,5,9,363327.192,31362.73128,0,3048.0,163.7475252,0.6841775,CL,ANP2.2,
337,7478-D-6,D,6,1,387095.4128,0.0,0,0.0,0.0,0.945334853,TO,ANP2.2,
338,7478-D-6,D,6,2,387095.4128,2127.77832,0,0.0,96.8183608,0.7615575,TO,ANP2.2,
339,7478-D-6,D,6,3,387095.4128,5033.37576,0,457.2,98.9790256,0.772333676,TO,ANP2.2,
340,7478-D-6,D,6,4,387095.4128,5338.17576,0,491.21568,99.1333588,0.652342059,CL,ANP2.2,
341,7478-D-6,D,6,5,387095.4128,9128.63808,0,914.4,101.1911348,0.668084559,CL,ANP2.2,
342,7478-D-6,D,6,6,387095.4128,12664.44,0,1102.88832,121.4602284,0.653809118,CL,ANP2.2,
343,7478-D-6,D,6,7,387095.4128,16199.54088,0,1292.93112,138.9513244,0.642844118,CL,ANP2.2,
344,7478-D-6,D,6,8,387095.4128,19555.23648,0,1503.15168,153.0985344,0.636486029,CL,ANP2.2,
345,7478-D-6,D,6,9,387095.4128,34745.58456,0,3048.0,165.4966348,0.682418676,CL,ANP2.2,
346,7478-D-7,D,7,1,412451.2056,0.0,0,0.0,0.0,0.945334853,TO,ANP2.2,
347,7478-D-7,D,7,2,412451.2056,2434.55952,0,0.0,99.9564692,0.755633971,TO,ANP2.2,
348,7478-D-7,D,7,3,412451.2056,5692.47528,0,457.2,102.1685784,0.766410147,TO,ANP2.2,
349,7478-D-7,D,7,4,412451.2056,5997.27528,0,487.19232,102.3229116,0.648613824,CL,ANP2.2,
350,7478-D-7,D,7,5,412451.2056,10336.89576,0,914.4,104.432132,0.664510147,CL,ANP2.2,
351,7478-D-7,D,7,6,412451.2056,13658.66712,0,1073.10936,121.3058952,0.652755147,CL,ANP2.2,
352,7478-D-7,D,7,7,412451.2056,17546.1168,0,1262.54256,138.7455468,0.641795882,CL,ANP2.2,
353,7478-D-7,D,7,8,412451.2056,21203.99112,0,1472.00112,152.8413124,0.635443676,CL,ANP2.2,
354,7478-D-7,D,7,9,412451.2056,38251.1808,0,3048.0,165.4966348,0.682418676,CL,ANP2.2,
355,7478-D-8,D,8,1,439530.648,0.0,0,0.0,0.0,0.945334853,TO,ANP2.2,
356,7478-D-8,D,8,2,439530.648,2787.30456,0,0.0,103.146022,0.749505588,TO,ANP2.2,
357,7478-D-8,D,8,3,439530.648,6695.14536,0,457.2,105.46102,0.760281765,TO,ANP2.2,
358,7478-D-8,D,8,4,439530.648,6999.94536,0,481.8888,105.5639088,0.644712059,CL,ANP2.2,
359,7478-D-8,D,8,5,439530.648,12342.90648,0,914.4,107.8274624,0.660812206,CL,ANP2.2,
360,7478-D-8,D,8,6,439530.648,16035.80232,0,1070.64048,123.981004,0.649736912,CL,ANP2.2,
361,7478-D-8,D,8,7,439530.648,21344.01624,0,1300.09392,144.4558752,0.637227794,CL,ANP2.2,
362,7478-D-8,D,8,8,439530.648,24067.25184,0,1440.57624,153.7158672,0.633214706,CL,ANP2.2,
363,7478-D-8,D,8,9,439530.648,43313.20776,0,3048.0,166.679856,0.681246176,CL,ANP2.2,
364,7478-D-9,D,9,1,447695.304,0.0,0,0.0,0.0,0.945334853,TO,ANP2.2,
365,7478-D-9,D,9,2,447695.304,2898.83088,0,0.0,104.1234656,0.747695147,TO,ANP2.2,
366,7478-D-9,D,9,3,447695.304,6948.678,0,457.2,106.4384636,0.758471324,TO,ANP2.2,
367,7478-D-9,D,9,4,447695.304,7253.478,0,480.88296,106.5413524,0.643582059,CL,ANP2.2,
368,7478-D-9,D,9,5,447695.304,12829.45872,0,914.4,108.804906,0.659719706,CL,ANP2.2,
369,7478-D-9,D,9,6,447695.304,16417.25952,0,1061.03928,123.9295596,0.649395882,CL,ANP2.2,
370,7478-D-9,D,9,7,447695.304,21884.39616,0,1290.24888,144.4044308,0.636888971,CL,ANP2.2,
371,7478-D-9,D,9,8,447695.304,24680.02176,0,1430.5788,153.6644228,0.632877059,CL,ANP2.2,
372,7478-D-9,D,9,9,447695.304,44619.64152,0,3048.0,166.679856,0.681246176,CL,ANP2.2,
373,707120-A-1,A,1,1,79378.6,-34895.6376,0,1828.8,128.611,0.035016835,AP,ANP2.2,
374,707120-A-1,A,1,2,79378.6,-17447.6664,0,914.4,63.791056,0.23973064,AP,ANP2.2,
375,707120-A-1,A,1,3,79378.6,-8723.9856,0,457.2,63.791056,0.241414141,AP,ANP2.2,
376,707120-A-1,A,1,4,79378.6,-5815.8888,0,304.8,63.791056,0.241414141,AP,ANP2.2,
377,707120-A-1,A,1,5,79378.6,0.0,0,0.0,63.791056,0.241414141,AP,ANP2.2,
378,707120-A-1,A,1,6,79378.6,160.02,0,0.0,63.791056,0.4,AP,ANP2.2,
379,707120-A-1,A,1,7,79378.6,1600.2,0,0.0,15.43332,0.1,AP,ANP2.2,
380,707120-D-1,D,1,1,79378.6,0.0,0,0.0,18.00554,1.0,TO,ANP2.2,
381,707120-D-1,D,1,2,79378.6,853.1352,0,0.0,72.536604,1.0,TO,ANP2.2,
382,707120-D-1,D,1,3,79378.6,2139.0864,0,304.8,72.536604,1.0,TO,ANP2.2,
383,707120-D-1,D,1,4,79378.6,5093.5128,0,750.1128,98.258804,1.0,CL,ANP2.2,
384,707120-D-1,D,1,5,79378.6,5398.3128,0,814.4256,98.258804,0.883501684,CL,ANP2.2,
385,707120-D-1,D,1,6,79378.6,5870.7528,0,914.4,98.258804,0.883501684,CL,ANP2.2,
386,707120-D-1,D,1,7,79378.6,9294.876,0,1253.3376,128.611,0.883501684,CL,ANP2.2,
387,707120-D-1,D,1,8,79378.6,11607.6984,0,1676.4,128.611,0.883501684,CL,ANP2.2,
388,707120-D-1,D,1,9,79378.6,15238.476,0,2286.0,128.611,0.883501684,CL,ANP2.2,
389,707120-D-1,D,1,10,79378.6,20341.4376,0,3048.0,128.611,0.883501684,CL,ANP2.2,
390,707120-D-2,D,2,1,83914.52,0.0,0,0.0,18.00554,1.0,TO,ANP2.2,
391,707120-D-2,D,2,2,83914.52,953.4144,0,0.0,74.59438,1.0,TO,ANP2.2,
392,707120-D-2,D,2,3,83914.52,2355.7992,0,304.8,74.59438,1.0,TO,ANP2.2,
393,707120-D-2,D,2,4,83914.52,5708.2944,0,772.9728,100.31658,1.0,CL,ANP2.2,
394,707120-D-2,D,2,5,83914.52,6013.0944,0,832.4088,100.31658,0.883501684,CL,ANP2.2,
395,707120-D-2,D,2,6,83914.52,6431.8896,0,914.4,100.31658,0.883501684,CL,ANP2.2,
396,707120-D-2,D,2,7,83914.52,9948.0624,0,1243.584,128.611,0.883501684,CL,ANP2.2,
397,707120-D-2,D,2,8,83914.52,12495.276,0,1676.4,128.611,0.883501684,CL,ANP2.2,
398,707120-D-2,D,2,9,83914.52,16411.3464,0,2286.0,128.611,0.883501684,CL,ANP2.2,
399,707120-D-2,D,2,10,83914.52,21925.788,0,3048.0,128.611,0.883501684,CL,ANP2.2,
400,707120-D-3,D,3,1,90718.4,0.0,0,0.0,18.00554,1.0,TO,ANP2.2,
401,707120-D-3,D,3,2,90718.4,1114.3488,0,0.0,76.652156,1.0,TO,ANP2.2,
402,707120-D-3,D,3,3,90718.4,2700.528,0,304.8,76.652156,1.0,TO,ANP2.2,
403,707120-D-3,D,3,4,90718.4,6509.3088,0,773.2776,102.374356,1.0,CL,ANP2.2,
404,707120-D-3,D,3,5,90718.4,6814.1088,0,826.6176,102.374356,0.883501684,CL,ANP2.2,
405,707120-D-3,D,3,6,90718.4,7312.4568,0,914.4,102.374356,0.883501684,CL,ANP2.2,
406,707120-D-3,D,3,7,90718.4,10919.1552,0,1216.7616,128.611,0.883501684,CL,ANP2.2,
407,707120-D-3,D,3,8,90718.4,13920.5208,0,1676.4,128.611,0.883501684,CL,ANP2.2,
408,707120-D-3,D,3,9,90718.4,18283.7328,0,2286.0,128.611,0.883501684,CL,ANP2.2,
409,707120-D-3,D,3,10,90718.4,24446.484,0,3048.0,128.611,0.883501684,CL,ANP2.2,
410,707120-D-4,D,4,1,99790.24,0.0,0,0.0,18.00554,1.0,TO,ANP2.2,
411,707120-D-4,D,4,2,99790.24,1348.4352,0,0.0,80.253264,1.0,TO,ANP2.2,
412,707120-D-4,D,4,3,99790.24,3203.7528,0,304.8,80.253264,1.0,TO,ANP2.2,
413,707120-D-4,D,4,4,99790.24,7800.4416,0,786.384,105.975464,1.0,CL,ANP2.2,
414,707120-D-4,D,4,5,99790.24,8105.2416,0,833.0184,105.975464,0.883501684,CL,ANP2.2,
415,707120-D-4,D,4,6,99790.24,8634.3744,0,914.4,105.975464,0.883501684,CL,ANP2.2,
416,707120-D-4,D,4,7,99790.24,12218.2128,0,1178.9664,128.611,0.883501684,CL,ANP2.2,
417,707120-D-4,D,4,8,99790.24,15916.656,0,1676.4,128.611,0.883501684,CL,ANP2.2,
418,707120-D-4,D,4,9,99790.24,20915.376,0,2286.0,128.611,0.883501684,CL,ANP2.2,
419,707120-D-4,D,4,10,99790.24,28007.4624,0,3048.0,128.611,0.883501684,CL,ANP2.2,
420,707120-D-5,D,5,1,111130.04,0.0,0,0.0,18.00554,1.0,TO,ANP2.2,
421,707120-D-5,D,5,2,111130.04,1672.1328,0,0.0,83.854372,1.0,TO,ANP2.2,
422,707120-D-5,D,5,3,111130.04,3906.3168,0,304.8,83.854372,1.0,TO,ANP2.2,
423,707120-D-5,D,5,4,111130.04,9846.2592,0,829.9704,109.576572,1.0,CL,ANP2.2,
424,707120-D-5,D,5,5,111130.04,10151.0592,0,870.204,109.576572,0.883501684,CL,ANP2.2,
425,707120-D-5,D,5,6,111130.04,10488.7776,0,914.4,109.576572,0.883501684,CL,ANP2.2,
426,707120-D-5,D,5,7,111130.04,14067.7392,0,1143.9144,128.611,0.883501684,CL,ANP2.2,
427,707120-D-5,D,5,8,111130.04,18677.2296,0,1676.4,128.611,0.883501684,CL,ANP2.2,
428,707120-D-5,D,5,9,111130.04,24541.2768,0,2286.0,128.611,0.883501684,CL,ANP2.2,
429,707120-D-5,D,5,10,111130.04,32915.0472,0,3048.0,128.611,0.883501684,CL,ANP2.2,
430,707120-D-6,D,6,1,116573.144,0.0,0,0.0,18.00554,1.0,TO,ANP2.2,
431,707120-D-6,D,6,2,116573.144,1840.0776,0,0.0,85.397704,1.0,TO,ANP2.2,
432,707120-D-6,D,6,3,116573.144,4275.7344,0,304.8,85.397704,1.0,TO,ANP2.2,
433,707120-D-6,D,6,4,116573.144,10844.784,0,837.5904,111.119904,1.0,CL,ANP2.2,
434,707120-D-6,D,6,5,116573.144,11149.584,0,874.776,111.119904,0.883501684,CL,ANP2.2,
435,707120-D-6,D,6,6,116573.144,11472.672,0,914.4,111.119904,0.883501684,CL,ANP2.2,
436,707120-D-6,D,6,7,116573.144,14983.968,0,1123.188,128.611,0.883501684,CL,ANP2.2,
437,707120-D-6,D,6,8,116573.144,20116.1904,0,1676.4,128.611,0.883501684,CL,ANP2.2,
438,707120-D-6,D,6,9,116573.144,26427.3792,0,2286.0,128.611,0.883501684,CL,ANP2.2,
439,707120-D-6,D,6,10,116573.144,35470.7952,0,3048.0,128.611,0.883501684,CL,ANP2.2,
440,707320-A-1,A,1,1,97068.688,-34895.57664,0,1828.8,139.928768,0.019590526,AP,ANP2.2,
441,707320-A-1,A,1,2,97068.688,-17752.58832,0,930.37152,86.8381472,0.017548947,AP,ANP2.2,
442,707320-A-1,A,1,3,97068.688,-17447.78832,0,914.4,85.6034816,0.125974737,AP,ANP2.2,
443,707320-A-1,A,1,4,97068.688,-9028.69416,0,473.17152,76.2406008,0.119450526,AP,ANP2.2,
444,707320-A-1,A,1,5,97068.688,-8723.89416,0,457.2,75.88049,0.17633,AP,ANP2.2,
445,707320-A-1,A,1,6,97068.688,-6120.71928,0,320.77152,69.192718,0.173474211,AP,ANP2.2,
446,707320-A-1,A,1,7,97068.688,-5815.91928,0,304.8,68.3696076,0.254676842,AP,ANP2.2,
447,707320-A-1,A,1,8,97068.688,-304.8,0,15.97152,67.392164,0.246068421,AP,ANP2.2,
448,707320-A-1,A,1,9,97068.688,0.0,0,0.0,67.3407196,0.245638421,AP,ANP2.2,
449,707320-A-1,A,1,10,97068.688,125.15088,0,0.0,63.9453892,0.4,AP,ANP2.2,
450,707320-A-1,A,1,11,97068.688,1126.35792,0,0.0,15.3304312,0.1,AP,ANP2.2,
451,707320-D-1,D,1,1,97068.688,0.0,0,0.0,0.0,0.950457895,TO,ANP2.2,
452,707320-D-1,D,1,2,97068.688,991.42296,0,0.0,73.9770472,0.830286842,TO,ANP2.2,
453,707320-D-1,D,1,3,97068.688,2459.8884,0,304.8,75.0573796,0.840640526,TO,ANP2.2,
454,707320-D-1,D,1,4,97068.688,4530.852,0,574.60896,92.085476,0.825038421,CL,ANP2.2,
455,707320-D-1,D,1,5,97068.688,4678.03992,0,599.17584,92.1883648,0.729781053,CL,ANP2.2,
456,707320-D-1,D,1,6,97068.688,5427.96984,0,623.74272,102.8373556,0.715897895,CL,ANP2.2,
457,707320-D-1,D,1,7,97068.688,7030.974,0,914.4,104.3292432,0.725778421,CL,ANP2.2,
458,707320-D-1,D,1,8,97068.688,9849.58152,0,1039.58136,134.5785504,0.689795789,CL,ANP2.2,
459,707320-D-1,D,1,9,97068.688,14133.4236,0,1676.4,138.8484356,0.713869474,CL,ANP2.2,
460,707320-D-1,D,1,10,97068.688,18483.19392,0,2286.0,143.1697652,0.739372105,CL,ANP2.2,
461,707320-D-1,D,1,11,97068.688,24280.6728,0,3048.0,148.8286492,0.774630526,CL,ANP2.2,
462,707320-D-2,D,2,1,103418.976,0.0,0,0.0,0.0,0.950457895,TO,ANP2.2,
463,707320-D-2,D,2,2,103418.976,1130.62512,0,0.0,76.3434896,0.826418421,TO,ANP2.2,
464,707320-D-2,D,2,3,103418.976,2759.44584,0,304.8,77.4752664,0.836771579,TO,ANP2.2,
465,707320-D-2,D,2,4,103418.976,5086.83768,0,579.63816,94.1946964,0.821898947,CL,ANP2.2,
466,707320-D-2,D,2,5,103418.976,5274.74688,0,607.9236,94.3490296,0.727131053,CL,ANP2.2,
467,707320-D-2,D,2,6,103418.976,6143.30496,0,636.23952,105.0494648,0.713373684,CL,ANP2.2,
468,707320-D-2,D,2,7,103418.976,7827.20304,0,914.4,106.4384636,0.72284,CL,ANP2.2,
469,707320-D-2,D,2,8,103418.976,10803.72744,0,1045.55544,134.5785504,0.690009474,CL,ANP2.2,
470,707320-D-2,D,2,9,103418.976,15444.49032,0,1676.4,138.8484356,0.713869474,CL,ANP2.2,
471,707320-D-2,D,2,10,103418.976,20205.98448,0,2286.0,143.1697652,0.739372105,CL,ANP2.2,
472,707320-D-2,D,2,11,103418.976,26561.796,0,3048.0,148.8286492,0.774630526,CL,ANP2.2,
473,707320-D-3,D,3,1,108862.08,0.0,0,0.0,0.0,0.950457895,TO,ANP2.2,
474,707320-D-3,D,3,2,108862.08,1257.66576,0,0.0,78.3498212,0.823196316,TO,ANP2.2,
475,707320-D-3,D,3,3,108862.08,3032.85144,0,304.8,79.481598,0.833549474,TO,ANP2.2,
476,707320-D-3,D,3,4,108862.08,5658.7644,0,589.788,96.3553612,0.81895,CL,ANP2.2,
477,707320-D-3,D,3,5,108862.08,5905.83528,0,621.82248,96.5096944,0.724650526,CL,ANP2.2,
478,707320-D-3,D,3,6,108862.08,6880.82952,0,653.85696,107.2101296,0.71102,CL,ANP2.2,
479,707320-D-3,D,3,7,108862.08,8696.49264,0,914.4,108.5991284,0.719901053,CL,ANP2.2,
480,707320-D-3,D,3,8,108862.08,11764.63992,0,1048.54248,134.6299948,0.690116316,CL,ANP2.2,
481,707320-D-3,D,3,9,108862.08,16736.99472,0,1676.4,138.8484356,0.713869474,CL,ANP2.2,
482,707320-D-3,D,3,10,108862.08,21868.1808,0,2286.0,143.1697652,0.739372105,CL,ANP2.2,
483,707320-D-3,D,3,11,108862.08,28727.03424,0,3048.0,148.8286492,0.774630526,CL,ANP2.2,
484,707320-D-4,D,4,1,117933.92,0.0,0,0.0,0.0,0.950457895,TO,ANP2.2,
485,707320-D-4,D,4,2,117933.92,1485.35136,0,0.0,81.539374,0.817999474,TO,ANP2.2,
486,707320-D-4,D,4,3,117933.92,3525.40824,0,304.8,82.7225952,0.828353158,TO,ANP2.2,
487,707320-D-4,D,4,4,117933.92,6679.17384,0,603.90024,99.5963584,0.814486842,CL,ANP2.2,
488,707320-D-4,D,4,5,117933.92,6983.97384,0,638.2512,99.7506916,0.720786316,CL,ANP2.2,
489,707320-D-4,D,4,6,117933.92,8238.744,0,683.14824,110.5540156,0.707587895,CL,ANP2.2,
490,707320-D-4,D,4,7,117933.92,10063.85592,0,914.4,111.7886812,0.715493158,CL,ANP2.2,
491,707320-D-4,D,4,8,117933.92,13285.19568,0,1053.57168,134.6299948,0.690296842,CL,ANP2.2,
492,707320-D-4,D,4,9,117933.92,18835.878,0,1676.4,138.8484356,0.713869474,CL,ANP2.2,
493,707320-D-4,D,4,10,117933.92,24620.982,0,2286.0,143.1697652,0.739372105,CL,ANP2.2,
494,707320-D-4,D,4,11,117933.92,32373.4176,0,3048.0,148.8286492,0.774630526,CL,ANP2.2,
495,707320-D-5,D,5,1,129727.312,0.0,0,0.0,0.0,0.950457895,TO,ANP2.2,
496,707320-D-5,D,5,2,129727.312,1811.5788,0,0.0,85.5005928,0.811534737,TO,ANP2.2,
497,707320-D-5,D,5,3,129727.312,4241.96256,0,304.8,86.7867028,0.821887895,TO,ANP2.2,
498,707320-D-5,D,5,4,129727.312,8307.99456,0,629.50344,103.917688,0.808792105,CL,ANP2.2,
499,707320-D-5,D,5,5,129727.312,8612.79456,0,658.18512,104.0720212,0.715571053,CL,ANP2.2,
500,707320-D-5,D,5,6,129727.312,10495.54416,0,736.15296,115.0811228,0.703492632,CL,ANP2.2,
501,707320-D-5,D,5,7,129727.312,12139.78776,0,914.4,116.1100108,0.709616316,CL,ANP2.2,
502,707320-D-5,D,5,8,129727.312,15451.43976,0,1055.24808,134.6814392,0.690356842,CL,ANP2.2,
503,707320-D-5,D,5,9,129727.312,21857.48232,0,1676.4,138.8484356,0.713869474,CL,ANP2.2,
504,707320-D-5,D,5,10,129727.312,28571.952,0,2286.0,143.1697652,0.739372105,CL,ANP2.2,
505,707320-D-5,D,5,11,129727.312,37602.99312,0,3048.0,148.8286492,0.774630526,CL,ANP2.2,
506,707320-D-6,D,6,1,141520.704,0.0,0,0.0,0.0,0.950457895,TO,ANP2.2,
507,707320-D-6,D,6,2,141520.704,2172.40104,0,0.0,89.3074784,0.805357368,TO,ANP2.2,
508,707320-D-6,D,6,3,141520.704,5057.45496,0,304.8,90.6450328,0.815710526,TO,ANP2.2,
509,707320-D-6,D,6,4,141520.704,10371.1248,0,662.90952,108.3419064,0.803396316,CL,ANP2.2,
510,707320-D-6,D,6,5,141520.704,10675.9248,0,686.95824,108.4447952,0.710653684,CL,ANP2.2,
511,707320-D-6,D,6,6,141520.704,12890.11392,0,757.39752,119.4538968,0.698334737,CL,ANP2.2,
512,707320-D-6,D,6,7,141520.704,14570.75064,0,914.4,120.379896,0.703738947,CL,ANP2.2,
513,707320-D-6,D,6,8,141520.704,17324.832,0,1006.7544,134.3213284,0.688626316,CL,ANP2.2,
514,707320-D-6,D,6,9,141520.704,25244.69424,0,1676.4,138.8484356,0.713869474,CL,ANP2.2,
515,707320-D-6,D,6,10,141520.704,32992.67976,0,2286.0,143.1697652,0.739372105,CL,ANP2.2,
516,707320-D-6,D,6,11,141520.704,43457.34768,0,3048.0,148.8286492,0.774630526,CL,ANP2.2,
517,707320-D-7,D,7,1,149685.36,0.0,0,0.0,0.0,0.950457895,TO,ANP2.2,
518,707320-D-7,D,7,2,149685.36,2442.78912,0,0.0,91.8796984,0.801230526,TO,ANP2.2,
519,707320-D-7,D,7,3,149685.36,5689.33584,0,304.8,93.2172528,0.811583684,TO,ANP2.2,
520,707320-D-7,D,7,4,149685.36,11787.71328,0,671.9316,110.5025712,0.800411053,CL,ANP2.2,
521,707320-D-7,D,7,5,149685.36,12092.51328,0,693.23712,110.60546,0.707926316,CL,ANP2.2,
522,707320-D-7,D,7,6,149685.36,14957.08464,0,788.54808,121.7688948,0.696454737,CL,ANP2.2,
523,707320-D-7,D,7,7,149685.36,16444.96584,0,914.4,122.4891164,0.700800526,CL,ANP2.2,
524,707320-D-7,D,7,8,149685.36,19149.70008,0,1004.40744,134.3213284,0.688542632,CL,ANP2.2,
525,707320-D-7,D,7,9,149685.36,27878.92824,0,1676.4,138.8484356,0.713869474,CL,ANP2.2,
526,707320-D-7,D,7,10,149685.36,36413.29776,0,2286.0,143.1697652,0.739372105,CL,ANP2.2,
527,707320-D-7,D,7,11,149685.36,47977.10496,0,3048.0,148.8286492,0.774630526,CL,ANP2.2,
528,717200-A-1,A,1,1,43045.8808,-34895.57664,0,1828.8,139.928768,0.047289444,AP,ANP2.2,
529,717200-A-1,A,1,2,43045.8808,-17752.58832,0,930.37152,102.4258004,0.042362778,AP,ANP2.2,
530,717200-A-1,A,1,3,43045.8808,-17447.78832,0,914.4,101.6541344,0.135976667,AP,ANP2.2,
531,717200-A-1,A,1,4,43045.8808,-9028.69416,0,473.17152,84.4202604,0.128935,AP,ANP2.2,
532,717200-A-1,A,1,5,43045.8808,-8723.89416,0,457.2,83.7000388,0.172579444,AP,ANP2.2,
533,717200-A-1,A,1,6,43045.8808,-6120.71928,0,320.77152,73.9256028,0.169784444,AP,ANP2.2,
534,717200-A-1,A,1,7,43045.8808,-5815.91928,0,304.8,72.6909372,0.25638,AP,ANP2.2,
535,717200-A-1,A,1,8,43045.8808,-304.8,0,15.97152,67.3407196,0.247713889,AP,ANP2.2,
536,717200-A-1,A,1,9,43045.8808,0.0,0,0.0,67.0320532,0.247276667,AP,ANP2.2,
537,717200-A-1,A,1,10,43045.8808,97.10928,0,0.0,66.5176092,0.4,AP,ANP2.2,
538,717200-A-1,A,1,11,43045.8808,873.98352,0,0.0,15.3304312,0.086,AP,ANP2.2,
539,717200-D-1,D,1,1,43045.8808,0.0,0,0.0,0.0,0.975557222,TO,ANP2.2,
540,717200-D-1,D,1,2,43045.8808,1005.26088,0,0.0,74.079936,0.818022222,TO,ANP2.2,
541,717200-D-1,D,1,3,43045.8808,2422.12368,0,335.28,75.3146016,0.832382222,CL,ANP2.2,
542,717200-D-1,D,1,4,43045.8808,4584.98448,0,617.73816,98.1559152,0.799387778,CL,ANP2.2,
543,717200-D-1,D,1,5,43045.8808,4889.78448,0,676.3512,98.4645816,0.711282222,CL,ANP2.2,
544,717200-D-1,D,1,6,43045.8808,6128.004,0,914.4,99.5963584,0.722281667,CL,ANP2.2,
545,717200-D-1,D,1,7,43045.8808,9197.12664,0,1052.96208,134.6299948,0.665492222,CL,ANP2.2,
546,717200-D-1,D,1,8,43045.8808,13298.02776,0,1676.4,138.8484356,0.694298333,CL,ANP2.2,
547,717200-D-1,D,1,9,43045.8808,17511.79632,0,2286.0,143.1697652,0.722464444,CL,ANP2.2,
548,717200-D-1,D,1,10,43045.8808,23107.61952,0,3048.0,148.8286492,0.757672222,CL,ANP2.2,
549,717200-D-2,D,2,1,45223.1224,0.0,0,0.0,0.0,0.975557222,TO,ANP2.2,
550,717200-D-2,D,2,2,45223.1224,1114.89744,0,0.0,75.9319344,0.814087222,TO,ANP2.2,
551,717200-D-2,D,2,3,45223.1224,2504.17584,0,304.8,77.0637112,0.827141667,TO,ANP2.2,
552,717200-D-2,D,2,4,45223.1224,4543.37928,0,553.73016,97.229916,0.797951667,CL,ANP2.2,
553,717200-D-2,D,2,5,45223.1224,4848.17928,0,608.74656,97.487138,0.709347222,CL,ANP2.2,
554,717200-D-2,D,2,6,45223.1224,6541.73952,0,914.4,98.9790256,0.72347,CL,ANP2.2,
555,717200-D-2,D,2,7,45223.1224,9965.71032,0,1069.2384,134.784328,0.666245,CL,ANP2.2,
556,717200-D-2,D,2,8,45223.1224,14252.56992,0,1676.4,138.8484356,0.694298333,CL,ANP2.2,
557,717200-D-2,D,2,9,45223.1224,18776.56392,0,2286.0,143.1697652,0.722464444,CL,ANP2.2,
558,717200-D-2,D,2,10,45223.1224,24791.15184,0,3048.0,148.8286492,0.757672222,CL,ANP2.2,
559,717200-D-3,D,3,1,47581.8008,0.0,0,0.0,0.0,0.975557222,TO,ANP2.2,
560,717200-D-3,D,3,2,47581.8008,1240.536,0,0.0,77.8868216,0.80993,TO,ANP2.2,
561,717200-D-3,D,3,3,47581.8008,2746.61376,0,304.8,79.0700428,0.822984444,TO,ANP2.2,
562,717200-D-3,D,3,4,47581.8008,4650.7908,0,521.17752,96.45825,0.797864444,CL,ANP2.2,
563,717200-D-3,D,3,5,47581.8008,4955.5908,0,572.62776,96.715472,0.708867222,CL,ANP2.2,
564,717200-D-3,D,3,6,47581.8008,6981.01728,0,914.4,98.3102484,0.724658889,CL,ANP2.2,
565,717200-D-3,D,3,7,47581.8008,10829.11728,0,1088.71512,134.8872168,0.667144444,CL,ANP2.2,
566,717200-D-3,D,3,8,47581.8008,15298.94832,0,1676.4,138.8484356,0.694298333,CL,ANP2.2,
567,717200-D-3,D,3,9,47581.8008,20173.30992,0,2286.0,143.1697652,0.722464444,CL,ANP2.2,
568,717200-D-3,D,3,10,47581.8008,26662.10568,0,3048.0,148.8286492,0.757672222,CL,ANP2.2,
569,717200-D-4,D,4,1,50076.5568,0.0,0,0.0,0.0,0.975557222,TO,ANP2.2,
570,717200-D-4,D,4,2,50076.5568,1381.32312,0,0.0,79.8931532,0.805643333,TO,ANP2.2,
571,717200-D-4,D,4,3,50076.5568,3017.18472,0,304.8,81.0763744,0.818697778,TO,ANP2.2,
572,717200-D-4,D,4,4,50076.5568,4761.64656,0,489.41736,95.7380284,0.797700556,CL,ANP2.2,
573,717200-D-4,D,4,5,50076.5568,5066.44656,0,537.42336,95.943806,0.708331111,CL,ANP2.2,
574,717200-D-4,D,4,6,50076.5568,7459.5228,0,914.4,97.74436,0.725748333,CL,ANP2.2,
575,717200-D-4,D,4,7,50076.5568,11804.84304,0,1111.51416,135.04155,0.668197778,CL,ANP2.2,
576,717200-D-4,D,4,8,50076.5568,16442.55792,0,1676.4,138.8484356,0.694298333,CL,ANP2.2,
577,717200-D-4,D,4,9,50076.5568,21704.808,0,2286.0,143.1697652,0.722464444,CL,ANP2.2,
578,717200-D-4,D,4,10,50076.5568,28720.26768,0,3048.0,148.8286492,0.757672222,CL,ANP2.2,
579,717200-D-5,D,5,1,51119.8184,0.0,0,0.0,0.0,0.975557222,TO,ANP2.2,
580,717200-D-5,D,5,2,51119.8184,1442.6184,0,0.0,80.7162636,0.803882778,TO,ANP2.2,
581,717200-D-5,D,5,3,51119.8184,3134.80704,0,304.8,81.9509292,0.816937222,TO,ANP2.2,
582,717200-D-5,D,5,4,51119.8184,5557.14408,0,544.6776,101.2425792,0.789185556,CL,ANP2.2,
583,717200-D-5,D,5,5,51119.8184,5861.94408,0,590.27568,101.4483568,0.700867778,CL,ANP2.2,
584,717200-D-5,D,5,6,51119.8184,8028.64536,0,914.4,103.0945776,0.715843889,CL,ANP2.2,
585,717200-D-5,D,5,7,51119.8184,11996.53176,0,1091.12304,134.8872168,0.667255556,CL,ANP2.2,
586,717200-D-5,D,5,8,51119.8184,16948.404,0,1676.4,138.8484356,0.694298333,CL,ANP2.2,
587,717200-D-5,D,5,9,51119.8184,22378.47696,0,2286.0,143.1697652,0.722464444,CL,ANP2.2,
588,717200-D-5,D,5,10,51119.8184,29622.35376,0,3048.0,148.8286492,0.757672222,CL,ANP2.2,
589,717200-D-6,D,6,1,54884.632,0.0,0,0.0,0.0,0.975557222,TO,ANP2.2,
590,717200-D-6,D,6,2,54884.632,1675.85136,0,0.0,83.6485944,0.797673333,TO,ANP2.2,
591,717200-D-6,D,6,3,54884.632,3582.22296,0,304.8,84.88326,0.810727778,TO,ANP2.2,
592,717200-D-6,D,6,4,54884.632,5736.85416,0,495.84864,100.2136912,0.788726111,CL,ANP2.2,
593,717200-D-6,D,6,5,54884.632,6041.65416,0,537.14904,100.4194688,0.699899444,CL,ANP2.2,
594,717200-D-6,D,6,6,54884.632,8824.90488,0,914.4,102.2714672,0.717329444,CL,ANP2.2,
595,717200-D-6,D,6,7,54884.632,13610.81352,0,1127.9124,135.1444388,0.668955556,CL,ANP2.2,
596,717200-D-6,D,6,8,54884.632,18792.99264,0,1676.4,138.8484356,0.694298333,CL,ANP2.2,
597,717200-D-6,D,6,9,54884.632,24858.39072,0,2286.0,143.1697652,0.722464444,CL,ANP2.2,
598,717200-D-6,D,6,10,54884.632,32969.81976,0,3048.0,148.8286492,0.757672222,CL,ANP2.2,
599,727100-A-1,A,1,1,61688.512,-34895.57664,0,1828.8,139.928768,0.048841429,AP,ANP2.2,
600,727100-A-1,A,1,2,61688.512,-17752.58832,0,930.37152,86.8381472,0.043752857,AP,ANP2.2,
601,727100-A-1,A,1,3,61688.512,-17447.78832,0,914.4,85.6034816,0.130145,AP,ANP2.2,
602,727100-A-1,A,1,4,61688.512,-9028.69416,0,473.17152,66.4661648,0.123405714,AP,ANP2.2,
603,727100-A-1,A,1,5,61688.512,-8723.89416,0,457.2,65.6430544,0.25069,AP,ANP2.2,
604,727100-A-1,A,1,6,61688.512,-6120.71928,0,320.77152,64.1511668,0.24663,AP,ANP2.2,
605,727100-A-1,A,1,7,61688.512,-5815.91928,0,304.8,63.9968336,0.301858571,AP,ANP2.2,
606,727100-A-1,A,1,8,61688.512,-304.8,0,15.97152,63.0708344,0.291655,AP,ANP2.2,
607,727100-A-1,A,1,9,61688.512,0.0,0,0.0,63.01939,0.291143571,AP,ANP2.2,
608,727100-A-1,A,1,10,61688.512,104.42448,0,0.0,59.7783928,0.4,AP,ANP2.2,
609,727100-A-1,A,1,11,61688.512,939.82032,0,0.0,15.3304312,0.1,AP,ANP2.2,
610,727100-D-1,D,1,1,61688.512,0.0,0,0.0,0.0,0.943908571,TO,ANP2.2,
611,727100-D-1,D,1,2,61688.512,1366.29648,0,0.0,78.3498212,0.84781,TO,ANP2.2,
612,727100-D-1,D,1,3,61688.512,3148.4316,0,304.8,79.481598,0.844216429,TO,ANP2.2,
613,727100-D-1,D,1,4,61688.512,3531.96144,0,338.60232,83.2370392,0.839515,CL,ANP2.2,
614,727100-D-1,D,1,5,61688.512,5260.45176,0,473.8116,99.4934696,0.819401429,CL,ANP2.2,
615,727100-D-1,D,1,6,61688.512,5348.1732,0,487.40568,99.544914,0.745548571,CL,ANP2.2,
616,727100-D-1,D,1,7,61688.512,5779.40424,0,500.96928,104.8436872,0.739728571,CL,ANP2.2,
617,727100-D-1,D,1,8,61688.512,8565.67248,0,914.4,107.004352,0.737217857,CL,ANP2.2,
618,727100-D-1,D,1,9,61688.512,12100.43808,0,1069.72608,134.784328,0.708078571,CL,ANP2.2,
619,727100-D-1,D,1,10,61688.512,17339.67576,0,1676.4,138.8484356,0.707777143,CL,ANP2.2,
620,727100-D-1,D,1,11,61688.512,23247.5532,0,2286.0,143.1697652,0.710581429,CL,ANP2.2,
621,727100-D-1,D,1,12,61688.512,31650.95016,0,3048.0,148.8286492,0.718465714,CL,ANP2.2,
622,727100-D-2,D,2,1,64863.656,0.0,0,0.0,0.0,0.943908571,TO,ANP2.2,
623,727100-D-2,D,2,2,64863.656,1514.91696,0,0.0,80.3047084,0.845367857,TO,ANP2.2,
624,727100-D-2,D,2,3,64863.656,3454.69464,0,304.8,81.539374,0.841774286,TO,ANP2.2,
625,727100-D-2,D,2,4,64863.656,3641.32368,0,320.13144,83.1341504,0.839702857,CL,ANP2.2,
626,727100-D-2,D,2,5,64863.656,5532.76008,0,459.69936,99.4420252,0.819527143,CL,ANP2.2,
627,727100-D-2,D,2,6,64863.656,5637.67224,0,474.81744,99.4934696,0.745648571,CL,ANP2.2,
628,727100-D-2,D,2,7,64863.656,6110.35608,0,489.93552,104.7922428,0.739815,CL,ANP2.2,
629,727100-D-2,D,2,8,64863.656,9188.8056,0,914.4,107.004352,0.737217857,CL,ANP2.2,
630,727100-D-2,D,2,9,64863.656,13169.21928,0,1089.2028,134.8872168,0.708020714,CL,ANP2.2,
631,727100-D-2,D,2,10,64863.656,18665.12904,0,1676.4,138.8484356,0.707777143,CL,ANP2.2,
632,727100-D-2,D,2,11,64863.656,25076.23128,0,2286.0,143.1697652,0.710581429,CL,ANP2.2,
633,727100-D-2,D,2,12,64863.656,34233.1548,0,3048.0,148.8286492,0.718465714,CL,ANP2.2,
634,727100-D-3,D,3,1,68038.8,0.0,0,0.0,0.0,0.943908571,TO,ANP2.2,
635,727100-D-3,D,3,2,68038.8,1671.55368,0,0.0,82.2595956,0.842985,TO,ANP2.2,
636,727100-D-3,D,3,3,68038.8,3779.09328,0,304.8,83.4942612,0.839391429,TO,ANP2.2,
637,727100-D-3,D,3,4,68038.8,4069.62864,0,326.68464,85.8092592,0.836496429,CL,ANP2.2,
638,727100-D-3,D,3,5,68038.8,6187.86672,0,469.8492,102.0656896,0.816297143,CL,ANP2.2,
639,727100-D-3,D,3,6,68038.8,6323.10648,0,486.7656,102.1685784,0.742697143,CL,ANP2.2,
640,727100-D-3,D,3,7,68038.8,6850.80672,0,503.65152,107.518796,0.736850714,CL,ANP2.2,
641,727100-D-3,D,3,8,68038.8,10283.55576,0,914.4,109.6794608,0.734361429,CL,ANP2.2,
642,727100-D-3,D,3,9,68038.8,14354.83032,0,1091.45832,134.8872168,0.708014286,CL,ANP2.2,
643,727100-D-3,D,3,10,68038.8,20268.1332,0,1676.4,138.8484356,0.707777143,CL,ANP2.2,
644,727100-D-3,D,3,11,68038.8,27214.55568,0,2286.0,143.1697652,0.710581429,CL,ANP2.2,
645,727100-D-3,D,3,12,68038.8,37180.23552,0,3048.0,148.8286492,0.718465714,CL,ANP2.2,
646,727100-D-4,D,4,1,71667.536,0.0,0,0.0,0.0,0.943908571,TO,ANP2.2,
647,727100-D-4,D,4,2,71667.536,1860.46872,0,0.0,84.4202604,0.840328571,TO,ANP2.2,
648,727100-D-4,D,4,3,71667.536,4173.53496,0,304.8,85.7063704,0.836735,TO,ANP2.2,
649,727100-D-4,D,4,4,71667.536,4561.51488,0,331.37856,88.3814792,0.83331,CL,ANP2.2,
650,727100-D-4,D,4,5,71667.536,6962.91216,0,479.05416,104.7407984,0.813076429,CL,ANP2.2,
651,727100-D-4,D,4,6,71667.536,7131.00936,0,498.31752,104.8436872,0.739749286,CL,ANP2.2,
652,727100-D-4,D,4,7,71667.536,7736.95176,0,517.5504,110.1939048,0.733887143,CL,ANP2.2,
653,727100-D-4,D,4,8,71667.536,11358.70728,0,914.4,112.3545696,0.731504286,CL,ANP2.2,
654,727100-D-4,D,4,9,71667.536,15554.82792,0,1095.11592,134.9386612,0.708003571,CL,ANP2.2,
655,727100-D-4,D,4,10,71667.536,21961.48008,0,1676.4,138.8484356,0.707777143,CL,ANP2.2,
656,727100-D-4,D,4,11,71667.536,29563.1616,0,2286.0,143.1697652,0.710581429,CL,ANP2.2,
657,727100-D-4,D,4,12,71667.536,40529.1036,0,3048.0,148.8286492,0.718465714,CL,ANP2.2,
658,727200-A-1,A,1,1,68945.984,-34895.6376,0,1828.8,128.611,0.06801177,AP,ANP2.2,
659,727200-A-1,A,1,2,68945.984,-17447.6664,0,914.4,73.051048,0.377469525,AP,ANP2.2,
660,727200-A-1,A,1,3,68945.984,-8723.9856,0,457.2,73.051048,0.377469525,AP,ANP2.2,
661,727200-A-1,A,1,4,68945.984,-5815.8888,0,304.8,73.051048,0.377469525,AP,ANP2.2,
662,727200-A-1,A,1,5,68945.984,0.0,0,0.0,73.051048,0.377469525,AP,ANP2.2,
663,727200-A-1,A,1,6,68945.984,123.7488,0,0.0,73.051048,0.4,AP,ANP2.2,
664,727200-A-1,A,1,7,68945.984,1237.488,0,0.0,15.43332,0.100042034,AP,ANP2.2,
665,727200-D-1,D,1,1,68945.984,0.0,0,0.0,18.00554,1.0,TO,ANP2.2,
666,727200-D-1,D,1,2,68945.984,1819.0464,0,0.0,78.709932,1.0,TO,ANP2.2,
667,727200-D-1,D,1,3,68945.984,4067.8608,0,304.8,78.709932,1.0,TO,ANP2.2,
668,727200-D-1,D,1,4,68945.984,10621.9752,0,879.6528,108.03324,1.0,CL,ANP2.2,
669,727200-D-1,D,1,5,68945.984,10926.7752,0,917.7528,108.03324,0.900546448,CL,ANP2.2,
670,727200-D-1,D,1,6,68945.984,15390.876,0,1186.5864,128.611,0.900546448,CL,ANP2.2,
671,727200-D-1,D,1,7,68945.984,20164.044,0,1679.7528,128.611,0.900546448,CL,ANP2.2,
672,727200-D-1,D,1,8,68945.984,26765.4024,0,2289.3528,128.611,0.900546448,CL,ANP2.2,
673,727200-D-1,D,1,9,68945.984,36339.4752,0,3051.3528,128.611,0.900546448,CL,ANP2.2,
674,727200-D-2,D,2,1,73935.496,0.0,0,0.0,18.00554,1.0,TO,ANP2.2,
675,727200-D-2,D,2,2,73935.496,2091.8424,0,0.0,80.767708,1.0,TO,ANP2.2,
676,727200-D-2,D,2,3,73935.496,4637.532,0,304.8,80.767708,1.0,TO,ANP2.2,
677,727200-D-2,D,2,4,73935.496,10870.0824,0,762.3048,108.03324,1.0,CL,ANP2.2,
678,727200-D-2,D,2,5,73935.496,11174.8824,0,796.4424,108.03324,0.900546448,CL,ANP2.2,
679,727200-D-2,D,2,6,73935.496,12229.7952,0,914.4,108.03324,0.900546448,CL,ANP2.2,
680,727200-D-2,D,2,7,73935.496,16961.5104,0,1158.5448,128.611,0.900546448,CL,ANP2.2,
681,727200-D-2,D,2,8,73935.496,22571.3544,0,1676.4,128.611,0.900546448,CL,ANP2.2,
682,727200-D-2,D,2,9,73935.496,30017.3136,0,2286.0,128.611,0.900546448,CL,ANP2.2,
683,727200-D-2,D,2,10,73935.496,40901.112,0,3048.0,128.611,0.900546448,CL,ANP2.2,
684,727200-D-3,D,3,1,78925.008,0.0,0,0.0,18.00554,1.0,TO,ANP2.2,
685,727200-D-3,D,3,2,78925.008,2383.8408,0,0.0,83.339928,1.0,TO,ANP2.2,
686,727200-D-3,D,3,3,78925.008,5259.9336,0,304.8,83.339928,1.0,TO,ANP2.2,
687,727200-D-3,D,3,4,78925.008,11823.4968,0,729.996,108.03324,1.0,CL,ANP2.2,
688,727200-D-3,D,3,5,78925.008,12128.2968,0,760.476,108.03324,0.900546448,CL,ANP2.2,
689,727200-D-3,D,3,6,78925.008,13676.0712,0,914.4,108.03324,0.900546448,CL,ANP2.2,
690,727200-D-3,D,3,7,78925.008,19081.6992,0,1169.8224,128.611,0.900546448,CL,ANP2.2,
691,727200-D-3,D,3,8,78925.008,25229.5152,0,1676.4,128.611,0.900546448,CL,ANP2.2,
692,727200-D-3,D,3,9,78925.008,33608.772,0,2286.0,128.611,0.900546448,CL,ANP2.2,
693,727200-D-3,D,3,10,78925.008,45966.2784,0,3048.0,128.611,0.900546448,CL,ANP2.2,
694,727200-D-4,D,4,1,83914.52,0.0,0,0.0,18.00554,1.0,TO,ANP2.2,
695,727200-D-4,D,4,2,83914.52,2694.7368,0,0.0,85.397704,1.0,TO,ANP2.2,
696,727200-D-4,D,4,3,83914.52,5937.8088,0,304.8,85.397704,1.0,TO,ANP2.2,
697,727200-D-4,D,4,4,83914.52,12779.3496,0,699.8208,108.03324,1.0,CL,ANP2.2,
698,727200-D-4,D,4,5,83914.52,13084.1496,0,727.2528,108.03324,0.900546448,CL,ANP2.2,
699,727200-D-4,D,4,6,83914.52,15186.3552,0,914.4,108.03324,0.900546448,CL,ANP2.2,
700,727200-D-4,D,4,7,83914.52,21275.9544,0,1175.9184,128.611,0.900546448,CL,ANP2.2,
701,727200-D-4,D,4,8,83914.52,28063.2408,0,1676.4,128.611,0.900546448,CL,ANP2.2,
702,727200-D-4,D,4,9,83914.52,37480.9512,0,2286.0,128.611,0.900546448,CL,ANP2.2,
703,727200-D-4,D,4,10,83914.52,51508.7616,0,3048.0,128.611,0.900546448,CL,ANP2.2,
704,737300-A-1,A,1,1,49350.8096,-34895.57664,0,1828.8,139.928768,0.0358915,AP,ANP2.2,
705,737300-A-1,A,1,2,49350.8096,-17752.58832,0,930.37152,92.0340316,0.032152,AP,ANP2.2,
706,737300-A-1,A,1,3,49350.8096,-17447.78832,0,914.4,90.9536992,0.0670925,AP,ANP2.2,
707,737300-A-1,A,1,4,49350.8096,-9028.69416,0,473.17152,78.2469324,0.063618,AP,ANP2.2,
708,737300-A-1,A,1,5,49350.8096,-8723.89416,0,457.2,77.7324884,0.161538,AP,ANP2.2,
709,737300-A-1,A,1,6,49350.8096,-6120.71928,0,320.77152,72.793826,0.158922,AP,ANP2.2,
710,737300-A-1,A,1,7,49350.8096,-5815.91928,0,304.8,72.1764932,0.1970195,AP,ANP2.2,
711,737300-A-1,A,1,8,49350.8096,-304.8,0,15.97152,71.1990496,0.19036,AP,ANP2.2,
712,737300-A-1,A,1,9,49350.8096,0.0,0,0.0,71.1476052,0.1900295,AP,ANP2.2,
713,737300-A-1,A,1,10,49350.8096,96.56064,0,0.0,67.4950528,0.4,AP,ANP2.2,
714,737300-A-1,A,1,11,49350.8096,869.04576,0,0.0,15.3304312,0.1,AP,ANP2.2,
715,737300-D-1,D,1,1,49350.8096,0.0,0,0.0,0.0,0.9606795,TO,ANP2.2,
716,737300-D-1,D,1,2,49350.8096,1372.14864,0,0.0,80.5619304,0.7570805,TO,ANP2.2,
717,737300-D-1,D,1,3,49350.8096,3562.83768,0,457.2,82.3624844,0.79213,TO,ANP2.2,
718,737300-D-1,D,1,4,49350.8096,3867.63768,0,513.80136,82.568262,0.7495565,CL,ANP2.2,
719,737300-D-1,D,1,5,49350.8096,6024.49392,0,914.4,84.2144828,0.762118,CL,ANP2.2,
720,737300-D-1,D,1,6,49350.8096,7479.88344,0,1033.7292,99.4934696,0.744373,CL,ANP2.2,
721,737300-D-1,D,1,7,49350.8096,8677.32072,0,1131.35664,110.2453492,0.732569,CL,ANP2.2,
722,737300-D-1,D,1,8,49350.8096,12269.51064,0,1412.65656,137.0478816,0.705246,CL,ANP2.2,
723,737300-D-1,D,1,9,49350.8096,14055.15096,0,1676.4,138.8484356,0.7132805,CL,ANP2.2,
724,737300-D-1,D,1,10,49350.8096,18399.34344,0,2286.0,143.1697652,0.7315645,CL,ANP2.2,
725,737300-D-1,D,1,11,49350.8096,24313.25592,0,3048.0,148.8286492,0.7538565,CL,ANP2.2,
726,737300-D-2,D,2,1,51754.8472,0.0,0,0.0,0.0,0.9606795,TO,ANP2.2,
727,737300-D-2,D,2,2,51754.8472,1518.90984,0,0.0,82.5168176,0.7521805,TO,ANP2.2,
728,737300-D-2,D,2,3,51754.8472,3885.95616,0,457.2,84.3173716,0.78723,TO,ANP2.2,
729,737300-D-2,D,2,4,51754.8472,4190.75616,0,509.68656,84.5745936,0.74647,CL,ANP2.2,
730,737300-D-2,D,2,5,51754.8472,6541.3128,0,914.4,86.2208144,0.7591615,CL,ANP2.2,
731,737300-D-2,D,2,6,51754.8472,7997.06808,0,1025.31672,100.2651356,0.7429415,CL,ANP2.2,
732,737300-D-2,D,2,7,51754.8472,9113.64192,0,1110.3864,109.6280164,0.7326225,CL,ANP2.2,
733,737300-D-2,D,2,8,51754.8472,13000.7868,0,1396.1364,136.9449928,0.70474,CL,ANP2.2,
734,737300-D-2,D,2,9,51754.8472,15031.42536,0,1676.4,138.8484356,0.7132805,CL,ANP2.2,
735,737300-D-2,D,2,10,51754.8472,19689.10464,0,2286.0,143.1697652,0.7315645,CL,ANP2.2,
736,737300-D-2,D,2,11,51754.8472,26040.4356,0,3048.0,148.8286492,0.7538565,CL,ANP2.2,
737,737300-D-3,D,3,1,54385.6808,0.0,0,0.0,0.0,0.9606795,TO,ANP2.2,
738,737300-D-3,D,3,2,54385.6808,1688.98824,0,0.0,84.5745936,0.746947,TO,ANP2.2,
739,737300-D-3,D,3,3,54385.6808,4259.15328,0,457.2,86.4780364,0.7819965,TO,ANP2.2,
740,737300-D-3,D,3,4,54385.6808,4563.95328,0,505.60224,86.683814,0.743184,CL,ANP2.2,
741,737300-D-3,D,3,5,54385.6808,7137.53208,0,914.4,88.3814792,0.756004,CL,ANP2.2,
742,737300-D-3,D,3,6,54385.6808,8590.1784,0,1016.41656,101.1911348,0.7412605,CL,ANP2.2,
743,737300-D-3,D,3,7,54385.6808,10354.29984,0,1139.952,114.5152344,0.7267475,CL,ANP2.2,
744,737300-D-3,D,3,8,54385.6808,13859.46936,0,1379.09808,136.842104,0.704218,CL,ANP2.2,
745,737300-D-3,D,3,9,54385.6808,16174.33392,0,1676.4,138.8484356,0.7132805,CL,ANP2.2,
746,737300-D-3,D,3,10,54385.6808,21190.18368,0,2286.0,143.1697652,0.7315645,CL,ANP2.2,
747,737300-D-3,D,3,11,54385.6808,28043.30688,0,3048.0,148.8286492,0.7538565,CL,ANP2.2,
748,737300-D-4,D,4,1,59783.4256,0.0,0,0.0,0.0,0.9606795,TO,ANP2.2,
749,737300-D-4,D,4,2,59783.4256,2069.56152,0,0.0,88.6901456,0.7365915,TO,ANP2.2,
750,737300-D-4,D,4,3,59783.4256,5093.75664,0,457.2,90.6450328,0.771641,TO,ANP2.2,
751,737300-D-4,D,4,4,59783.4256,5398.55664,0,498.46992,90.8508104,0.7367105,CL,ANP2.2,
752,737300-D-4,D,4,5,59783.4256,8470.14816,0,914.4,92.7028088,0.7497565,CL,ANP2.2,
753,737300-D-4,D,4,6,59783.4256,9907.00584,0,1000.01832,103.2489108,0.73763,CL,ANP2.2,
754,737300-D-4,D,4,7,59783.4256,11455.72512,0,1093.43952,113.434902,0.7264795,CL,ANP2.2,
755,737300-D-4,D,4,8,59783.4256,15569.15352,0,1338.55968,136.5334376,0.702975,CL,ANP2.2,
756,737300-D-4,D,4,9,59783.4256,18598.4388,0,1676.4,138.8484356,0.7132805,CL,ANP2.2,
757,737300-D-4,D,4,10,59783.4256,24403.53768,0,2286.0,143.1697652,0.7315645,CL,ANP2.2,
758,737300-D-4,D,4,11,59783.4256,32370.18672,0,3048.0,148.8286492,0.7538565,CL,ANP2.2,
759,737400-A-1,A,1,1,52525.9536,-34895.57664,0,1828.8,139.928768,0.035602553,AP,ANP2.2,
760,737400-A-1,A,1,2,52525.9536,-17752.58832,0,930.37152,92.0340316,0.031893191,AP,ANP2.2,
761,737400-A-1,A,1,3,52525.9536,-17447.78832,0,914.4,90.9536992,0.076985532,AP,ANP2.2,
762,737400-A-1,A,1,4,52525.9536,-9028.69416,0,473.17152,83.8029276,0.072998723,AP,ANP2.2,
763,737400-A-1,A,1,5,52525.9536,-8723.89416,0,457.2,83.5457056,0.143506383,AP,ANP2.2,
764,737400-A-1,A,1,6,52525.9536,-6120.71928,0,320.77152,76.1891564,0.141182553,AP,ANP2.2,
765,737400-A-1,A,1,7,52525.9536,-5815.91928,0,304.8,75.2631572,0.183373617,AP,ANP2.2,
766,737400-A-1,A,1,8,52525.9536,-304.8,0,15.97152,74.2342692,0.177174894,AP,ANP2.2,
767,737400-A-1,A,1,9,52525.9536,0.0,0,0.0,74.1828248,0.176866383,AP,ANP2.2,
768,737400-A-1,A,1,10,52525.9536,109.78896,0,0.0,70.3759392,0.4,AP,ANP2.2,
769,737400-A-1,A,1,11,52525.9536,988.10064,0,0.0,15.3304312,0.1,AP,ANP2.2,
770,737400-D-1,D,1,1,52525.9536,0.0,0,0.0,0.0,0.941933191,TO,ANP2.2,
771,737400-D-1,D,1,2,52525.9536,1329.47664,0,0.0,84.2144828,0.759813191,TO,ANP2.2,
772,737400-D-1,D,1,3,52525.9536,3309.70128,0,457.2,86.0664812,0.776373617,TO,ANP2.2,
773,737400-D-1,D,1,4,52525.9536,3614.50128,0,517.5504,86.3237032,0.724768085,CL,ANP2.2,
774,737400-D-1,D,1,5,52525.9536,5619.2928,0,914.4,88.0213684,0.736250213,CL,ANP2.2,
775,737400-D-1,D,1,6,52525.9536,7342.08336,0,1070.06136,105.5124644,0.716561277,CL,ANP2.2,
776,737400-D-1,D,1,7,52525.9536,8248.83288,0,1150.95528,113.692124,0.707736596,CL,ANP2.2,
777,737400-D-1,D,1,8,52525.9536,11222.1264,0,1410.82776,137.0478816,0.684318723,CL,ANP2.2,
778,737400-D-1,D,1,9,52525.9536,12861.00552,0,1676.4,138.8484356,0.692002128,CL,ANP2.2,
779,737400-D-1,D,1,10,52525.9536,16818.80304,0,2286.0,143.1697652,0.709639149,CL,ANP2.2,
780,737400-D-1,D,1,11,52525.9536,22196.17608,0,3048.0,148.8286492,0.731685957,CL,ANP2.2,
781,737400-D-2,D,2,1,55066.0688,0.0,0,0.0,0.0,0.941933191,TO,ANP2.2,
782,737400-D-2,D,2,2,55066.0688,1469.5932,0,0.0,86.2208144,0.755461702,TO,ANP2.2,
783,737400-D-2,D,2,3,55066.0688,3606.48504,0,457.2,88.1242572,0.772021702,TO,ANP2.2,
784,737400-D-2,D,2,4,55066.0688,3911.28504,0,513.10032,88.3814792,0.72159234,CL,ANP2.2,
785,737400-D-2,D,2,5,55066.0688,6098.98704,0,914.4,90.0791444,0.733202979,CL,ANP2.2,
786,737400-D-2,D,2,6,55066.0688,7804.76976,0,1057.71696,106.0269084,0.715351064,CL,ANP2.2,
787,737400-D-2,D,2,7,55066.0688,8692.896,0,1131.29568,113.5892352,0.70716766,CL,ANP2.2,
788,737400-D-2,D,2,8,55066.0688,11827.03248,0,1386.96192,136.8935484,0.683628511,CL,ANP2.2,
789,737400-D-2,D,2,9,55066.0688,13734.31848,0,1676.4,138.8484356,0.692002128,CL,ANP2.2,
790,737400-D-2,D,2,10,55066.0688,17969.88024,0,2286.0,143.1697652,0.709639149,CL,ANP2.2,
791,737400-D-2,D,2,11,55066.0688,23733.00816,0,3048.0,148.8286492,0.731685957,CL,ANP2.2,
792,737400-D-3,D,3,1,57923.6984,0.0,0,0.0,0.0,0.941933191,TO,ANP2.2,
793,737400-D-3,D,3,2,57923.6984,1636.41024,0,0.0,88.4329236,0.750684681,TO,ANP2.2,
794,737400-D-3,D,3,3,57923.6984,3958.2852,0,457.2,90.3878108,0.767244681,TO,ANP2.2,
795,737400-D-3,D,3,4,57923.6984,4263.0852,0,508.65024,90.5935884,0.718117447,CL,ANP2.2,
796,737400-D-3,D,3,5,57923.6984,6667.53048,0,914.4,92.3941424,0.729857021,CL,ANP2.2,
797,737400-D-3,D,3,6,57923.6984,8348.13672,0,1044.61056,106.6956856,0.713886809,CL,ANP2.2,
798,737400-D-3,D,3,7,57923.6984,9220.41336,0,1112.00184,113.5892352,0.706454468,CL,ANP2.2,
799,737400-D-3,D,3,8,57923.6984,12548.67696,0,1365.3516,136.7392152,0.683002979,CL,ANP2.2,
800,737400-D-3,D,3,9,57923.6984,14750.796,0,1676.4,138.8484356,0.692002128,CL,ANP2.2,
801,737400-D-3,D,3,10,57923.6984,19311.5184,0,2286.0,143.1697652,0.709639149,CL,ANP2.2,
802,737400-D-3,D,3,11,57923.6984,25527.85344,0,3048.0,148.8286492,0.731685957,CL,ANP2.2,
803,737400-D-4,D,4,1,62686.4144,0.0,0,0.0,0.0,0.941933191,TO,ANP2.2,
804,737400-D-4,D,4,2,62686.4144,1936.42488,0,0.0,91.9825872,0.742977021,TO,ANP2.2,
805,737400-D-4,D,4,3,62686.4144,4589.40408,0,457.2,94.0403632,0.759537447,TO,ANP2.2,
806,737400-D-4,D,4,4,62686.4144,4894.20408,0,502.158,94.2461408,0.71253234,CL,ANP2.2,
807,737400-D-4,D,4,5,62686.4144,7688.76288,0,914.4,96.1495836,0.724459574,CL,ANP2.2,
808,737400-D-4,D,4,6,62686.4144,9358.03056,0,1028.05992,108.290462,0.71100383,CL,ANP2.2,
809,737400-D-4,D,4,7,62686.4144,10091.13552,0,1078.47384,113.434902,0.705484255,CL,ANP2.2,
810,737400-D-4,D,4,8,62686.4144,13777.17336,0,1329.50712,136.4819932,0.681965957,CL,ANP2.2,
811,737400-D-4,D,4,9,62686.4144,16531.19376,0,1676.4,138.8484356,0.692002128,CL,ANP2.2,
812,737400-D-4,D,4,10,62686.4144,21666.18984,0,2286.0,143.1697652,0.709639149,CL,ANP2.2,
813,737400-D-4,D,4,11,62686.4144,28687.4712,0,3048.0,148.8286492,0.731685957,CL,ANP2.2,
814,737400-D-0,D,0,1,,0.0,0,0.0,0.0,0.941933191,TO,ANP2.2,
815,737400-D-0,D,0,2,,2307.00072,0,0.0,95.8409172,0.734657447,TO,ANP2.2,
816,737400-D-0,D,0,3,,5371.12464,0,457.2,97.9501376,0.751217447,TO,ANP2.2,
817,737400-D-0,D,0,4,,5675.92464,0,496.03152,98.1559152,0.706528511,CL,ANP2.2,
818,737400-D-0,D,0,5,,8958.55968,0,914.4,100.1622468,0.718632766,CL,ANP2.2,
819,737400-D-0,D,0,6,,10596.03672,0,1010.77776,110.2453492,0.707557872,CL,ANP2.2,
820,737400-D-0,D,0,7,,11073.50592,0,1039.33752,113.17768,0.704351915,CL,ANP2.2,
821,737400-D-0,D,0,8,,15110.09424,0,1279.30656,136.1733268,0.680513617,CL,ANP2.2,
822,737400-D-0,D,0,9,,18672.16992,0,1676.4,138.8484356,0.692002128,CL,ANP2.2,
823,737400-D-0,D,0,10,,24506.43816,0,2286.0,143.1697652,0.709639149,CL,ANP2.2,
824,737400-D-0,D,0,11,,32515.6068,0,3048.0,148.8286492,0.731685957,CL,ANP2.2,
825,737500-A-1,A,1,1,46901.4128,-34895.57664,0,1828.8,139.928768,0.031822,AP,ANP2.2,
826,737500-A-1,A,1,2,46901.4128,-17752.58832,0,930.37152,92.0340316,0.0285065,AP,ANP2.2,
827,737500-A-1,A,1,3,46901.4128,-17447.78832,0,914.4,90.9536992,0.0823715,AP,ANP2.2,
828,737500-A-1,A,1,4,46901.4128,-9028.69416,0,473.17152,75.623268,0.078106,AP,ANP2.2,
829,737500-A-1,A,1,5,46901.4128,-8723.89416,0,457.2,75.0059352,0.1522615,AP,ANP2.2,
830,737500-A-1,A,1,6,46901.4128,-6120.71928,0,320.77152,70.7874944,0.1497955,AP,ANP2.2,
831,737500-A-1,A,1,7,46901.4128,-5815.91928,0,304.8,70.2730504,0.193392,AP,ANP2.2,
832,737500-A-1,A,1,8,46901.4128,-304.8,0,15.97152,69.2956068,0.186855,AP,ANP2.2,
833,737500-A-1,A,1,9,46901.4128,0.0,0,0.0,69.2441624,0.1865315,AP,ANP2.2,
834,737500-A-1,A,1,10,46901.4128,95.76816,0,0.0,65.6944988,0.4,AP,ANP2.2,
835,737500-A-1,A,1,11,46901.4128,861.91344,0,0.0,15.3304312,0.1,AP,ANP2.2,
836,737500-D-1,D,1,1,46901.4128,0.0,0,0.0,0.0,0.9789745,TO,ANP2.2,
837,737500-D-1,D,1,2,46901.4128,1188.01896,0,0.0,78.1440436,0.7748115,TO,ANP2.2,
838,737500-D-1,D,1,3,46901.4128,3210.88512,0,457.2,79.8417088,0.814601,TO,ANP2.2,
839,737500-D-1,D,1,4,46901.4128,3515.68512,0,516.87984,80.0989308,0.755852,CL,ANP2.2,
840,737500-D-1,D,1,5,46901.4128,5545.92744,0,914.4,81.6422628,0.768505,CL,ANP2.2,
841,737500-D-1,D,1,6,46901.4128,7158.86808,0,1057.71696,99.1333588,0.7473695,CL,ANP2.2,
842,737500-D-1,D,1,7,46901.4128,8418.81984,0,1168.20696,110.9141264,0.7338155,CL,ANP2.2,
843,737500-D-1,D,1,8,46901.4128,11672.34648,0,1437.894,137.2536592,0.705214,CL,ANP2.2,
844,737500-D-1,D,1,9,46901.4128,13169.58504,0,1676.4,138.8484356,0.712525,CL,ANP2.2,
845,737500-D-1,D,1,10,46901.4128,17186.51376,0,2286.0,143.1697652,0.7308495,CL,ANP2.2,
846,737500-D-1,D,1,11,46901.4128,22643.592,0,3048.0,148.8286492,0.7530235,CL,ANP2.2,
847,737500-D-2,D,2,1,49214.732,0.0,0,0.0,0.0,0.9789745,TO,ANP2.2,
848,737500-D-2,D,2,2,49214.732,1316.55312,0,0.0,80.0474864,0.769837,TO,ANP2.2,
849,737500-D-2,D,2,3,49214.732,3505.16952,0,457.2,81.796596,0.8096265,TO,ANP2.2,
850,737500-D-2,D,2,4,49214.732,3809.96952,0,512.42976,82.0023736,0.7526675,CL,ANP2.2,
851,737500-D-2,D,2,5,49214.732,6028.76112,0,914.4,83.6485944,0.765464,CL,ANP2.2,
852,737500-D-2,D,2,6,49214.732,7643.622,0,1047.71952,99.6478028,0.746157,CL,ANP2.2,
853,737500-D-2,D,2,7,49214.732,8858.06712,0,1147.32816,110.348238,0.7338995,CL,ANP2.2,
854,737500-D-2,D,2,8,49214.732,12373.356,0,1420.73376,137.099326,0.704685,CL,ANP2.2,
855,737500-D-2,D,2,9,49214.732,14089.65432,0,1676.4,138.8484356,0.712525,CL,ANP2.2,
856,737500-D-2,D,2,10,49214.732,18392.79024,0,2286.0,143.1697652,0.7308495,CL,ANP2.2,
857,737500-D-2,D,2,11,49214.732,24247.23624,0,3048.0,148.8286492,0.7530235,CL,ANP2.2,
858,737500-D-3,D,3,1,51754.8472,0.0,0,0.0,0.0,0.9789745,TO,ANP2.2,
859,737500-D-3,D,3,2,51754.8472,1466.088,0,0.0,82.053818,0.7645075,TO,ANP2.2,
860,737500-D-3,D,3,3,51754.8472,3846.24072,0,457.2,83.9058164,0.8042975,TO,ANP2.2,
861,737500-D-3,D,3,4,51754.8472,4151.04072,0,508.04064,84.111594,0.749268,CL,ANP2.2,
862,737500-D-3,D,3,5,51754.8472,6588.06912,0,914.4,85.7578148,0.7622055,CL,ANP2.2,
863,737500-D-3,D,3,6,51754.8472,8212.01304,0,1038.27072,100.4194688,0.7446335,CL,ANP2.2,
864,737500-D-3,D,3,7,51754.8472,9343.46112,0,1124.22432,109.7309052,0.7339135,CL,ANP2.2,
865,737500-D-3,D,3,8,51754.8472,13162.51368,0,1402.50672,136.9964372,0.704122,CL,ANP2.2,
866,737500-D-3,D,3,9,51754.8472,15137.00808,0,1676.4,138.8484356,0.712525,CL,ANP2.2,
867,737500-D-3,D,3,10,51754.8472,19767.07248,0,2286.0,143.1697652,0.7308495,CL,ANP2.2,
868,737500-D-3,D,3,11,51754.8472,26077.0116,0,3048.0,148.8286492,0.7530235,CL,ANP2.2,
869,737500-D-4,D,4,1,57016.5144,0.0,0,0.0,0.0,0.9789745,TO,ANP2.2,
870,737500-D-4,D,4,2,57016.5144,1804.416,0,0.0,86.1179256,0.7538695,TO,ANP2.2,
871,737500-D-4,D,4,3,57016.5144,4617.32376,0,457.2,88.0728128,0.7936595,TO,ANP2.2,
872,737500-D-4,D,4,4,57016.5144,4922.12376,0,500.26824,88.227146,0.742514,CL,ANP2.2,
873,737500-D-4,D,4,5,57016.5144,7853.26344,0,914.4,90.0277,0.755701,CL,ANP2.2,
874,737500-D-4,D,4,6,57016.5144,9445.05096,0,1017.66624,101.9628008,0.741533,CL,ANP2.2,
875,737500-D-4,D,4,7,57016.5144,11216.45712,0,1132.9416,114.1036792,0.7276445,CL,ANP2.2,
876,737500-D-4,D,4,8,57016.5144,14954.95104,0,1370.41128,136.7906596,0.703131,CL,ANP2.2,
877,737500-D-4,D,4,9,57016.5144,17495.00184,0,1676.4,138.8484356,0.712525,CL,ANP2.2,
878,737500-D-4,D,4,10,57016.5144,22848.32616,0,2286.0,143.1697652,0.7308495,CL,ANP2.2,
879,737500-D-4,D,4,11,57016.5144,30172.57872,0,3048.0,148.8286492,0.7530235,CL,ANP2.2,
880,737500-D-5,D,5,1,57560.8248,0.0,0,0.0,0.0,0.9789745,TO,ANP2.2,
881,737500-D-5,D,5,2,57560.8248,1841.66256,0,0.0,86.5294808,0.7527975,TO,ANP2.2,
882,737500-D-5,D,5,3,57560.8248,4702.36296,0,457.2,88.484368,0.7925875,TO,ANP2.2,
883,737500-D-5,D,5,4,57560.8248,5007.16296,0,499.53672,88.6387012,0.741836,CL,ANP2.2,
884,737500-D-5,D,5,5,57560.8248,7993.01424,0,914.4,90.4392552,0.755046,CL,ANP2.2,
885,737500-D-5,D,5,6,57560.8248,9578.55336,0,1015.65456,102.117134,0.7412245,CL,ANP2.2,
886,737500-D-5,D,5,7,57560.8248,11335.45104,0,1128.522,113.949346,0.7276695,CL,ANP2.2,
887,737500-D-5,D,5,8,57560.8248,15144.9024,0,1367.60712,136.7392152,0.7030445,CL,ANP2.2,
888,737500-D-5,D,5,9,57560.8248,17744.75496,0,1676.4,138.8484356,0.712525,CL,ANP2.2,
889,737500-D-5,D,5,10,57560.8248,23176.74816,0,2286.0,143.1697652,0.7308495,CL,ANP2.2,
890,737500-D-5,D,5,11,57560.8248,30611.826,0,3048.0,148.8286492,0.7530235,CL,ANP2.2,
891,737500-D-0,D,0,1,,0.0,0,0.0,0.0,0.9789745,TO,ANP2.2,
892,737500-D-0,D,0,2,,1891.95456,0,0.0,87.0953692,0.7513765,TO,ANP2.2,
893,737500-D-0,D,0,3,,4817.42496,0,457.2,89.0502564,0.791166,TO,ANP2.2,
894,737500-D-0,D,0,4,,5122.22496,0,498.62232,89.2045896,0.740937,CL,ANP2.2,
895,737500-D-0,D,0,5,,8182.14264,0,914.4,91.056588,0.7541765,CL,ANP2.2,
896,737500-D-0,D,0,6,,9762.86592,0,1013.0028,102.374356,0.7407325,CL,ANP2.2,
897,737500-D-0,D,0,7,,11482.18176,0,1120.62768,113.7950128,0.7275865,CL,ANP2.2,
898,737500-D-0,D,0,8,,15375.54456,0,1360.932,136.6877708,0.7028375,CL,ANP2.2,
899,737500-D-0,D,0,9,,18081.55896,0,1676.4,138.8484356,0.712525,CL,ANP2.2,
900,737500-D-0,D,0,10,,23619.59208,0,2286.0,143.1697652,0.7308495,CL,ANP2.2,
901,737500-D-0,D,0,11,,31204.29624,0,3048.0,148.8286492,0.7530235,CL,ANP2.2,
902,737700-A-1,A,1,1,54431.04,-34895.57664,0,1828.8,139.928768,0.013284583,AP,ANP2.2,
903,737700-A-1,A,1,2,54431.04,-17752.58832,0,930.37152,92.5484756,0.0119,AP,ANP2.2,
904,737700-A-1,A,1,3,54431.04,-17447.78832,0,914.4,91.4681432,0.0652625,AP,ANP2.2,
905,737700-A-1,A,1,4,54431.04,-9028.69416,0,473.17152,73.9770472,0.0618825,AP,ANP2.2,
906,737700-A-1,A,1,5,54431.04,-8723.89416,0,457.2,73.2568256,0.138454167,AP,ANP2.2,
907,737700-A-1,A,1,6,54431.04,-6120.71928,0,320.77152,69.5013844,0.136211667,AP,ANP2.2,
908,737700-A-1,A,1,7,54431.04,-5815.91928,0,304.8,69.0898292,0.2331725,AP,ANP2.2,
909,737700-A-1,A,1,8,54431.04,-304.8,0,15.97152,68.2152744,0.225290833,AP,ANP2.2,
910,737700-A-1,A,1,9,54431.04,0.0,0,0.0,68.16383,0.224894167,AP,ANP2.2,
911,737700-A-1,A,1,10,54431.04,92.87256,0,0.0,59.3668376,0.4,AP,ANP2.2,
912,737700-A-1,A,1,11,54431.04,835.73112,0,0.0,15.3304312,0.1,AP,ANP2.2,
913,737700-D-1,D,1,1,54431.04,0.0,0,0.0,0.0,0.981564583,TO,ANP2.2,
914,737700-D-1,D,1,2,54431.04,1053.48024,0,0.0,75.366046,0.80145,TO,ANP2.2,
915,737700-D-1,D,1,3,54431.04,2883.83472,0,457.2,77.0637112,0.820725417,TO,ANP2.2,
916,737700-D-1,D,1,4,54431.04,3188.63472,0,525.50568,77.3209332,0.788880833,CL,ANP2.2,
917,737700-D-1,D,1,5,54431.04,4923.67824,0,914.4,78.7613764,0.799365,CL,ANP2.2,
918,737700-D-1,D,1,6,54431.04,6830.04984,0,1105.99728,105.2552424,0.757780417,CL,ANP2.2,
919,737700-D-1,D,1,7,54431.04,10319.21736,0,1430.76168,137.2022148,0.71312875,CL,ANP2.2,
920,737700-D-1,D,1,8,54431.04,11719.4076,0,1676.4,138.8484356,0.720945,CL,ANP2.2,
921,737700-D-1,D,1,9,54431.04,15529.04184,0,2286.0,143.1697652,0.741862083,CL,ANP2.2,
922,737700-D-1,D,1,10,54431.04,20660.22792,0,3048.0,148.8286492,0.771055,CL,ANP2.2,
923,737700-D-2,D,2,1,56699.0,0.0,0,0.0,0.0,0.981564583,TO,ANP2.2,
924,737700-D-2,D,2,2,56699.0,1148.42544,0,0.0,76.909378,0.79773625,TO,ANP2.2,
925,737700-D-2,D,2,3,56699.0,3098.84064,0,457.2,78.6584876,0.817011667,TO,ANP2.2,
926,737700-D-2,D,2,4,56699.0,3403.64064,0,521.32992,78.8642652,0.785772083,CL,ANP2.2,
927,737700-D-2,D,2,5,56699.0,5272.1256,0,914.4,80.4075972,0.796364583,CL,ANP2.2,
928,737700-D-2,D,2,6,56699.0,7294.3212,0,1106.05824,106.5927968,0.75531125,CL,ANP2.2,
929,737700-D-2,D,2,7,56699.0,10833.56736,0,1418.60016,137.099326,0.71275125,CL,ANP2.2,
930,737700-D-2,D,2,8,56699.0,12385.27368,0,1676.4,138.8484356,0.720945,CL,ANP2.2,
931,737700-D-2,D,2,9,56699.0,16227.43008,0,2286.0,143.1697652,0.741862083,CL,ANP2.2,
932,737700-D-2,D,2,10,56699.0,21671.24952,0,3048.0,148.8286492,0.771055,CL,ANP2.2,
933,737700-D-3,D,3,1,59103.0376,0.0,0,0.0,0.0,0.981564583,TO,ANP2.2,
934,737700-D-3,D,3,2,59103.0376,1253.91672,0,0.0,78.5555988,0.793879167,TO,ANP2.2,
935,737700-D-3,D,3,3,59103.0376,3336.036,0,457.2,80.3047084,0.813154583,TO,ANP2.2,
936,737700-D-3,D,3,4,59103.0376,3640.836,0,517.27608,80.510486,0.782552083,CL,ANP2.2,
937,737700-D-3,D,3,5,59103.0376,5656.0212,0,914.4,82.1052624,0.79324875,CL,ANP2.2,
938,737700-D-3,D,3,6,59103.0376,7815.28536,0,1106.8812,108.1361288,0.752569167,CL,ANP2.2,
939,737700-D-3,D,3,7,59103.0376,11387.0232,0,1405.79856,136.9964372,0.712354167,CL,ANP2.2,
940,737700-D-3,D,3,8,59103.0376,13109.50896,0,1676.4,138.8484356,0.720945,CL,ANP2.2,
941,737700-D-3,D,3,9,59103.0376,17177.58312,0,2286.0,143.1697652,0.741862083,CL,ANP2.2,
942,737700-D-3,D,3,10,59103.0376,22964.45496,0,3048.0,148.8286492,0.771055,CL,ANP2.2,
943,737700-D-4,D,4,1,64001.8312,0.0,0,0.0,0.0,0.981564583,TO,ANP2.2,
944,737700-D-4,D,4,2,64001.8312,1484.65032,0,0.0,81.7451516,0.786255833,TO,ANP2.2,
945,737700-D-4,D,4,3,64001.8312,3850.62984,0,457.2,83.5457056,0.80553125,TO,ANP2.2,
946,737700-D-4,D,4,4,64001.8312,4155.42984,0,510.05232,83.7514832,0.776207083,CL,ANP2.2,
947,737700-D-4,D,4,5,64001.8312,6487.75944,0,914.4,85.4491484,0.78709,CL,ANP2.2,
948,737700-D-4,D,4,6,64001.8312,8928.0492,0,1106.97264,111.0170152,0.747235833,CL,ANP2.2,
949,737700-D-4,D,4,7,64001.8312,12529.84032,0,1378.06176,136.842104,0.7114975,CL,ANP2.2,
950,737700-D-4,D,4,8,64001.8312,14647.4688,0,1676.4,138.8484356,0.720945,CL,ANP2.2,
951,737700-D-4,D,4,9,64001.8312,19195.8468,0,2286.0,143.1697652,0.741862083,CL,ANP2.2,
952,737700-D-4,D,4,10,64001.8312,25721.73672,0,3048.0,148.8286492,0.771055,CL,ANP2.2,
953,737700-D-5,D,5,1,70034.6048,0.0,0,0.0,0.0,0.981564583,TO,ANP2.2,
954,737700-D-5,D,5,2,70034.6048,1798.25904,0,0.0,85.5005928,0.777258333,TO,ANP2.2,
955,737700-D-5,D,5,3,70034.6048,4546.06152,0,457.2,87.4040356,0.79653375,TO,ANP2.2,
956,737700-D-5,D,5,4,70034.6048,4850.86152,0,502.64568,87.6098132,0.768748333,CL,ANP2.2,
957,737700-D-5,D,5,5,70034.6048,7611.89232,0,914.4,89.3589228,0.77982125,CL,ANP2.2,
958,737700-D-5,D,5,6,70034.6048,13877.63544,0,1329.65952,136.4819932,0.710014167,CL,ANP2.2,
959,737700-D-5,D,5,7,70034.6048,16668.04896,0,1676.4,138.8484356,0.720945,CL,ANP2.2,
960,737700-D-5,D,5,8,70034.6048,21847.97256,0,2286.0,143.1697652,0.741862083,CL,ANP2.2,
961,737700-D-5,D,5,9,70034.6048,28846.4244,0,3048.0,148.8286492,0.771055,CL,ANP2.2,
962,737700-D-6,D,6,1,70079.964,0.0,0,0.0,0.0,0.981564583,TO,ANP2.2,
963,737700-D-6,D,6,2,70079.964,1800.7584,0,0.0,85.5005928,0.777192083,TO,ANP2.2,
964,737700-D-6,D,6,3,70079.964,4551.5784,0,457.2,87.4040356,0.7964675,TO,ANP2.2,
965,737700-D-6,D,6,4,70079.964,4856.3784,0,502.6152,87.6098132,0.76869375,CL,ANP2.2,
966,737700-D-6,D,6,5,70079.964,7620.79248,0,914.4,89.4103672,0.779767917,CL,ANP2.2,
967,737700-D-6,D,6,6,70079.964,13894.49088,0,1330.17768,136.4819932,0.710029583,CL,ANP2.2,
968,737700-D-6,D,6,7,70079.964,16683.50232,0,1676.4,138.8484356,0.720945,CL,ANP2.2,
969,737700-D-6,D,6,8,70079.964,21868.36368,0,2286.0,143.1697652,0.741862083,CL,ANP2.2,
970,737700-D-6,D,6,9,70079.964,28873.61256,0,3048.0,148.8286492,0.771055,CL,ANP2.2,
971,737800-A-1,A,1,1,60463.8136,-43964.352,0,1828.8,140.0831012,0.013117871,AP,ANP2.2,
972,737800-A-1,A,1,2,60463.8136,-41257.728,0,1689.2016,139.157102,0.012623574,AP,ANP2.2,
973,737800-A-1,A,1,3,60463.8136,-38569.392,0,1550.2128,138.2311028,0.012205323,AP,ANP2.2,
974,737800-A-1,A,1,4,60463.8136,-34570.7208,0,1342.644,136.8935484,0.011977186,AP,ANP2.2,
975,737800-A-1,A,1,5,60463.8136,-31927.1904,0,1205.1792,136.0189936,0.011863118,AP,ANP2.2,
976,737800-A-1,A,1,6,60463.8136,-29301.3384,0,1068.324,135.1444388,0.011673004,AP,ANP2.2,
977,737800-A-1,A,1,7,60463.8136,-26692.5552,0,932.3832,134.269884,0.011520913,AP,ANP2.2,
978,737800-A-1,A,1,8,60463.8136,-26349.96,0,914.4,134.1669952,0.011520913,AP,ANP2.2,
979,737800-A-1,A,1,9,60463.8136,-24170.64,0,914.4,125.1642252,0.01460076,AP,ANP2.2,
980,737800-A-1,A,1,10,60463.8136,-21848.9784,0,914.4,115.2869004,0.018212928,AP,ANP2.2,
981,737800-A-1,A,1,11,60463.8136,-19721.7792,0,914.4,105.5639088,0.022319392,AP,ANP2.2,
982,737800-A-1,A,1,12,60463.8136,-18538.5456,0,914.4,98.8761368,0.024980989,AP,ANP2.2,
983,737800-A-1,A,1,13,60463.8136,-16969.1304,0,914.4,88.1757016,0.028631179,AP,ANP2.2,
984,737800-A-1,A,1,14,60463.8136,-16389.4008,0,914.4,82.825484,0.030494297,AP,ANP2.2,
985,737800-A-1,A,1,15,60463.8136,-15385.6944,0,853.7448,75.6747124,0.032889734,AP,ANP2.2,
986,737800-A-1,A,1,16,60463.8136,-15286.6344,0,848.2584,74.5429356,0.033269962,AP,ANP2.2,
987,737800-A-1,A,1,17,60463.8136,-15256.1544,0,846.4296,74.5429356,0.249961977,AP,ANP2.2,
988,737800-A-1,A,1,18,60463.8136,-13280.136,0,736.7016,74.1828248,0.24661597,AP,ANP2.2,
989,737800-A-1,A,1,19,60463.8136,-12581.5344,0,697.992,74.0284916,0.245475285,AP,ANP2.2,
990,737800-A-1,A,1,20,60463.8136,-11187.9888,0,620.5728,73.7712696,0.243231939,AP,ANP2.2,
991,737800-A-1,A,1,21,60463.8136,-9800.2344,0,543.7632,73.4626032,0.240988593,AP,ANP2.2,
992,737800-A-1,A,1,22,60463.8136,-7728.5088,0,428.5488,73.051048,0.237718631,AP,ANP2.2,
993,737800-A-1,A,1,23,60463.8136,-5668.6704,0,314.2488,72.6909372,0.234486692,AP,ANP2.2,
994,737800-A-1,A,1,24,60463.8136,-4301.9472,0,238.3536,72.4337152,0.232357414,AP,ANP2.2,
995,737800-A-1,A,1,25,60463.8136,-2940.7104,0,162.4584,72.1764932,0.230304183,AP,ANP2.2,
996,737800-A-1,A,1,26,60463.8136,-1584.3504,0,87.1728,71.9192712,0.228250951,AP,ANP2.2,
997,737800-A-1,A,1,27,60463.8136,-908.304,0,49.6824,71.764938,0.227224335,AP,ANP2.2,
998,737800-A-1,A,1,28,60463.8136,-290.7792,0,15.24,71.6620492,0.226311787,AP,ANP2.2,
999,737800-A-1,A,1,29,60463.8136,0.0,0,0.0,71.1476052,0.226311787,AP,ANP2.2,
1000,737800-A-1,A,1,30,60463.8136,120.03024,0,0.0,67.5464972,0.415209125,AP,ANP2.2,
1001,737800-A-1,A,1,31,60463.8136,1200.3024,0,0.0,15.43332,0.103802281,AP,ANP2.2,
1002,737800-D-1,D,1,1,60463.8136,0.0,0,0.0,0.0,0.99238365,TO,ANP2.2,
1003,737800-D-1,D,1,2,60463.8136,1205.9412,0,0.0,81.282152,0.816578707,TO,ANP2.2,
1004,737800-D-1,D,1,3,60463.8136,3031.26648,0,457.2,83.082706,0.82476654,TO,ANP2.2,
1005,737800-D-1,D,1,4,60463.8136,3336.06648,0,515.23392,83.339928,0.70768327,CL,ANP2.2,
1006,737800-D-1,D,1,5,60463.8136,5432.298,0,914.4,84.9861488,0.72290038,CL,ANP2.2,
1007,737800-D-1,D,1,6,60463.8136,6363.9192,0,994.44048,95.17214,0.706912928,CL,ANP2.2,
1008,737800-D-1,D,1,7,60463.8136,7965.82608,0,1132.4844,110.60546,0.683771103,CL,ANP2.2,
1009,737800-D-1,D,1,8,60463.8136,8128.07112,0,1160.3736,110.7597932,0.684834601,CL,ANP2.2,
1010,737800-D-1,D,1,9,60463.8136,11656.9236,0,1447.28184,137.3051036,0.648706844,CL,ANP2.2,
1011,737800-D-1,D,1,10,60463.8136,13180.25304,0,1676.4,138.8484356,0.657442205,CL,ANP2.2,
1012,737800-D-1,D,1,11,60463.8136,17392.43664,0,2286.0,143.1697652,0.680681749,CL,ANP2.2,
1013,737800-D-1,D,1,12,60463.8136,23023.28136,0,3048.0,148.8286492,0.709731559,CL,ANP2.2,
1014,737800-D-2,D,2,1,63140.0064,0.0,0,0.0,0.0,0.99238365,TO,ANP2.2,
1015,737800-D-2,D,2,2,63140.0064,1321.27752,0,0.0,83.082706,0.812730038,TO,ANP2.2,
1016,737800-D-2,D,2,3,63140.0064,3272.88144,0,457.2,84.9347044,0.820917871,TO,ANP2.2,
1017,737800-D-2,D,2,4,63140.0064,3577.68144,0,511.27152,85.140482,0.703927757,CL,ANP2.2,
1018,737800-D-2,D,2,5,63140.0064,5849.50824,0,914.4,86.8381472,0.719295817,CL,ANP2.2,
1019,737800-D-2,D,2,6,63140.0064,6802.16064,0,990.56952,96.45825,0.704277947,CL,ANP2.2,
1020,737800-D-2,D,2,7,63140.0064,8586.216,0,1134.43512,112.3545696,0.680528517,CL,ANP2.2,
1021,737800-D-2,D,2,8,63140.0064,8680.97832,0,1149.7056,112.4574584,0.681110646,CL,ANP2.2,
1022,737800-D-2,D,2,9,63140.0064,12198.52272,0,1420.33752,137.099326,0.647679848,CL,ANP2.2,
1023,737800-D-2,D,2,10,63140.0064,14005.1028,0,1676.4,138.8484356,0.657442205,CL,ANP2.2,
1024,737800-D-2,D,2,11,63140.0064,18482.82816,0,2286.0,143.1697652,0.680681749,CL,ANP2.2,
1025,737800-D-2,D,2,12,63140.0064,24474.73896,0,3048.0,148.8286492,0.709731559,CL,ANP2.2,
1026,737800-D-3,D,3,1,65997.636,0.0,0,0.0,0.0,0.99238365,TO,ANP2.2,
1027,737800-D-3,D,3,2,65997.636,1450.75656,0,0.0,84.9347044,0.808709886,TO,ANP2.2,
1028,737800-D-3,D,3,3,65997.636,3542.0808,0,457.2,86.8381472,0.816897338,TO,ANP2.2,
1029,737800-D-3,D,3,4,65997.636,3846.8808,0,507.46152,87.0439248,0.70001597,CL,ANP2.2,
1030,737800-D-3,D,3,5,65997.636,6315.39504,0,914.4,88.7930344,0.715530038,CL,ANP2.2,
1031,737800-D-3,D,3,6,65997.636,7286.82312,0,986.54616,97.74436,0.7015327,CL,ANP2.2,
1032,737800-D-3,D,3,7,65997.636,9272.07696,0,1136.08104,114.1036792,0.677273764,CL,ANP2.2,
1033,737800-D-3,D,3,8,65997.636,9291.70608,0,1139.0376,114.1036792,0.677386312,CL,ANP2.2,
1034,737800-D-3,D,3,9,65997.636,12762.738,0,1389.64416,136.8935484,0.646509506,CL,ANP2.2,
1035,737800-D-3,D,3,10,65997.636,14913.98592,0,1676.4,138.8484356,0.657442205,CL,ANP2.2,
1036,737800-D-3,D,3,11,65997.636,19684.98984,0,2286.0,143.1697652,0.680681749,CL,ANP2.2,
1037,737800-D-3,D,3,12,65997.636,26076.64584,0,3048.0,148.8286492,0.709731559,CL,ANP2.2,
1038,737800-D-4,D,4,1,71077.8664,0.0,0,0.0,0.0,0.99238365,TO,ANP2.2,
1039,737800-D-4,D,4,2,71077.8664,1697.21784,0,0.0,88.1242572,0.801771483,TO,ANP2.2,
1040,737800-D-4,D,4,3,71077.8664,4050.6396,0,457.2,90.0791444,0.809959316,TO,ANP2.2,
1041,737800-D-4,D,4,4,71077.8664,4355.4396,0,501.45696,90.284922,0.693288973,CL,ANP2.2,
1042,737800-D-4,D,4,5,71077.8664,7199.376,0,914.4,92.1369204,0.709031939,CL,ANP2.2,
1043,737800-D-4,D,4,6,71077.8664,8161.4772,0,978.37752,99.6992472,0.697386312,CL,ANP2.2,
1044,737800-D-4,D,4,7,71077.8664,10421.59968,0,1129.34496,116.1100108,0.673077947,CL,ANP2.2,
1045,737800-D-4,D,4,8,71077.8664,13945.84968,0,1359.37752,136.6877708,0.645355894,CL,ANP2.2,
1046,737800-D-4,D,4,9,71077.8664,16590.14208,0,1676.4,138.8484356,0.657442205,CL,ANP2.2,
1047,737800-D-4,D,4,10,71077.8664,21909.11544,0,2286.0,143.1697652,0.680681749,CL,ANP2.2,
1048,737800-D-4,D,4,11,71077.8664,29050.51848,0,3048.0,148.8286492,0.709731559,CL,ANP2.2,
1049,737800-D-5,D,5,1,76022.0192,0.0,0,0.0,0.0,0.99238365,TO,ANP2.2,
1050,737800-D-5,D,5,2,76022.0192,1957.45608,0,0.0,91.1594768,0.795253612,TO,ANP2.2,
1051,737800-D-5,D,5,3,76022.0192,4584.4968,0,457.2,93.1658084,0.803441445,TO,ANP2.2,
1052,737800-D-5,D,5,4,76022.0192,4889.2968,0,496.45824,93.371586,0.686993536,CL,ANP2.2,
1053,737800-D-5,D,5,5,76022.0192,8134.53288,0,914.4,95.2750288,0.702926996,CL,ANP2.2,
1054,737800-D-5,D,5,6,76022.0192,9048.99384,0,967.95336,101.60269,0.693256654,CL,ANP2.2,
1055,737800-D-5,D,5,7,76022.0192,11506.2,0,1115.50704,117.4475652,0.669855133,CL,ANP2.2,
1056,737800-D-5,D,5,8,76022.0192,15102.77904,0,1327.49544,136.4819932,0.644141065,CL,ANP2.2,
1057,737800-D-5,D,5,9,76022.0192,18314.79192,0,1676.4,138.8484356,0.657442205,CL,ANP2.2,
1058,737800-D-5,D,5,10,76022.0192,24202.73544,0,2286.0,143.1697652,0.680681749,CL,ANP2.2,
1059,737800-D-5,D,5,11,76022.0192,32126.5296,0,3048.0,148.8286492,0.709731559,CL,ANP2.2,
1060,737800-D-6,D,6,1,78153.9016,0.0,0,0.0,0.0,0.99238365,TO,ANP2.2,
1061,737800-D-6,D,6,2,78153.9016,2075.93184,0,0.0,92.4455868,0.792508745,TO,ANP2.2,
1062,737800-D-6,D,6,3,78153.9016,4827.17856,0,457.2,94.5033628,0.800696198,TO,ANP2.2,
1063,737800-D-6,D,6,4,78153.9016,5131.97856,0,494.50752,94.657696,0.684348289,CL,ANP2.2,
1064,737800-D-6,D,6,5,78153.9016,8562.594,0,914.4,96.6125832,0.700355894,CL,ANP2.2,
1065,737800-D-6,D,6,6,78153.9016,9450.14112,0,963.86904,102.374356,0.691546008,CL,ANP2.2,
1066,737800-D-6,D,6,7,78153.9016,11999.39688,0,1109.7768,118.064898,0.668391635,CL,ANP2.2,
1067,737800-D-6,D,6,8,78153.9016,15615.94032,0,1314.32808,136.3791044,0.643638783,CL,ANP2.2,
1068,737800-D-6,D,6,9,78153.9016,19090.32504,0,1676.4,138.8484356,0.657442205,CL,ANP2.2,
1069,737800-D-6,D,6,10,78153.9016,25235.39784,0,2286.0,143.1697652,0.680681749,CL,ANP2.2,
1070,737800-D-6,D,6,11,78153.9016,33514.1316,0,3048.0,148.8286492,0.709731559,CL,ANP2.2,
1071,747100-A-1,A,1,1,215456.2,-34895.6376,0,1828.8,128.611,0.030264512,AP,ANP2.2,
1072,747100-A-1,A,1,2,215456.2,-17447.6664,0,914.4,73.565492,0.225167968,AP,ANP2.2,
1073,747100-A-1,A,1,3,215456.2,-8723.9856,0,457.2,73.565492,0.228497064,AP,ANP2.2,
1074,747100-A-1,A,1,4,215456.2,-5815.8888,0,304.8,73.565492,0.228497064,AP,ANP2.2,
1075,747100-A-1,A,1,5,215456.2,0.0,0,0.0,73.565492,0.228497064,AP,ANP2.2,
1076,747100-A-1,A,1,6,215456.2,128.016,0,0.0,73.565492,0.1,AP,ANP2.2,
1077,747100-A-1,A,1,7,215456.2,1280.16,0,0.0,15.43332,0.100024212,AP,ANP2.2,
1078,747100-D-1,D,1,1,215456.2,0.0,0,0.0,18.00554,1.0,TO,ANP2.2,
1079,747100-D-1,D,1,2,215456.2,1328.3184,0,0.0,75.623268,1.0,TO,ANP2.2,
1080,747100-D-1,D,1,3,215456.2,2962.3512,0,304.8,75.623268,1.0,TO,ANP2.2,
1081,747100-D-1,D,1,4,215456.2,4611.3192,0,489.8136,88.484368,1.0,CL,ANP2.2,
1082,747100-D-1,D,1,5,215456.2,4916.1192,0,508.1016,89.513256,0.69372314,CL,ANP2.2,
1083,747100-D-1,D,1,6,215456.2,11232.7944,0,888.7968,114.206568,0.69372314,CL,ANP2.2,
1084,747100-D-1,D,1,7,215456.2,11479.3776,0,914.4,114.206568,0.69372314,CL,ANP2.2,
1085,747100-D-1,D,1,8,215456.2,14769.6936,0,1079.9064,128.611,0.69372314,CL,ANP2.2,
1086,747100-D-1,D,1,9,215456.2,21190.3056,0,1676.4,128.611,0.69372314,CL,ANP2.2,
1087,747100-D-1,D,1,10,215456.2,28628.9496,0,2286.0,128.611,0.69372314,CL,ANP2.2,
1088,747100-D-1,D,1,11,215456.2,39461.8464,0,3048.0,128.611,0.69372314,CL,ANP2.2,
1089,747100-D-2,D,2,1,224528.04,0.0,0,0.0,18.00554,1.0,TO,ANP2.2,
1090,747100-D-2,D,2,2,224528.04,1442.3136,0,0.0,77.1666,1.0,TO,ANP2.2,
1091,747100-D-2,D,2,3,224528.04,3185.16,0,304.8,77.1666,1.0,TO,ANP2.2,
1092,747100-D-2,D,2,4,224528.04,4932.8832,0,486.156,90.0277,1.0,CL,ANP2.2,
1093,747100-D-2,D,2,5,224528.04,5237.6832,0,504.444,91.056588,0.69372314,CL,ANP2.2,
1094,747100-D-2,D,2,6,224528.04,11793.0168,0,859.2312,115.7499,0.69372314,CL,ANP2.2,
1095,747100-D-2,D,2,7,224528.04,12359.9448,0,914.4,115.7499,0.69372314,CL,ANP2.2,
1096,747100-D-2,D,2,8,224528.04,15424.404,0,1054.608,128.611,0.69372314,CL,ANP2.2,
1097,747100-D-2,D,2,9,224528.04,22574.7072,0,1676.4,128.611,0.69372314,CL,ANP2.2,
1098,747100-D-2,D,2,10,224528.04,30570.5256,0,2286.0,128.611,0.69372314,CL,ANP2.2,
1099,747100-D-2,D,2,11,224528.04,42272.712,0,3048.0,128.611,0.69372314,CL,ANP2.2,
1100,747100-D-3,D,3,1,235867.84,0.0,0,0.0,18.00554,1.0,TO,ANP2.2,
1101,747100-D-3,D,3,2,235867.84,1591.9704,0,0.0,79.224376,1.0,TO,ANP2.2,
1102,747100-D-3,D,3,3,235867.84,3476.8536,0,304.8,79.224376,1.0,TO,ANP2.2,
1103,747100-D-3,D,3,4,235867.84,5384.292,0,486.4608,92.085476,1.0,CL,ANP2.2,
1104,747100-D-3,D,3,5,235867.84,5689.092,0,501.7008,93.114364,0.69372314,CL,ANP2.2,
1105,747100-D-3,D,3,6,235867.84,12750.6984,0,843.3816,117.807676,0.69372314,CL,ANP2.2,
1106,747100-D-3,D,3,7,235867.84,13543.1784,0,914.4,117.807676,0.69372314,CL,ANP2.2,
1107,747100-D-3,D,3,8,235867.84,16290.036,0,1027.7856,128.611,0.69372314,CL,ANP2.2,
1108,747100-D-3,D,3,9,235867.84,24382.7808,0,1676.4,128.611,0.69372314,CL,ANP2.2,
1109,747100-D-3,D,3,10,235867.84,33124.7496,0,2286.0,128.611,0.69372314,CL,ANP2.2,
1110,747100-D-3,D,3,11,235867.84,46005.5976,0,3048.0,128.611,0.69372314,CL,ANP2.2,
1111,747100-D-4,D,4,1,249475.6,0.0,0,0.0,18.00554,1.0,TO,ANP2.2,
1112,747100-D-4,D,4,2,249475.6,1780.6416,0,0.0,81.282152,1.0,TO,ANP2.2,
1113,747100-D-4,D,4,3,249475.6,3845.3568,0,304.8,81.282152,1.0,TO,ANP2.2,
1114,747100-D-4,D,4,4,249475.6,5989.9296,0,491.9472,94.143252,1.0,CL,ANP2.2,
1115,747100-D-4,D,4,5,249475.6,6294.7296,0,505.0536,95.17214,0.69372314,CL,ANP2.2,
1116,747100-D-4,D,4,6,249475.6,14194.536,0,841.5528,119.865452,0.69372314,CL,ANP2.2,
1117,747100-D-4,D,4,7,249475.6,15060.7776,0,914.4,119.865452,0.69372314,CL,ANP2.2,
1118,747100-D-4,D,4,8,249475.6,17480.28,0,1003.4016,128.611,0.69372314,CL,ANP2.2,
1119,747100-D-4,D,4,9,249475.6,26732.484,0,1676.4,128.611,0.69372314,CL,ANP2.2,
1120,747100-D-4,D,4,10,249475.6,36452.8608,0,2286.0,128.611,0.69372314,CL,ANP2.2,
1121,747100-D-4,D,4,11,249475.6,50903.7336,0,3048.0,128.611,0.69372314,CL,ANP2.2,
1122,747100-D-5,D,5,1,283495.0,0.0,0,0.0,18.00554,1.0,TO,ANP2.2,
1123,747100-D-5,D,5,2,283495.0,2299.716,0,0.0,86.426592,1.0,TO,ANP2.2,
1124,747100-D-5,D,5,3,283495.0,4867.3512,0,304.8,86.426592,1.0,TO,ANP2.2,
1125,747100-D-5,D,5,4,283495.0,7786.116,0,512.9784,99.287692,1.0,CL,ANP2.2,
1126,747100-D-5,D,5,5,283495.0,8091.2208,0,522.732,99.802136,0.69372314,CL,ANP2.2,
1127,747100-D-5,D,5,6,283495.0,18676.0104,0,858.3168,125.009892,0.69372314,CL,ANP2.2,
1128,747100-D-5,D,5,7,283495.0,19555.0536,0,914.4,125.009892,0.69372314,CL,ANP2.2,
1129,747100-D-5,D,5,8,283495.0,20788.884,0,949.1472,128.611,0.69372314,CL,ANP2.2,
1130,747100-D-5,D,5,9,283495.0,33474.3552,0,1676.4,128.611,0.69372314,CL,ANP2.2,
1131,747100-D-5,D,5,10,283495.0,46134.8328,0,2286.0,128.611,0.69372314,CL,ANP2.2,
1132,747100-D-5,D,5,11,283495.0,65480.184,0,3048.0,128.611,0.69372314,CL,ANP2.2,
1133,747100-D-6,D,6,1,288030.92,0.0,0,0.0,18.00554,1.0,TO,ANP2.2,
1134,747100-D-6,D,6,2,288030.92,2373.7824,0,0.0,86.941036,1.0,TO,ANP2.2,
1135,747100-D-6,D,6,3,288030.92,5014.5696,0,304.8,86.941036,1.0,TO,ANP2.2,
1136,747100-D-6,D,6,4,288030.92,8177.1744,0,529.1328,99.802136,1.0,CL,ANP2.2,
1137,747100-D-6,D,6,5,288030.92,8481.9744,0,538.8864,100.31658,0.69372314,CL,ANP2.2,
1138,747100-D-6,D,6,6,288030.92,20254.2648,0,910.4376,125.524336,0.69372314,CL,ANP2.2,
1139,747100-D-6,D,6,7,288030.92,20318.8824,0,914.4,125.524336,0.69372314,CL,ANP2.2,
1140,747100-D-6,D,6,8,288030.92,21437.8032,0,945.7944,128.611,0.69372314,CL,ANP2.2,
1141,747100-D-6,D,6,9,288030.92,34595.7144,0,1676.4,128.611,0.69372314,CL,ANP2.2,
1142,747100-D-6,D,6,10,288030.92,47713.6968,0,2286.0,128.611,0.69372314,CL,ANP2.2,
1143,747100-D-6,D,6,11,288030.92,67845.432,0,3048.0,128.611,0.69372314,CL,ANP2.2,
1144,747200-A-1,A,1,1,238135.8,-34895.57664,0,1828.8,139.928768,0.021332088,AP,ANP2.2,
1145,747200-A-1,A,1,2,238135.8,-17752.58832,0,930.37152,86.8381472,0.019109231,AP,ANP2.2,
1146,747200-A-1,A,1,3,238135.8,-17447.78832,0,914.4,85.6034816,0.125852967,AP,ANP2.2,
1147,747200-A-1,A,1,4,238135.8,-9028.69416,0,473.17152,81.282152,0.119335385,AP,ANP2.2,
1148,747200-A-1,A,1,5,238135.8,-8723.89416,0,457.2,81.0763744,0.173186813,AP,ANP2.2,
1149,747200-A-1,A,1,6,238135.8,-6120.71928,0,320.77152,75.4689348,0.170382198,AP,ANP2.2,
1150,747200-A-1,A,1,7,238135.8,-5815.91928,0,304.8,74.8001576,0.266028791,AP,ANP2.2,
1151,747200-A-1,A,1,8,238135.8,-304.8,0,15.97152,73.7712696,0.257036703,AP,ANP2.2,
1152,747200-A-1,A,1,9,238135.8,0.0,0,0.0,73.7198252,0.256581538,AP,ANP2.2,
1153,747200-A-1,A,1,10,238135.8,141.00048,0,0.0,69.9129396,0.1,AP,ANP2.2,
1154,747200-A-1,A,1,11,238135.8,1269.00432,0,0.0,15.3304312,0.1,AP,ANP2.2,
1155,747200-D-1,D,1,1,238135.8,0.0,0,0.0,0.0,0.9408,TO,ANP2.2,
1156,747200-D-1,D,1,2,238135.8,1398.17856,0,0.0,78.5041544,0.770282198,TO,ANP2.2,
1157,747200-D-1,D,1,3,238135.8,3129.89976,0,304.8,79.6359312,0.777688791,TO,ANP2.2,
1158,747200-D-1,D,1,4,238135.8,5823.11256,0,604.69272,96.4068056,0.751563297,CL,ANP2.2,
1159,747200-D-1,D,1,5,238135.8,6127.91256,0,639.74472,96.6125832,0.647006593,CL,ANP2.2,
1160,747200-D-1,D,1,6,238135.8,8706.67296,0,747.522,118.32212,0.610756703,CL,ANP2.2,
1161,747200-D-1,D,1,7,238135.8,10000.06128,0,914.4,119.2995636,0.613751209,CL,ANP2.2,
1162,747200-D-1,D,1,8,238135.8,12088.30704,0,1002.30432,134.3213284,0.589462418,CL,ANP2.2,
1163,747200-D-1,D,1,9,238135.8,18057.2664,0,1676.4,138.8484356,0.600067912,CL,ANP2.2,
1164,747200-D-1,D,1,10,238135.8,24005.46888,0,2286.0,143.1697652,0.607955604,CL,ANP2.2,
1165,747200-D-1,D,1,11,238135.8,32346.71712,0,3048.0,148.8286492,0.61554022,CL,ANP2.2,
1166,747200-D-2,D,2,1,247207.64,0.0,0,0.0,0.0,0.9408,TO,ANP2.2,
1167,747200-D-2,D,2,2,247207.64,1513.0272,0,0.0,79.996042,0.767064615,TO,ANP2.2,
1168,747200-D-2,D,2,3,247207.64,3363.28512,0,304.8,81.1278188,0.774471209,TO,ANP2.2,
1169,747200-D-2,D,2,4,247207.64,6330.17784,0,614.44632,98.0530264,0.748441978,CL,ANP2.2,
1170,747200-D-2,D,2,5,247207.64,6634.97784,0,647.05992,98.2073596,0.644274945,CL,ANP2.2,
1171,747200-D-2,D,2,6,247207.64,9598.03008,0,773.82624,120.0712296,0.608368132,CL,ANP2.2,
1172,747200-D-2,D,2,7,247207.64,10758.5256,0,914.4,120.89434,0.610882637,CL,ANP2.2,
1173,747200-D-2,D,2,8,247207.64,12792.57792,0,999.50016,134.3213284,0.589414505,CL,ANP2.2,
1174,747200-D-2,D,2,9,247207.64,19133.82,0,1676.4,138.8484356,0.600067912,CL,ANP2.2,
1175,747200-D-2,D,2,10,247207.64,25439.58336,0,2286.0,143.1697652,0.607955604,CL,ANP2.2,
1176,747200-D-2,D,2,11,247207.64,34303.4112,0,3048.0,148.8286492,0.61554022,CL,ANP2.2,
1177,747200-D-3,D,3,1,256279.48,0.0,0,0.0,0.0,0.9408,TO,ANP2.2,
1178,747200-D-3,D,3,2,256279.48,1632.84408,0,0.0,81.4364852,0.763905495,TO,ANP2.2,
1179,747200-D-3,D,3,3,256279.48,3607.79568,0,304.8,82.6197064,0.771312088,TO,ANP2.2,
1180,747200-D-3,D,3,4,256279.48,6879.61032,0,624.9924,99.6992472,0.745337802,CL,ANP2.2,
1181,747200-D-3,D,3,5,256279.48,7184.41032,0,655.32,99.8535804,0.641561099,CL,ANP2.2,
1182,747200-D-3,D,3,6,256279.48,10598.90184,0,803.63568,121.8203392,0.60603978,CL,ANP2.2,
1183,747200-D-3,D,3,7,256279.48,11572.37208,0,914.4,122.4891164,0.608014066,CL,ANP2.2,
1184,747200-D-3,D,3,8,256279.48,13523.73216,0,995.56824,134.269884,0.589346593,CL,ANP2.2,
1185,747200-D-3,D,3,9,256279.48,20263.866,0,1676.4,138.8484356,0.600067912,CL,ANP2.2,
1186,747200-D-3,D,3,10,256279.48,26942.06448,0,2286.0,143.1697652,0.607955604,CL,ANP2.2,
1187,747200-D-3,D,3,11,256279.48,36353.00832,0,3048.0,148.8286492,0.61554022,CL,ANP2.2,
1188,747200-D-4,D,4,1,276691.12,0.0,0,0.0,0.0,0.9408,TO,ANP2.2,
1189,747200-D-4,D,4,2,276691.12,1920.63624,0,0.0,84.626038,0.756996044,TO,ANP2.2,
1190,747200-D-4,D,4,3,276691.12,4201.668,0,304.8,85.8607036,0.764402637,TO,ANP2.2,
1191,747200-D-4,D,4,4,276691.12,8194.63944,0,644.40816,102.9402444,0.739091209,CL,ANP2.2,
1192,747200-D-4,D,4,5,276691.12,8499.43944,0,670.43808,103.0945776,0.636105934,CL,ANP2.2,
1193,747200-D-4,D,4,6,276691.12,12156.24696,0,783.21408,124.9070032,0.599932747,CL,ANP2.2,
1194,747200-D-4,D,4,7,276691.12,13469.47776,0,914.4,125.7301136,0.602276923,CL,ANP2.2,
1195,747200-D-4,D,4,8,276691.12,15440.2536,0,974.53704,136.842104,0.584202418,CL,ANP2.2,
1196,747200-D-4,D,4,9,276691.12,23376.87984,0,1676.4,141.6264332,0.595286813,CL,ANP2.2,
1197,747200-D-4,D,4,10,276691.12,31054.88328,0,2286.0,146.0506516,0.603174505,CL,ANP2.2,
1198,747200-D-4,D,4,11,276691.12,41947.12464,0,3048.0,151.8124244,0.610759341,CL,ANP2.2,
1199,747200-D-5,D,5,1,301638.68,0.0,0,0.0,0.0,0.9408,TO,ANP2.2,
1200,747200-D-5,D,5,2,301638.68,2307.27504,0,0.0,88.3300348,0.748888571,TO,ANP2.2,
1201,747200-D-5,D,5,3,301638.68,5019.294,0,304.8,89.6675892,0.756295165,TO,ANP2.2,
1202,747200-D-5,D,5,4,301638.68,10325.95344,0,684.85512,107.3644628,0.731073846,CL,ANP2.2,
1203,747200-D-5,D,5,5,301638.68,10630.75344,0,706.09968,107.518796,0.629118462,CL,ANP2.2,
1204,747200-D-5,D,5,6,301638.68,15942.1068,0,873.95304,129.7427768,0.593912527,CL,ANP2.2,
1205,747200-D-5,D,5,7,301638.68,16419.85032,0,914.4,129.9999988,0.594627253,CL,ANP2.2,
1206,747200-D-5,D,5,8,301638.68,18980.74944,0,990.05136,141.214878,0.576820879,CL,ANP2.2,
1207,747200-D-5,D,5,9,301638.68,28162.20936,0,1676.4,146.102096,0.587637363,CL,ANP2.2,
1208,747200-D-5,D,5,10,301638.68,37299.32088,0,2286.0,150.6292032,0.595524835,CL,ANP2.2,
1209,747200-D-5,D,5,11,301638.68,50389.77984,0,3048.0,156.5967536,0.60310967,CL,ANP2.2,
1210,747200-D-6,D,6,1,328854.2,0.0,0,0.0,0.0,0.9408,TO,ANP2.2,
1211,747200-D-6,D,6,2,328854.2,2773.74096,0,0.0,92.2398092,0.740417802,TO,ANP2.2,
1212,747200-D-6,D,6,3,328854.2,6046.80528,0,304.8,93.5773636,0.747824396,TO,ANP2.2,
1213,747200-D-6,D,6,4,328854.2,12956.5908,0,716.5848,111.2742372,0.723973846,CL,ANP2.2,
1214,747200-D-6,D,6,5,328854.2,13261.3908,0,733.83648,111.377126,0.622936264,CL,ANP2.2,
1215,747200-D-6,D,6,6,328854.2,19044.72696,0,849.14232,133.2924404,0.586777143,CL,ANP2.2,
1216,747200-D-6,D,6,7,328854.2,19953.732,0,914.4,133.75544,0.587933626,CL,ANP2.2,
1217,747200-D-6,D,6,8,328854.2,22707.38664,0,967.22184,144.815986,0.569732088,CL,ANP2.2,
1218,747200-D-6,D,6,9,328854.2,34001.202,0,1676.4,149.960426,0.580943736,CL,ANP2.2,
1219,747200-D-6,D,6,10,328854.2,45001.25112,0,2286.0,154.6418664,0.588831429,CL,ANP2.2,
1220,747200-D-6,D,6,11,328854.2,60965.0292,0,3048.0,160.76375,0.596416264,CL,ANP2.2,
1221,747200-D-7,D,7,1,351533.8,0.0,0,0.0,0.0,0.9408,TO,ANP2.2,
1222,747200-D-7,D,7,2,351533.8,3198.81504,0,0.0,95.3779176,0.733623297,TO,ANP2.2,
1223,747200-D-7,D,7,3,351533.8,7034.08296,0,304.8,96.7669164,0.74102989,TO,ANP2.2,
1224,747200-D-7,D,7,4,351533.8,15948.08088,0,759.34824,114.6695676,0.718215165,CL,ANP2.2,
1225,747200-D-7,D,7,5,351533.8,16252.88088,0,773.52144,114.7724564,0.617924615,CL,ANP2.2,
1226,747200-D-7,D,7,6,351533.8,24324.62496,0,936.52848,137.099326,0.582584615,CL,ANP2.2,
1227,747200-D-7,D,7,7,351533.8,27770.75472,0,1001.05464,148.2627608,0.56457956,CL,ANP2.2,
1228,747200-D-7,D,7,8,351533.8,40287.48864,0,1676.4,153.304312,0.575206593,CL,ANP2.2,
1229,747200-D-7,D,7,9,351533.8,53168.97672,0,2286.0,158.0371968,0.583094066,CL,ANP2.2,
1230,747200-D-7,D,7,10,351533.8,72112.20528,0,3048.0,164.3134136,0.590678901,CL,ANP2.2,
1231,747400-A-1,A,1,1,247207.64,-34895.57664,0,1828.8,139.928768,0.058762676,AP,ANP2.2,
1232,747400-A-1,A,1,2,247207.64,-17752.58832,0,930.37152,94.8120292,0.052641021,AP,ANP2.2,
1233,747400-A-1,A,1,3,247207.64,-17447.78832,0,914.4,93.8345856,0.090963204,AP,ANP2.2,
1234,747400-A-1,A,1,4,247207.64,-9028.69416,0,473.17152,84.7803712,0.086252465,AP,ANP2.2,
1235,747400-A-1,A,1,5,247207.64,-8723.89416,0,457.2,84.4202604,0.181254049,AP,ANP2.2,
1236,747400-A-1,A,1,6,247207.64,-6120.71928,0,320.77152,81.1278188,0.178318662,AP,ANP2.2,
1237,747400-A-1,A,1,7,247207.64,-5815.91928,0,304.8,80.7162636,0.24215669,AP,ANP2.2,
1238,747400-A-1,A,1,8,247207.64,-304.8,0,15.97152,80.9220412,0.233971479,AP,ANP2.2,
1239,747400-A-1,A,1,9,247207.64,0.0,0,0.0,80.9220412,0.233555458,AP,ANP2.2,
1240,747400-A-1,A,1,10,247207.64,162.64128,0,0.0,75.4689348,0.1,AP,ANP2.2,
1241,747400-A-1,A,1,11,247207.64,1463.77152,0,0.0,15.3304312,0.1,AP,ANP2.2,
1242,747400-D-1,D,1,1,247207.64,0.0,0,0.0,0.0,0.939000176,TO,ANP2.2,
1243,747400-D-1,D,1,2,247207.64,1052.56584,0,0.0,80.6133748,0.790809331,TO,ANP2.2,
1244,747400-D-1,D,1,3,247207.64,3134.2584,0,457.2,82.4139288,0.806820423,TO,ANP2.2,
1245,747400-D-1,D,1,4,247207.64,3439.0584,0,513.588,82.6197064,0.678921655,CL,ANP2.2,
1246,747400-D-1,D,1,5,247207.64,5605.15008,0,914.4,84.2659272,0.693640317,CL,ANP2.2,
1247,747400-D-1,D,1,6,247207.64,7421.39232,0,1066.89144,102.4258004,0.674877113,CL,ANP2.2,
1248,747400-D-1,D,1,7,247207.64,11068.6596,0,1356.14664,132.1606636,0.646710915,CL,ANP2.2,
1249,747400-D-1,D,1,8,247207.64,13614.44064,0,1766.6208,134.8357724,0.661784859,CL,ANP2.2,
1250,747400-D-1,D,1,9,247207.64,16148.6088,0,1970.6844,151.2979804,0.649247359,CL,ANP2.2,
1251,747400-D-1,D,1,10,247207.64,18206.25264,0,2286.0,153.7158672,0.660826408,CL,ANP2.2,
1252,747400-D-1,D,1,11,247207.64,23440.4916,0,3048.0,159.7863064,0.688809331,CL,ANP2.2,
1253,747400-D-2,D,2,1,255735.1696,0.0,0,0.0,0.0,0.939000176,TO,ANP2.2,
1254,747400-D-2,D,2,2,255735.1696,1130.046,0,0.0,82.0023736,0.788275,TO,ANP2.2,
1255,747400-D-2,D,2,3,255735.1696,3339.5412,0,457.2,83.8029276,0.804286092,TO,ANP2.2,
1256,747400-D-2,D,2,4,255735.1696,3644.3412,0,510.54,84.0601496,0.676788028,CL,ANP2.2,
1257,747400-D-2,D,2,5,255735.1696,5952.56112,0,914.4,85.7063704,0.69161919,CL,ANP2.2,
1258,747400-D-2,D,2,6,255735.1696,7869.50928,0,1066.70856,103.6090216,0.67321919,CL,ANP2.2,
1259,747400-D-2,D,2,7,255735.1696,11808.47016,0,1364.34576,133.6011068,0.645061092,CL,ANP2.2,
1260,747400-D-2,D,2,8,255735.1696,14210.6904,0,1732.788,136.070438,0.658591901,CL,ANP2.2,
1261,747400-D-2,D,2,9,255735.1696,16605.93072,0,1918.07592,150.8864252,0.647315493,CL,ANP2.2,
1262,747400-D-2,D,2,10,255735.1696,19113.67272,0,2286.0,153.7158672,0.660826408,CL,ANP2.2,
1263,747400-D-2,D,2,11,255735.1696,24596.81136,0,3048.0,159.7863064,0.688809331,CL,ANP2.2,
1264,747400-D-3,D,3,1,264489.4952,0.0,0,0.0,0.0,0.939000176,TO,ANP2.2,
1265,747400-D-3,D,3,2,264489.4952,1212.67728,0,0.0,83.3913724,0.785716901,TO,ANP2.2,
1266,747400-D-3,D,3,3,264489.4952,3559.18008,0,457.2,85.2433708,0.801727993,TO,ANP2.2,
1267,747400-D-3,D,3,4,264489.4952,3863.98008,0,507.61392,85.4491484,0.674640493,CL,ANP2.2,
1268,747400-D-3,D,3,5,264489.4952,6323.80752,0,914.4,87.1468136,0.689579225,CL,ANP2.2,
1269,747400-D-3,D,3,6,264489.4952,8344.99728,0,1066.15992,104.7922428,0.67154912,CL,ANP2.2,
1270,747400-D-3,D,3,7,264489.4952,12568.30608,0,1368.58248,134.9901056,0.643341725,CL,ANP2.2,
1271,747400-D-3,D,3,8,264489.4952,14842.8456,0,1700.4792,137.2536592,0.655529754,CL,ANP2.2,
1272,747400-D-3,D,3,9,264489.4952,17083.39992,0,1866.41232,150.5263144,0.645417958,CL,ANP2.2,
1273,747400-D-3,D,3,10,264489.4952,20070.7752,0,2286.0,153.7158672,0.660826408,CL,ANP2.2,
1274,747400-D-3,D,3,11,264489.4952,25815.3408,0,3048.0,159.7863064,0.688809331,CL,ANP2.2,
1275,747400-D-4,D,4,1,281907.428,0.0,0,0.0,0.0,0.939000176,TO,ANP2.2,
1276,747400-D-4,D,4,2,281907.428,1386.41328,0,0.0,86.1179256,0.780750176,TO,ANP2.2,
1277,747400-D-4,D,4,3,281907.428,4024.82304,0,457.2,88.0213684,0.796761268,TO,ANP2.2,
1278,747400-D-4,D,4,4,281907.428,4329.62304,0,502.37136,88.227146,0.670487148,CL,ANP2.2,
1279,747400-D-4,D,4,5,281907.428,7109.82576,0,914.4,89.9762556,0.685618134,CL,ANP2.2,
1280,747400-D-4,D,4,6,281907.428,9360.77376,0,1066.40376,107.1072408,0.66833169,CL,ANP2.2,
1281,747400-D-4,D,4,7,281907.428,14262.07968,0,1384.8588,137.9224364,0.640113204,CL,ANP2.2,
1282,747400-D-4,D,4,8,281907.428,16169.15232,0,1637.3856,139.671546,0.649386444,CL,ANP2.2,
1283,747400-D-4,D,4,9,281907.428,18032.82144,0,1764.57864,149.7546484,0.641677993,CL,ANP2.2,
1284,747400-D-4,D,4,10,281907.428,22069.10496,0,2286.0,153.7158672,0.660826408,CL,ANP2.2,
1285,747400-D-4,D,4,11,281907.428,28352.52648,0,3048.0,159.7863064,0.688809331,CL,ANP2.2,
1286,747400-D-5,D,5,1,303679.844,0.0,0,0.0,0.0,0.939000176,TO,ANP2.2,
1287,747400-D-5,D,5,2,303679.844,1621.26168,0,0.0,89.3589228,0.774752817,TO,ANP2.2,
1288,747400-D-5,D,5,3,303679.844,4666.21368,0,457.2,91.3652544,0.790763732,TO,ANP2.2,
1289,747400-D-5,D,5,4,303679.844,4971.01368,0,496.73256,91.5195876,0.665497183,CL,ANP2.2,
1290,747400-D-5,D,5,5,303679.844,8191.16472,0,914.4,93.4230304,0.680835211,CL,ANP2.2,
1291,747400-D-5,D,5,6,303679.844,10773.85704,0,1067.47056,109.9881272,0.664319542,CL,ANP2.2,
1292,747400-D-5,D,5,7,303679.844,16592.0928,0,1403.48208,141.2663224,0.636370246,CL,ANP2.2,
1293,747400-D-5,D,5,8,303679.844,17989.96656,0,1568.196,142.4495436,0.64241919,CL,ANP2.2,
1294,747400-D-5,D,5,9,303679.844,19317.55344,0,1650.37008,148.8800936,0.637484331,CL,ANP2.2,
1295,747400-D-5,D,5,10,303679.844,24754.85016,0,2286.0,153.7158672,0.660826408,CL,ANP2.2,
1296,747400-D-5,D,5,11,303679.844,31749.58344,0,3048.0,159.7863064,0.688809331,CL,ANP2.2,
1297,747400-D-6,D,6,1,326994.4728,0.0,0,0.0,0.0,0.939000176,TO,ANP2.2,
1298,747400-D-6,D,6,2,326994.4728,1894.85016,0,0.0,92.7028088,0.768564437,TO,ANP2.2,
1299,747400-D-6,D,6,3,326994.4728,5154.56424,0,457.2,94.8120292,0.784575528,TO,ANP2.2,
1300,747400-D-6,D,6,4,326994.4728,5459.36424,0,491.58144,94.9663624,0.660372711,CL,ANP2.2,
1301,747400-D-6,D,6,5,326994.4728,9207.82512,0,914.4,96.9212496,0.675899824,CL,ANP2.2,
1302,747400-D-6,D,6,6,326994.4728,12204.58824,0,1069.2384,113.0747912,0.66010757,CL,ANP2.2,
1303,747400-D-6,D,6,7,326994.4728,18348.99048,0,1382.66424,141.8322108,0.634630634,CL,ANP2.2,
1304,747400-D-6,D,6,8,326994.4728,19068.16608,0,1420.64232,144.9703192,0.632123592,CL,ANP2.2,
1305,747400-D-6,D,6,9,326994.4728,19782.19056,0,1499.9208,145.5362076,0.635035211,CL,ANP2.2,
1306,747400-D-6,D,6,10,326994.4728,20436.13896,0,1536.3444,148.3656496,0.632846831,CL,ANP2.2,
1307,747400-D-6,D,6,11,326994.4728,21725.382,0,1676.4,149.3945376,0.637989965,CL,ANP2.2,
1308,747400-D-6,D,6,12,326994.4728,27546.54384,0,2286.0,154.075978,0.660376232,CL,ANP2.2,
1309,747400-D-6,D,6,13,326994.4728,35361.9816,0,3048.0,160.1464172,0.688359155,CL,ANP2.2,
1310,747400-D-7,D,7,1,352259.5472,0.0,0,0.0,0.0,0.939000176,TO,ANP2.2,
1311,747400-D-7,D,7,2,352259.5472,2217.60288,0,0.0,96.2524724,0.762102641,TO,ANP2.2,
1312,747400-D-7,D,7,3,352259.5472,6005.13912,0,457.2,98.3616928,0.778113556,TO,ANP2.2,
1313,747400-D-7,D,7,4,352259.5472,6309.93912,0,486.79608,98.516026,0.655044014,CL,ANP2.2,
1314,747400-D-7,D,7,5,352259.5472,10711.52544,0,914.4,100.573802,0.670746479,CL,ANP2.2,
1315,747400-D-7,D,7,6,352259.5472,14236.41552,0,1071.79872,116.3157884,0.655700528,CL,ANP2.2,
1316,747400-D-7,D,7,7,352259.5472,20435.37696,0,1348.64856,141.5749888,0.633381338,CL,ANP2.2,
1317,747400-D-7,D,7,8,352259.5472,20706.64896,0,1374.3432,141.7807664,0.634325,CL,ANP2.2,
1318,747400-D-7,D,7,9,352259.5472,22340.316,0,1453.25592,147.8512056,0.629720246,CL,ANP2.2,
1319,747400-D-7,D,7,10,352259.5472,22633.5336,0,1467.67296,148.9829824,0.628824648,CL,ANP2.2,
1320,747400-D-7,D,7,11,352259.5472,24780.30096,0,1676.4,150.5263144,0.636489437,CL,ANP2.2,
1321,747400-D-7,D,7,12,352259.5472,31314.26808,0,2286.0,155.2077548,0.658875704,CL,ANP2.2,
1322,747400-D-7,D,7,13,352259.5472,40328.91096,0,3048.0,161.3296384,0.686858627,CL,ANP2.2,
1323,747400-D-8,D,8,1,379293.6304,0.0,0,0.0,0.0,0.939000176,TO,ANP2.2,
1324,747400-D-8,D,8,2,379293.6304,2593.66512,0,0.0,99.8535804,0.755440141,TO,ANP2.2,
1325,747400-D-8,D,8,3,379293.6304,7038.16728,0,457.2,102.0656896,0.771451056,TO,ANP2.2,
1326,747400-D-8,D,8,4,379293.6304,7342.96728,0,482.43744,102.2200228,0.649570246,CL,ANP2.2,
1327,747400-D-8,D,8,5,379293.6304,12558.73536,0,914.4,104.3806876,0.665433099,CL,ANP2.2,
1328,747400-D-8,D,8,6,379293.6304,16780.48968,0,1075.3344,119.8140076,0.651028521,CL,ANP2.2,
1329,747400-D-8,D,8,7,379293.6304,22839.85272,0,1308.44544,141.3177668,0.631905634,CL,ANP2.2,
1330,747400-D-8,D,8,8,379293.6304,23735.538,0,1383.792,141.8322108,0.634672007,CL,ANP2.2,
1331,747400-D-8,D,8,9,379293.6304,25334.3664,0,1451.61,147.130984,0.630559683,CL,ANP2.2,
1332,747400-D-8,D,8,10,379293.6304,27074.34768,0,1527.81,153.0985344,0.62600581,CL,ANP2.2,
1333,747400-D-8,D,8,11,379293.6304,28814.1156,0,1676.4,154.2303112,0.631462852,CL,ANP2.2,
1334,747400-D-8,D,8,12,379293.6304,36435.91392,0,2286.0,159.0146404,0.65384912,CL,ANP2.2,
1335,747400-D-8,D,8,13,379293.6304,46746.53592,0,3048.0,165.3423016,0.681832042,CL,ANP2.2,
1336,747400-D-9,D,9,1,396893.0,0.0,0,0.0,0.0,0.939000176,TO,ANP2.2,
1337,747400-D-9,D,9,2,396893.0,2855.85408,0,0.0,102.1685784,0.751229754,TO,ANP2.2,
1338,747400-D-9,D,9,3,396893.0,7791.23664,0,457.2,104.432132,0.767240845,TO,ANP2.2,
1339,747400-D-9,D,9,4,396893.0,8096.03664,0,479.93808,104.5350208,0.646120423,CL,ANP2.2,
1340,747400-D-9,D,9,5,396893.0,13920.94752,0,914.4,106.7985744,0.662075352,CL,ANP2.2,
1341,747400-D-9,D,9,6,396893.0,18669.06096,0,1077.0108,122.0261168,0.648013908,CL,ANP2.2,
1342,747400-D-9,D,9,7,396893.0,24532.80336,0,1281.10488,141.1119892,0.630901585,CL,ANP2.2,
1343,747400-D-9,D,9,8,396893.0,26045.4648,0,1399.032,141.9350996,0.63523169,CL,ANP2.2,
1344,747400-D-9,D,9,9,396893.0,28308.17808,0,1486.44864,148.8800936,0.629814437,CL,ANP2.2,
1345,747400-D-9,D,9,10,396893.0,30706.13112,0,1582.55208,156.0308652,0.624640493,CL,ANP2.2,
1346,747400-D-9,D,9,11,396893.0,31934.17032,0,1676.4,156.7510868,0.62808662,CL,ANP2.2,
1347,747400-D-9,D,9,12,396893.0,40227.62592,0,2286.0,161.5868604,0.650473063,CL,ANP2.2,
1348,747400-D-9,D,9,13,396893.0,51473.43528,0,3048.0,168.0174104,0.678455986,CL,ANP2.2,
1349,JET-SMALL-A-1,A,1,1,92487.4088,-50119.788,0,1828.8,140.0831012,0.034477958,AP,ANP2.2,
1350,JET-SMALL-A-1,A,1,2,92487.4088,-46060.7664,0,1662.0744,139.0027688,0.03387471,AP,ANP2.2,
1351,JET-SMALL-A-1,A,1,3,92487.4088,-43373.04,0,1551.432,138.2311028,0.033480278,AP,ANP2.2,
1352,JET-SMALL-A-1,A,1,4,92487.4088,-39368.2728,0,1386.5352,137.2022148,0.032923434,AP,ANP2.2,
1353,JET-SMALL-A-1,A,1,5,92487.4088,-35395.2048,0,1222.8576,136.1218824,0.032366589,AP,ANP2.2,
1354,JET-SMALL-A-1,A,1,6,92487.4088,-31453.5312,0,1060.0944,135.0929944,0.031856148,AP,ANP2.2,
1355,JET-SMALL-A-1,A,1,7,92487.4088,-27927.3,0,914.4,134.1669952,0.03136891,AP,ANP2.2,
1356,JET-SMALL-A-1,A,1,8,92487.4088,-26277.1128,0,914.4,128.7653332,0.033155452,AP,ANP2.2,
1357,JET-SMALL-A-1,A,1,9,92487.4088,-23866.1448,0,914.4,120.5856736,0.035823666,AP,ANP2.2,
1358,JET-SMALL-A-1,A,1,10,92487.4088,-21617.3304,0,914.4,112.406014,0.038515081,AP,ANP2.2,
1359,JET-SMALL-A-1,A,1,11,92487.4088,-19544.3856,0,914.4,103.0945776,0.041600928,AP,ANP2.2,
1360,JET-SMALL-A-1,A,1,12,92487.4088,-18530.0112,0,914.4,98.001582,0.043271462,AP,ANP2.2,
1361,JET-SMALL-A-1,A,1,13,92487.4088,-16943.832,0,914.4,87.45548,0.046728538,AP,ANP2.2,
1362,JET-SMALL-A-1,A,1,14,92487.4088,-16020.288,0,888.492,80.0474864,0.049187935,AP,ANP2.2,
1363,JET-SMALL-A-1,A,1,15,92487.4088,-15431.4144,0,855.8784,74.8001576,0.050928074,AP,ANP2.2,
1364,JET-SMALL-A-1,A,1,16,92487.4088,-15400.9344,0,854.0496,74.8001576,0.21900232,AP,ANP2.2,
1365,JET-SMALL-A-1,A,1,17,92487.4088,-13885.164,0,770.2296,74.4914912,0.216728538,AP,ANP2.2,
1366,JET-SMALL-A-1,A,1,18,92487.4088,-12482.7792,0,692.5056,74.1828248,0.214663573,AP,ANP2.2,
1367,JET-SMALL-A-1,A,1,19,92487.4088,-11085.8808,0,614.7816,73.9256028,0.212645012,AP,ANP2.2,
1368,JET-SMALL-A-1,A,1,20,92487.4088,-9694.4688,0,537.6672,73.6683808,0.210672854,AP,ANP2.2,
1369,JET-SMALL-A-1,A,1,21,92487.4088,-8308.5432,0,460.8576,73.3597144,0.208700696,AP,ANP2.2,
1370,JET-SMALL-A-1,A,1,22,92487.4088,-7617.5616,0,422.4528,73.2568256,0.20774942,AP,ANP2.2,
1371,JET-SMALL-A-1,A,1,23,92487.4088,-6927.7992,0,384.048,73.1024924,0.206774942,AP,ANP2.2,
1372,JET-SMALL-A-1,A,1,24,92487.4088,-5552.5416,0,307.5432,72.8452704,0.20487239,AP,ANP2.2,
1373,JET-SMALL-A-1,A,1,25,92487.4088,-4182.4656,0,231.648,72.5880484,0.202993039,AP,ANP2.2,
1374,JET-SMALL-A-1,A,1,26,92487.4088,-2817.876,0,155.7528,72.3308264,0.201160093,AP,ANP2.2,
1375,JET-SMALL-A-1,A,1,27,92487.4088,-1458.1632,0,80.1624,72.0736044,0.199327146,AP,ANP2.2,
1376,757300-A-1,A,1,28,92487.4088,-290.7792,0,15.24,71.8678268,0.197772622,AP,ANP2.2,
1377,757300-A-1,A,1,29,92487.4088,0.0,0,0.0,71.3533828,0.197772622,AP,ANP2.2,
1378,757300-A-1,A,1,30,92487.4088,125.94336,0,0.0,67.7522748,0.4,AP,ANP2.2,
1379,757300-A-1,A,1,31,92487.4088,1259.40312,0,0.0,15.43332,0.093735499,AP,ANP2.2,
1380,JET-SMALL-D-6,D,1,1,92487.4088,0.0,0,0.0,0.0,0.931952436,TO,ANP2.2,
1381,JET-SMALL-D-6,D,1,2,92487.4088,1282.84224,0,0.0,89.5647004,0.788533643,TO,ANP2.2,
1382,JET-SMALL-D-6,D,1,3,92487.4088,3090.55008,0,457.2,91.571032,0.784591183,TO,ANP2.2,
1383,JET-SMALL-D-6,D,1,4,92487.4088,3395.35008,0,502.7676,91.7768096,0.577239443,CL,ANP2.2,
1384,JET-SMALL-D-6,D,1,5,92487.4088,6148.09032,0,914.4,93.628808,0.589715777,CL,ANP2.2,
1385,JET-SMALL-D-6,D,1,6,92487.4088,7995.33072,0,1051.07232,106.6442412,0.577520882,CL,ANP2.2,
1386,JET-SMALL-D-6,D,1,7,92487.4088,9260.586,0,1143.73152,116.3157884,0.568256148,CL,ANP2.2,
1387,JET-SMALL-D-6,D,1,8,92487.4088,12426.696,0,1369.55784,136.7906596,0.550244316,CL,ANP2.2,
1388,JET-SMALL-D-6,D,1,9,92487.4088,14728.14936,0,1676.4,138.8484356,0.559545012,CL,ANP2.2,
1389,JET-SMALL-D-6,D,1,10,92487.4088,19513.81416,0,2286.0,143.1697652,0.578022042,CL,ANP2.2,
1390,JET-SMALL-D-6,D,1,11,92487.4088,25946.7096,0,3048.0,148.8286492,0.601118329,CL,ANP2.2,
1391,757300-D-2,D,2,1,96479.0184,0.0,0,0.0,0.0,0.931952436,TO,ANP2.2,
1392,757300-D-2,D,2,2,96479.0184,1401.40944,0,0.0,91.4681432,0.785471462,TO,ANP2.2,
1393,757300-D-2,D,2,3,96479.0184,3331.49448,0,457.2,93.5259192,0.781529002,TO,ANP2.2,
1394,757300-D-2,D,2,4,96479.0184,3636.29448,0,499.47576,93.6802524,0.574486543,CL,ANP2.2,
1395,757300-D-2,D,2,5,96479.0184,6626.68728,0,914.4,95.6351396,0.587062413,CL,ANP2.2,
1396,757300-D-2,D,2,6,96479.0184,8446.95288,0,1039.27656,107.4159072,0.576026914,CL,ANP2.2,
1397,757300-D-2,D,2,7,96479.0184,9712.39104,0,1126.26648,116.521566,0.567300696,CL,ANP2.2,
1398,757300-D-2,D,2,8,96479.0184,13002.006,0,1347.58176,136.6363264,0.549578422,CL,ANP2.2,
1399,757300-D-2,D,2,9,96479.0184,15619.59792,0,1676.4,138.8484356,0.559545012,CL,ANP2.2,
1400,757300-D-2,D,2,10,96479.0184,20708.08152,0,2286.0,143.1697652,0.578022042,CL,ANP2.2,
1401,757300-D-2,D,2,11,96479.0184,27556.63272,0,3048.0,148.8286492,0.601118329,CL,ANP2.2,
1402,757300-D-3,D,3,1,100742.7832,0.0,0,0.0,0.0,0.931952436,TO,ANP2.2,
1403,757300-D-3,D,3,2,100742.7832,1534.24128,0,0.0,93.4744748,0.782269606,TO,ANP2.2,
1404,757300-D-3,D,3,3,100742.7832,3599.8404,0,457.2,95.5322508,0.778327378,TO,ANP2.2,
1405,757300-D-3,D,3,4,100742.7832,3904.6404,0,496.27536,95.7380284,0.571614849,CL,ANP2.2,
1406,757300-D-3,D,3,5,100742.7832,7164.96408,0,914.4,97.6929156,0.584287935,CL,ANP2.2,
1407,757300-D-3,D,3,6,100742.7832,9006.93144,0,1032.90624,108.4962396,0.574413689,CL,ANP2.2,
1408,757300-D-3,D,3,7,100742.7832,10285.53696,0,1115.14128,117.0874544,0.566182599,CL,ANP2.2,
1409,757300-D-3,D,3,8,100742.7832,13658.88048,0,1327.92216,136.4819932,0.548982831,CL,ANP2.2,
1410,757300-D-3,D,3,9,100742.7832,16610.47224,0,1676.4,138.8484356,0.559545012,CL,ANP2.2,
1411,757300-D-3,D,3,10,100742.7832,22034.66256,0,2286.0,143.1697652,0.578022042,CL,ANP2.2,
1412,757300-D-3,D,3,11,100742.7832,29345.41248,0,3048.0,148.8286492,0.601118329,CL,ANP2.2,
1413,757300-D-4,D,4,1,108453.8472,0.0,0,0.0,0.0,0.931952436,TO,ANP2.2,
1414,757300-D-4,D,4,2,108453.8472,1790.94384,0,0.0,96.972694,0.776646636,TO,ANP2.2,
1415,757300-D-4,D,4,3,108453.8472,4115.07432,0,457.2,99.1333588,0.772704408,TO,ANP2.2,
1416,757300-D-4,D,4,4,108453.8472,4419.87432,0,491.1852,99.287692,0.566587703,CL,ANP2.2,
1417,757300-D-4,D,4,5,108453.8472,8216.43264,0,914.4,101.3969124,0.579415545,CL,ANP2.2,
1418,757300-D-4,D,4,6,108453.8472,10057.69896,0,1019.0988,110.3996824,0.571367053,CL,ANP2.2,
1419,757300-D-4,D,4,7,108453.8472,11574.41424,0,1105.23528,119.4024524,0.562757309,CL,ANP2.2,
1420,757300-D-4,D,4,8,108453.8472,14872.2588,0,1292.352,136.2247712,0.547904872,CL,ANP2.2,
1421,757300-D-4,D,4,9,108453.8472,18497.2452,0,1676.4,138.8484356,0.559545012,CL,ANP2.2,
1422,757300-D-4,D,4,10,108453.8472,24563.28336,0,2286.0,143.1697652,0.578022042,CL,ANP2.2,
1423,757300-D-4,D,4,11,108453.8472,32761.5804,0,3048.0,148.8286492,0.601118329,CL,ANP2.2,
1424,757300-D-5,D,5,1,118251.4344,0.0,0,0.0,0.0,0.931952436,TO,ANP2.2,
1425,757300-D-5,D,5,2,118251.4344,2148.10848,0,0.0,101.2940236,0.769783295,TO,ANP2.2,
1426,757300-D-5,D,5,3,118251.4344,4828.9464,0,457.2,103.5061328,0.765841067,TO,ANP2.2,
1427,757300-D-5,D,5,4,118251.4344,5133.7464,0,485.6988,103.660466,0.560474246,CL,ANP2.2,
1428,757300-D-5,D,5,5,118251.4344,9718.548,0,914.4,105.8725752,0.573468213,CL,ANP2.2,
1429,757300-D-5,D,5,6,118251.4344,11590.69056,0,1005.50472,113.17768,0.567190951,CL,ANP2.2,
1430,757300-D-5,D,5,7,118251.4344,13546.19592,0,1100.66328,123.0550048,0.557789559,CL,ANP2.2,
1431,757300-D-5,D,5,8,118251.4344,16440.21096,0,1242.94392,135.9161048,0.546407193,CL,ANP2.2,
1432,757300-D-5,D,5,9,118251.4344,21106.30272,0,1676.4,138.8484356,0.559545012,CL,ANP2.2,
1433,757300-D-5,D,5,10,118251.4344,28059.64416,0,2286.0,143.1697652,0.578022042,CL,ANP2.2,
1434,757300-D-5,D,5,11,118251.4344,37493.81376,0,3048.0,148.8286492,0.601118329,CL,ANP2.2,
1435,757300-D-6,D,6,1,122197.6848,0.0,0,0.0,0.0,0.931952436,TO,ANP2.2,
1436,757300-D-6,D,6,2,122197.6848,2301.88008,0,0.0,102.9402444,0.767099536,TO,ANP2.2,
1437,757300-D-6,D,6,3,122197.6848,5319.91824,0,457.2,105.2552424,0.763157309,TO,ANP2.2,
1438,757300-D-6,D,6,4,122197.6848,5624.71824,0,482.16312,105.3581312,0.558041531,CL,ANP2.2,
1439,757300-D-6,D,6,5,122197.6848,10901.53776,0,914.4,107.6216848,0.571142459,CL,ANP2.2,
1440,757300-D-6,D,6,6,122197.6848,12842.748,0,1002.67008,114.5666788,0.565258701,CL,ANP2.2,
1441,757300-D-6,D,6,7,122197.6848,14958.76104,0,1100.20608,124.495448,0.555857773,CL,ANP2.2,
1442,757300-D-6,D,6,8,122197.6848,17630.97312,0,1223.89392,135.7617716,0.54582993,CL,ANP2.2,
1443,757300-D-6,D,6,9,122197.6848,22759.1112,0,1676.4,138.8484356,0.559545012,CL,ANP2.2,
1444,757300-D-6,D,6,10,122197.6848,30095.19,0,2286.0,143.1697652,0.578022042,CL,ANP2.2,
1445,757300-D-6,D,6,11,122197.6848,40065.53328,0,3048.0,148.8286492,0.601118329,CL,ANP2.2,
1446,767300-A-1,A,1,1,120201.88,-34895.57664,0,1828.8,139.928768,0.0068545,AP,ANP2.2,
1447,767300-A-1,A,1,2,120201.88,-17752.58832,0,930.37152,90.4906996,0.006139833,AP,ANP2.2,
1448,767300-A-1,A,1,3,120201.88,-17447.78832,0,914.4,89.3589228,0.064924333,AP,ANP2.2,
1449,767300-A-1,A,1,4,120201.88,-9028.69416,0,473.17152,74.3886024,0.061561833,AP,ANP2.2,
1450,767300-A-1,A,1,5,120201.88,-8723.89416,0,457.2,73.7712696,0.178336167,AP,ANP2.2,
1451,767300-A-1,A,1,6,120201.88,-6120.71928,0,320.77152,71.4562716,0.175448167,AP,ANP2.2,
1452,767300-A-1,A,1,7,120201.88,-5815.91928,0,304.8,71.1990496,0.204807167,AP,ANP2.2,
1453,767300-A-1,A,1,8,120201.88,-304.8,0,15.97152,70.221606,0.197884167,AP,ANP2.2,
1454,767300-A-1,A,1,9,120201.88,0.0,0,0.0,70.1701616,0.197538,AP,ANP2.2,
1455,767300-A-1,A,1,10,120201.88,100.1268,0,0.0,66.5690536,0.1,AP,ANP2.2,
1456,767300-A-1,A,1,11,120201.88,901.1412,0,0.0,15.3304312,0.1,AP,ANP2.2,
1457,767300-D-1,D,1,1,120201.88,0.0,0,0.0,0.0,0.9398085,TO,ANP2.2,
1458,767300-D-1,D,1,2,120201.88,832.95744,0,0.0,75.1602684,0.810075833,TO,ANP2.2,
1459,767300-D-1,D,1,3,120201.88,1875.83064,0,304.8,76.2920452,0.814259167,TO,ANP2.2,
1460,767300-D-1,D,1,4,120201.88,2039.32536,0,329.54976,79.0185984,0.810064667,CL,ANP2.2,
1461,767300-D-1,D,1,5,120201.88,2672.60832,0,417.51504,89.8219224,0.793605333,CL,ANP2.2,
1462,767300-D-1,D,1,6,120201.88,2862.46824,0,454.67016,89.9762556,0.652471,CL,ANP2.2,
1463,767300-D-1,D,1,7,120201.88,4088.5872,0,491.7948,112.663236,0.623578167,CL,ANP2.2,
1464,767300-D-1,D,1,8,120201.88,4823.70384,0,525.07896,123.3636712,0.6106285,CL,ANP2.2,
1465,767300-D-1,D,1,9,120201.88,6811.03032,0,914.4,125.7301136,0.622528833,CL,ANP2.2,
1466,767300-D-1,D,1,10,120201.88,7466.56368,0,941.3748,133.9097732,0.612878667,CL,ANP2.2,
1467,767300-D-1,D,1,11,120201.88,11523.75648,0,1676.4,138.8484356,0.6353455,CL,ANP2.2,
1468,767300-D-1,D,1,12,120201.88,15122.46912,0,2286.0,143.1697652,0.653978833,CL,ANP2.2,
1469,767300-D-1,D,1,13,120201.88,19959.55368,0,3048.0,148.8286492,0.6772705,CL,ANP2.2,
1470,767300-D-2,D,2,1,124964.596,0.0,0,0.0,0.0,0.9398085,TO,ANP2.2,
1471,767300-D-2,D,2,2,124964.596,903.09192,0,0.0,76.652156,0.807530667,TO,ANP2.2,
1472,767300-D-2,D,2,3,124964.596,2009.57688,0,304.8,77.7839328,0.811714,TO,ANP2.2,
1473,767300-D-2,D,2,4,124964.596,2189.19552,0,330.4032,80.6133748,0.807426667,CL,ANP2.2,
1474,767300-D-2,D,2,5,124964.596,2868.50328,0,419.43528,91.4166988,0.790981833,CL,ANP2.2,
1475,767300-D-2,D,2,6,124964.596,3084.54552,0,459.30312,91.571032,0.650518,CL,ANP2.2,
1476,767300-D-2,D,2,7,124964.596,4412.04096,0,499.17096,114.3094568,0.621708667,CL,ANP2.2,
1477,767300-D-2,D,2,8,124964.596,5208.63576,0,534.74112,125.009892,0.608829,CL,ANP2.2,
1478,767300-D-2,D,2,9,124964.596,7258.32432,0,914.4,127.32489,0.620433833,CL,ANP2.2,
1479,767300-D-2,D,2,10,124964.596,7821.168,0,937.44288,133.9097732,0.612757833,CL,ANP2.2,
1480,767300-D-2,D,2,11,124964.596,12115.76952,0,1676.4,138.8484356,0.6353455,CL,ANP2.2,
1481,767300-D-2,D,2,12,124964.596,15907.63392,0,2286.0,143.1697652,0.653978833,CL,ANP2.2,
1482,767300-D-2,D,2,13,124964.596,21008.0352,0,3048.0,148.8286492,0.6772705,CL,ANP2.2,
1483,767300-D-3,D,3,1,129908.7488,0.0,0,0.0,0.0,0.9398085,TO,ANP2.2,
1484,767300-D-3,D,3,2,129908.7488,979.10904,0,0.0,78.1440436,0.804939333,TO,ANP2.2,
1485,767300-D-3,D,3,3,129908.7488,2153.44248,0,304.8,79.2758204,0.809122667,TO,ANP2.2,
1486,767300-D-3,D,3,4,129908.7488,2349.03264,0,331.07376,82.1567068,0.804785833,CL,ANP2.2,
1487,767300-D-3,D,3,5,129908.7488,3078.41904,0,421.26408,92.9600308,0.788357,CL,ANP2.2,
1488,767300-D-3,D,3,6,129908.7488,3324.9108,0,464.14944,93.1658084,0.648571333,CL,ANP2.2,
1489,767300-D-3,D,3,7,129908.7488,4763.90208,0,507.0348,115.9042332,0.619853833,CL,ANP2.2,
1490,767300-D-3,D,3,8,129908.7488,5628.37584,0,545.10432,126.6046684,0.607051,CL,ANP2.2,
1491,767300-D-3,D,3,9,129908.7488,7737.89664,0,914.4,128.9196664,0.618338833,CL,ANP2.2,
1492,767300-D-3,D,3,10,129908.7488,8191.6524,0,932.87088,133.8583288,0.612618,CL,ANP2.2,
1493,767300-D-3,D,3,11,129908.7488,12742.74312,0,1676.4,138.8484356,0.6353455,CL,ANP2.2,
1494,767300-D-3,D,3,12,129908.7488,16739.85984,0,2286.0,143.1697652,0.653978833,CL,ANP2.2,
1495,767300-D-3,D,3,13,129908.7488,22120.58568,0,3048.0,148.8286492,0.6772705,CL,ANP2.2,
1496,767300-D-4,D,4,1,138663.0744,0.0,0,0.0,0.0,0.9398085,TO,ANP2.2,
1497,767300-D-4,D,4,2,138663.0744,1121.72496,0,0.0,80.7162636,0.800469,TO,ANP2.2,
1498,767300-D-4,D,4,3,138663.0744,2421.05688,0,304.8,81.9509292,0.804652333,TO,ANP2.2,
1499,767300-D-4,D,4,4,138663.0744,2640.26904,0,331.43952,84.7803712,0.800374167,CL,ANP2.2,
1500,767300-D-4,D,4,5,138663.0744,3464.08248,0,423.8244,95.5836952,0.7839755,CL,ANP2.2,
1501,767300-D-4,D,4,6,138663.0744,3766.04784,0,471.40368,95.7894728,0.6453015,CL,ANP2.2,
1502,767300-D-4,D,4,7,138663.0744,5376.12336,0,518.98296,118.064898,0.617426,CL,ANP2.2,
1503,767300-D-4,D,4,8,138663.0744,6366.17472,0,561.83784,128.8167776,0.604768667,CL,ANP2.2,
1504,767300-D-4,D,4,9,138663.0744,8579.78472,0,914.4,131.0803312,0.6155455,CL,ANP2.2,
1505,767300-D-4,D,4,10,138663.0744,8864.83368,0,925.92144,133.8068844,0.6124055,CL,ANP2.2,
1506,767300-D-4,D,4,11,138663.0744,13882.48176,0,1676.4,138.8484356,0.6353455,CL,ANP2.2,
1507,767300-D-4,D,4,12,138663.0744,18255.56928,0,2286.0,143.1697652,0.653978833,CL,ANP2.2,
1508,767300-D-4,D,4,13,138663.0744,24151.25472,0,3048.0,148.8286492,0.6772705,CL,ANP2.2,
1509,767300-D-5,D,5,1,149685.36,0.0,0,0.0,0.0,0.9398085,TO,ANP2.2,
1510,767300-D-5,D,5,2,149685.36,1316.03496,0,0.0,83.9058164,0.795037,TO,ANP2.2,
1511,767300-D-5,D,5,3,149685.36,2782.61064,0,304.8,85.140482,0.799220333,TO,ANP2.2,
1512,767300-D-5,D,5,4,149685.36,3030.474,0,331.50048,87.8670352,0.795075167,CL,ANP2.2,
1513,767300-D-5,D,5,5,149685.36,3984.07128,0,426.62856,98.7218036,0.778714167,CL,ANP2.2,
1514,767300-D-5,D,5,6,149685.36,4288.87128,0,469.17864,98.9275812,0.641043,CL,ANP2.2,
1515,767300-D-5,D,5,7,149685.36,6293.69328,0,538.2768,121.3573396,0.613825333,CL,ANP2.2,
1516,767300-D-5,D,5,8,149685.36,7471.59288,0,587.92872,132.1606636,0.601376167,CL,ANP2.2,
1517,767300-D-5,D,5,9,149685.36,9772.31472,0,914.4,134.269884,0.6113555,CL,ANP2.2,
1518,767300-D-5,D,5,10,149685.36,15442.47864,0,1676.4,139.414324,0.634647167,CL,ANP2.2,
1519,767300-D-5,D,5,11,149685.36,20320.92456,0,2286.0,143.7356536,0.6532805,CL,ANP2.2,
1520,767300-D-5,D,5,12,149685.36,26911.52352,0,3048.0,149.445982,0.676572167,CL,ANP2.2,
1521,767300-D-6,D,6,1,161433.3928,0.0,0,0.0,0.0,0.9398085,TO,ANP2.2,
1522,767300-D-6,D,6,2,161433.3928,1541.49552,0,0.0,87.0953692,0.789463,TO,ANP2.2,
1523,767300-D-6,D,6,3,161433.3928,3199.9428,0,304.8,88.3814792,0.793646333,TO,ANP2.2,
1524,767300-D-6,D,6,4,161433.3928,3472.09872,0,330.76896,91.0051436,0.789765167,CL,ANP2.2,
1525,767300-D-6,D,6,5,161433.3928,4578.94944,0,428.91456,101.859912,0.7734455,CL,ANP2.2,
1526,767300-D-6,D,6,6,161433.3928,4883.74944,0,466.46592,102.0656896,0.636770667,CL,ANP2.2,
1527,767300-D-6,D,6,7,161433.3928,7398.68472,0,561.38064,124.6497812,0.6103415,CL,ANP2.2,
1528,767300-D-6,D,6,8,161433.3928,8811.85944,0,619.41456,135.5045496,0.598148667,CL,ANP2.2,
1529,767300-D-6,D,6,9,161433.3928,11149.70592,0,914.4,137.5108812,0.6071655,CL,ANP2.2,
1530,767300-D-6,D,6,10,161433.3928,17524.84176,0,1676.4,142.75821,0.630457167,CL,ANP2.2,
1531,767300-D-6,D,6,11,161433.3928,23020.50768,0,2286.0,147.1824284,0.6490905,CL,ANP2.2,
1532,767300-D-6,D,6,12,161433.3928,30462.50448,0,3048.0,152.9956456,0.672382167,CL,ANP2.2,
1533,767300-D-7,D,7,1,166785.7784,0.0,0,0.0,0.0,0.9398085,TO,ANP2.2,
1534,767300-D-7,D,7,2,166785.7784,1650.58344,0,0.0,88.5358124,0.786991,TO,ANP2.2,
1535,767300-D-7,D,7,3,166785.7784,3401.59848,0,304.8,89.8733668,0.791174333,TO,ANP2.2,
1536,767300-D-7,D,7,4,166785.7784,3705.72792,0,332.29296,92.5484756,0.787135833,CL,ANP2.2,
1537,767300-D-7,D,7,5,166785.7784,4889.9064,0,431.7492,103.4546884,0.770834,CL,ANP2.2,
1538,767300-D-7,D,7,6,166785.7784,5194.7064,0,467.22792,103.660466,0.634698833,CL,ANP2.2,
1539,767300-D-7,D,7,7,166785.7784,7986.00384,0,575.12712,126.296002,0.608666833,CL,ANP2.2,
1540,767300-D-7,D,7,8,166785.7784,9524.32944,0,637.4892,137.2022148,0.596606667,CL,ANP2.2,
1541,767300-D-7,D,7,9,166785.7784,11837.60904,0,914.4,139.1056576,0.6050705,CL,ANP2.2,
1542,767300-D-7,D,7,10,166785.7784,18555.79728,0,1676.4,144.4044308,0.628362167,CL,ANP2.2,
1543,767300-D-7,D,7,11,166785.7784,24352.758,0,2286.0,148.8800936,0.6469955,CL,ANP2.2,
1544,767300-D-7,D,7,12,166785.7784,32211.8736,0,3048.0,154.7961996,0.670287167,CL,ANP2.2,
1545,767400-A-1,A,1,1,131005.5343,-46122.9456,0,1828.8,139.928768,1.70401e-05,AP,ANP2.2,
1546,767400-A-1,A,1,2,131005.5343,-26688.288,0,914.4,134.269884,1.70401e-05,AP,ANP2.2,
1547,767400-A-1,A,1,3,131005.5343,-26657.808,0,914.4,134.269884,1.70401e-05,AP,ANP2.2,
1548,767400-A-1,A,1,4,131005.5343,-21932.7984,0,914.4,115.235456,0.005120559,AP,ANP2.2,
1549,767400-A-1,A,1,5,131005.5343,-17963.0832,0,914.4,95.686584,0.031132317,AP,ANP2.2,
1550,767400-A-1,A,1,6,131005.5343,-17369.3328,0,914.4,92.59992,0.066507625,AP,ANP2.2,
1551,767400-A-1,A,1,7,131005.5343,-16519.2456,0,914.4,86.941036,0.070759138,AP,ANP2.2,
1552,767400-A-1,A,1,8,131005.5343,-16488.7656,0,914.4,86.941036,0.043026327,AP,ANP2.2,
1553,767400-A-1,A,1,9,131005.5343,-15661.5384,0,867.156,83.339928,0.044338417,AP,ANP2.2,
1554,767400-A-1,A,1,10,131005.5343,-15051.024,0,833.3232,78.195488,0.046178751,AP,ANP2.2,
1555,767400-A-1,A,1,11,131005.5343,-14766.036,0,817.4736,76.137712,0.047030757,AP,ANP2.2,
1556,767400-A-1,A,1,12,131005.5343,-14735.556,0,817.4736,76.137712,0.214347789,AP,ANP2.2,
1557,767400-A-1,A,1,13,131005.5343,-13610.2344,0,753.4656,76.137712,0.212694896,AP,ANP2.2,
1558,767400-A-1,A,1,14,131005.5343,-12179.5032,0,674.2176,75.623268,0.210667121,AP,ANP2.2,
1559,767400-A-1,A,1,15,131005.5343,-10754.5632,0,595.2744,75.108824,0.208673426,AP,ANP2.2,
1560,767400-A-1,A,1,16,131005.5343,-9335.4144,0,516.636,75.108824,0.206705291,AP,ANP2.2,
1561,767400-A-1,A,1,17,131005.5343,-7921.752,0,438.3024,74.59438,0.204771236,AP,ANP2.2,
1562,767400-A-1,A,1,18,131005.5343,-6513.576,0,359.9688,74.59438,0.202862742,AP,ANP2.2,
1563,767400-A-1,A,1,19,131005.5343,-5111.1912,0,282.2448,74.079936,0.200979807,AP,ANP2.2,
1564,767400-A-1,A,1,20,131005.5343,-3713.988,0,204.8256,74.079936,0.199130953,AP,ANP2.2,
1565,767400-A-1,A,1,21,131005.5343,-2322.2712,0,127.4064,73.565492,0.197299139,AP,ANP2.2,
1566,767400-A-1,A,1,22,131005.5343,-936.0408,0,50.5968,73.565492,0.195501406,AP,ANP2.2,
1567,767400-A-1,A,1,23,131005.5343,-290.7792,0,15.24,73.051048,0.19468348,AP,ANP2.2,
1568,767400-A-1,A,1,24,131005.5343,0.0,0,0.0,72.536604,0.19468348,AP,ANP2.2,
1569,767400-A-1,A,1,25,131005.5343,135.51408,0,0.0,68.935496,0.09999148,AP,ANP2.2,
1570,767400-A-1,A,1,26,131005.5343,1355.1408,0,0.0,15.43332,0.09999148,AP,ANP2.2,
1571,767400-D-1,D,1,1,131005.5343,0.0,0,0.0,0.0,1.031110335,TO,ANP2.2,
1572,767400-D-1,D,1,2,131005.5343,878.98224,0,0.0,76.3434896,0.886756582,TO,ANP2.2,
1573,767400-D-1,D,1,3,131005.5343,2474.61024,0,457.2,78.0411548,0.898994632,TO,ANP2.2,
1574,767400-D-1,D,1,4,131005.5343,2779.41024,0,514.99008,78.2469324,0.700614637,CL,ANP2.2,
1575,767400-D-1,D,1,5,131005.5343,4886.15736,0,914.4,79.7902644,0.714759138,CL,ANP2.2,
1576,767400-D-1,D,1,6,131005.5343,8115.1476,0,1201.0644,116.6758992,0.680409645,CL,ANP2.2,
1577,767400-D-1,D,1,7,131005.5343,9250.9848,0,1406.9568,117.9105648,0.687700605,CL,ANP2.2,
1578,767400-D-1,D,1,8,131005.5343,11900.79408,0,1638.02568,138.5912136,0.672339951,CL,ANP2.2,
1579,767400-D-1,D,1,9,131005.5343,12129.63792,0,1676.4,138.8484356,0.67369856,CL,ANP2.2,
1580,767400-D-1,D,1,10,131005.5343,15879.25704,0,2286.0,143.1697652,0.69528653,CL,ANP2.2,
1581,767400-D-1,D,1,11,131005.5343,20895.92976,0,3048.0,148.8286492,0.72227162,CL,ANP2.2,
1582,JET-MEDIUM-D-5,D,2,1,135640.7909,0.0,0,0.0,0.0,1.031110335,TO,ANP2.2,
1583,JET-MEDIUM-D-5,D,2,2,135640.7909,944.97144,0,0.0,77.681044,0.8842251,TO,ANP2.2,
1584,JET-MEDIUM-D-5,D,2,3,135640.7909,2626.82736,0,457.2,79.3787092,0.89646298,TO,ANP2.2,
1585,JET-MEDIUM-D-5,D,2,4,135640.7909,2931.62736,0,511.85064,79.5844868,0.698739542,CL,ANP2.2,
1586,JET-MEDIUM-D-5,D,2,5,135640.7909,5176.17456,0,914.4,81.1792632,0.712994803,CL,ANP2.2,
1587,JET-MEDIUM-D-5,D,2,6,135640.7909,8604.3516,0,1203.83808,118.064898,0.678820993,CL,ANP2.2,
1588,JET-MEDIUM-D-5,D,2,7,135640.7909,9638.62944,0,1382.5728,119.093786,0.68515055,CL,ANP2.2,
1589,JET-MEDIUM-D-5,D,2,8,135640.7909,12201.81456,0,1595.7804,138.2825472,0.670843657,CL,ANP2.2,
1590,JET-MEDIUM-D-5,D,2,9,135640.7909,12704.3688,0,1676.4,138.8484356,0.67369856,CL,ANP2.2,
1591,JET-MEDIUM-D-5,D,2,10,135640.7909,16631.53392,0,2286.0,143.1697652,0.69528653,CL,ANP2.2,
1592,JET-MEDIUM-D-5,D,2,11,135640.7909,21888.84624,0,3048.0,148.8286492,0.72227162,CL,ANP2.2,
1593,767400-D-3,D,3,1,140670.219,0.0,0,0.0,0.0,1.031110335,TO,ANP2.2,
1594,767400-D-3,D,3,2,140670.219,1019.43408,0,0.0,79.0700428,0.881526625,TO,ANP2.2,
1595,767400-D-3,D,3,3,140670.219,2797.18008,0,457.2,80.8705968,0.893764676,TO,ANP2.2,
1596,767400-D-3,D,3,4,140670.219,3101.98008,0,508.74168,81.0763744,0.696747891,CL,ANP2.2,
1597,767400-D-3,D,3,5,140670.219,5501.70096,0,914.4,82.6711508,0.711114084,CL,ANP2.2,
1598,767400-D-3,D,3,6,140670.219,9368.028,0,1223.10144,119.7111188,0.677614211,CL,ANP2.2,
1599,767400-D-3,D,3,7,140670.219,10187.23896,0,1357.5792,120.4827848,0.682376587,CL,ANP2.2,
1600,767400-D-3,D,3,8,140670.219,12659.31936,0,1555.05912,138.0253252,0.669401721,CL,ANP2.2,
1601,767400-D-3,D,3,9,140670.219,13451.86032,0,1676.4,138.8484356,0.67369856,CL,ANP2.2,
1602,767400-D-3,D,3,10,140670.219,17575.6824,0,2286.0,143.1697652,0.69528653,CL,ANP2.2,
1603,767400-D-3,D,3,11,140670.219,23099.96904,0,3048.0,148.8286492,0.72227162,CL,ANP2.2,
1604,767400-D-4,D,4,1,149622.3107,0.0,0,0.0,0.0,1.031110335,TO,ANP2.2,
1605,767400-D-4,D,4,2,149622.3107,1159.48968,0,0.0,81.5908184,0.876840419,TO,ANP2.2,
1606,767400-D-4,D,4,3,149622.3107,3114.26352,0,457.2,83.3913724,0.889078299,TO,ANP2.2,
1607,767400-D-4,D,4,4,149622.3107,3419.06352,0,503.71248,83.59715,0.693304081,CL,ANP2.2,
1608,767400-D-4,D,4,5,149622.3107,6110.6304,0,914.4,85.2433708,0.707848002,CL,ANP2.2,
1609,767400-D-4,D,4,6,149622.3107,10425.3792,0,1228.58784,122.1290056,0.674840078,CL,ANP2.2,
1610,767400-D-4,D,4,7,149622.3107,11016.93504,0,1317.6504,122.6434496,0.677994206,CL,ANP2.2,
1611,767400-D-4,D,4,8,149622.3107,13299.82608,0,1485.93048,137.5623256,0.666953054,CL,ANP2.2,
1612,767400-D-4,D,4,9,149622.3107,14647.6212,0,1676.4,138.8484356,0.67369856,CL,ANP2.2,
1613,767400-D-4,D,4,10,149622.3107,19132.35696,0,2286.0,143.1697652,0.69528653,CL,ANP2.2,
1614,767400-D-4,D,4,11,149622.3107,25147.73736,0,3048.0,148.8286492,0.72227162,CL,ANP2.2,
1615,767400-D-5,D,5,1,160765.2518,0.0,0,0.0,0.0,1.031110335,TO,ANP2.2,
1616,767400-D-5,D,5,2,160765.2518,1347.24648,0,0.0,84.5745936,0.871199114,TO,ANP2.2,
1617,767400-D-5,D,5,3,160765.2518,3534.918,0,457.2,86.426592,0.883436994,TO,ANP2.2,
1618,767400-D-5,D,5,4,160765.2518,3839.718,0,498.28704,86.6323696,0.689180711,CL,ANP2.2,
1619,767400-D-5,D,5,5,160765.2518,6925.90944,0,914.4,88.3814792,0.703916333,CL,ANP2.2,
1620,767400-D-5,D,5,6,160765.2518,11848.52088,0,1234.86672,125.1127808,0.671419954,CL,ANP2.2,
1621,767400-D-5,D,5,7,160765.2518,12121.34736,0,1271.9304,125.3185584,0.672732214,CL,ANP2.2,
1622,767400-D-5,D,5,8,160765.2518,14093.19,0,1403.63448,136.9964372,0.664038681,CL,ANP2.2,
1623,767400-D-5,D,5,9,160765.2518,16215.11616,0,1676.4,138.8484356,0.67369856,CL,ANP2.2,
1624,767400-D-5,D,5,10,160765.2518,21169.82304,0,2286.0,143.1697652,0.69528653,CL,ANP2.2,
1625,767400-D-5,D,5,11,160765.2518,27826.95984,0,3048.0,148.8286492,0.72227162,CL,ANP2.2,
1626,767400-D-6,D,6,1,172775.9144,0.0,0,0.0,0.0,1.031110335,TO,ANP2.2,
1627,767400-D-6,D,6,2,172775.9144,1566.61104,0,0.0,87.6612576,0.86533322,TO,ANP2.2,
1628,767400-D-6,D,6,3,172775.9144,4022.71992,0,457.2,89.6161448,0.8775711,TO,ANP2.2,
1629,767400-D-6,D,6,4,172775.9144,4327.51992,0,493.28832,89.770478,0.684915225,CL,ANP2.2,
1630,767400-D-6,D,6,5,172775.9144,7883.86536,0,914.4,91.6224764,0.699828065,CL,ANP2.2,
1631,767400-D-6,D,6,6,172775.9144,15314.64552,0,1344.3204,136.584882,0.661938315,CL,ANP2.2,
1632,767400-D-6,D,6,7,172775.9144,18164.98272,0,1676.4,138.8484356,0.67369856,CL,ANP2.2,
1633,767400-D-6,D,6,8,172775.9144,23654.1564,0,2286.0,143.1697652,0.69528653,CL,ANP2.2,
1634,767400-D-6,D,6,9,172775.9144,31044.27624,0,3048.0,148.8286492,0.72227162,CL,ANP2.2,
1635,767400-D-7,D,7,1,191606.3326,0.0,0,0.0,0.0,1.031110335,TO,ANP2.2,
1636,767400-D-7,D,7,2,191606.3326,1946.4528,0,0.0,92.2912536,0.856533015,TO,ANP2.2,
1637,767400-D-7,D,7,3,191606.3326,4865.40048,0,457.2,94.3490296,0.868770895,TO,ANP2.2,
1638,767400-D-7,D,7,4,191606.3326,5170.20048,0,486.7656,94.5033628,0.678551078,CL,ANP2.2,
1639,767400-D-7,D,7,5,191606.3326,9577.54752,0,914.4,96.5096944,0.693694811,CL,ANP2.2,
1640,767400-D-7,D,7,6,191606.3326,17367.44304,0,1292.9616,136.2247712,0.660119622,CL,ANP2.2,
1641,767400-D-7,D,7,7,191606.3326,21181.7712,0,1676.4,138.8484356,0.67369856,CL,ANP2.2,
1642,767400-D-7,D,7,8,191606.3326,27573.91488,0,2286.0,143.1697652,0.69528653,CL,ANP2.2,
1643,767400-D-7,D,7,9,191606.3326,36209.87424,0,3048.0,148.8286492,0.72227162,CL,ANP2.2,
1644,777200-A-1,A,1,1,194999.2008,-49204.4736,0,1828.8,140.2888788,0.017788889,AP,ANP2.2,
1645,777200-A-1,A,1,2,194999.2008,-46490.8392,0,1714.5,139.5172128,0.017177778,AP,ANP2.2,
1646,777200-A-1,A,1,3,194999.2008,-43792.14,0,1600.2,138.7969912,0.016544444,AP,ANP2.2,
1647,777200-A-1,A,1,4,194999.2008,-41108.6808,0,1485.9,138.0253252,0.0159,AP,ANP2.2,
1648,777200-A-1,A,1,5,194999.2008,-38440.1568,0,1371.9048,137.3051036,0.015244444,AP,ANP2.2,
1649,777200-A-1,A,1,6,194999.2008,-34464.6504,0,1200.912,136.1733268,0.014255556,AP,ANP2.2,
1650,777200-A-1,A,1,7,194999.2008,-31832.7024,0,1086.9168,135.4531052,0.013777778,AP,ANP2.2,
1651,777200-A-1,A,1,8,194999.2008,-27863.9016,0,914.4,134.3727728,0.013011111,AP,ANP2.2,
1652,777200-A-1,A,1,9,194999.2008,-26630.0712,0,914.4,130.1028876,0.014277778,AP,ANP2.2,
1653,777200-A-1,A,1,10,194999.2008,-25391.9736,0,914.4,125.7301136,0.015566667,AP,ANP2.2,
1654,777200-A-1,A,1,11,194999.2008,-24197.4624,0,914.4,121.4602284,0.016844444,AP,ANP2.2,
1655,777200-A-1,A,1,12,194999.2008,-23045.3184,0,914.4,117.1903432,0.018144444,AP,ANP2.2,
1656,777200-A-1,A,1,13,194999.2008,-21935.8464,0,914.4,112.9719024,0.019722222,AP,ANP2.2,
1657,777200-A-1,A,1,14,194999.2008,-20869.656,0,914.4,108.4962396,0.021377778,AP,ANP2.2,
1658,777200-A-1,A,1,15,194999.2008,-19779.0816,0,914.4,103.6090216,0.023177778,AP,ANP2.2,
1659,777200-A-1,A,1,16,194999.2008,-18874.4352,0,914.4,99.2362476,0.0249,AP,ANP2.2,
1660,777200-A-1,A,1,17,194999.2008,-17733.5688,0,914.4,92.9085864,0.027533333,AP,ANP2.2,
1661,777200-A-1,A,1,18,194999.2008,-17076.7248,0,914.4,88.227146,0.0295,AP,ANP2.2,
1662,777200-A-1,A,1,19,194999.2008,-16459.8096,0,914.4,82.2595956,0.032166667,AP,ANP2.2,
1663,777200-A-1,A,1,20,194999.2008,-15521.0256,0,862.584,77.4752664,0.034444444,AP,ANP2.2,
1664,777200-A-1,A,1,21,194999.2008,-15053.7672,0,836.676,73.9770472,0.036111111,AP,ANP2.2,
1665,777200-A-1,A,1,22,194999.2008,-14909.5968,0,828.7512,73.9256028,0.208166667,AP,ANP2.2,
1666,777200-A-1,A,1,23,194999.2008,-13420.6488,0,745.8456,73.6683808,0.206111111,AP,ANP2.2,
1667,777200-A-1,A,1,24,194999.2008,-12726.924,0,707.4408,73.5140476,0.205155556,AP,ANP2.2,
1668,777200-A-1,A,1,25,194999.2008,-11343.7416,0,630.6312,73.2568256,0.203277778,AP,ANP2.2,
1669,777200-A-1,A,1,26,194999.2008,-9279.3312,0,516.0264,72.8452704,0.200511111,AP,ANP2.2,
1670,777200-A-1,A,1,27,194999.2008,-7909.56,0,439.8264,72.5880484,0.1987,AP,ANP2.2,
1671,777200-A-1,A,1,28,194999.2008,-5864.6568,0,326.136,72.1764932,0.196022222,AP,ANP2.2,
1672,777200-A-1,A,1,29,194999.2008,-3831.6408,0,213.36,71.8163824,0.193411111,AP,ANP2.2,
1673,777200-A-1,A,1,30,194999.2008,-1809.9024,0,100.8888,71.4048272,0.190844444,AP,ANP2.2,
1674,777200-A-1,A,1,31,194999.2008,-290.7792,0,15.24,71.1476052,0.188922222,AP,ANP2.2,
1675,777200-A-1,A,1,32,194999.2008,0.0,0,0.0,70.6331612,0.041222222,AP,ANP2.2,
1676,777200-A-1,A,1,33,194999.2008,92.99448,0,0.0,59.675504,0.1,AP,ANP2.2,
1677,777200-A-1,A,1,34,194999.2008,929.9448,0,0.0,15.43332,0.1,AP,ANP2.2,
1678,777200-D-1,D,1,1,194999.2008,0.0,0,0.0,0.0,1.041770222,TO,ANP2.2,
1679,777200-D-1,D,1,2,194999.2008,928.14648,0,0.0,80.3561528,0.828529111,TO,ANP2.2,
1680,777200-D-1,D,1,3,194999.2008,2692.146,0,457.2,82.1567068,0.846012667,TO,ANP2.2,
1681,777200-D-1,D,1,4,194999.2008,2996.946,0,516.87984,82.3624844,0.629630333,CL,ANP2.2,
1682,777200-D-1,D,1,5,194999.2008,5026.70064,0,914.4,83.9572608,0.651101222,CL,ANP2.2,
1683,777200-D-1,D,1,6,194999.2008,7671.54168,0,1131.81384,109.9366828,0.617499889,CL,ANP2.2,
1684,777200-D-1,D,1,7,194999.2008,8366.27232,0,1187.77512,115.6984556,0.610446778,CL,ANP2.2,
1685,777200-D-1,D,1,8,194999.2008,11338.83432,0,1420.30704,137.099326,0.585646,CL,ANP2.2,
1686,777200-D-1,D,1,9,194999.2008,13070.79936,0,1676.4,138.8484356,0.595601333,CL,ANP2.2,
1687,777200-D-1,D,1,10,194999.2008,17355.28152,0,2286.0,143.1697652,0.614503333,CL,ANP2.2,
1688,777200-D-1,D,1,11,194999.2008,23158.97832,0,3048.0,148.8286492,0.628630889,CL,ANP2.2,
1689,777200-D-2,D,2,1,200669.1008,0.0,0,0.0,0.0,1.041770222,TO,ANP2.2,
1690,777200-D-2,D,2,2,200669.1008,986.57664,0,0.0,81.4879296,0.825451222,TO,ANP2.2,
1691,777200-D-2,D,2,3,200669.1008,2836.25544,0,457.2,83.339928,0.842934667,TO,ANP2.2,
1692,777200-D-2,D,2,4,200669.1008,3141.05544,0,514.38048,83.5457056,0.627326,CL,ANP2.2,
1693,777200-D-2,D,2,5,200669.1008,5273.68008,0,914.4,85.1919264,0.648942111,CL,ANP2.2,
1694,777200-D-2,D,2,6,200669.1008,7961.34552,0,1126.14456,110.2453492,0.616568556,CL,ANP2.2,
1695,777200-D-2,D,2,7,200669.1008,8779.94688,0,1189.08576,116.778788,0.608600222,CL,ANP2.2,
1696,777200-D-2,D,2,8,200669.1008,11714.04312,0,1409.60856,137.0478816,0.585204222,CL,ANP2.2,
1697,777200-D-2,D,2,9,200669.1008,13589.44704,0,1676.4,138.8484356,0.595601333,CL,ANP2.2,
1698,777200-D-2,D,2,10,200669.1008,18046.08024,0,2286.0,143.1697652,0.614503333,CL,ANP2.2,
1699,777200-D-2,D,2,11,200669.1008,24087.36864,0,3048.0,148.8286492,0.628630889,CL,ANP2.2,
1700,777200-D-3,D,3,1,206883.3112,0.0,0,0.0,0.0,1.041770222,TO,ANP2.2,
1701,777200-D-3,D,3,2,206883.3112,1052.87064,0,0.0,82.7740396,0.822127333,TO,ANP2.2,
1702,777200-D-3,D,3,3,206883.3112,2999.26248,0,457.2,84.626038,0.839610778,TO,ANP2.2,
1703,777200-D-3,D,3,4,206883.3112,3304.06248,0,511.78968,84.8318156,0.624845111,CL,ANP2.2,
1704,777200-D-3,D,3,5,206883.3112,5552.17584,0,914.4,86.4780364,0.646610556,CL,ANP2.2,
1705,777200-D-3,D,3,6,206883.3112,8288.15208,0,1119.80472,110.7083488,0.615415667,CL,ANP2.2,
1706,777200-D-3,D,3,7,206883.3112,9226.20456,0,1188.90288,117.807676,0.606781444,CL,ANP2.2,
1707,777200-D-3,D,3,8,206883.3112,12125.30976,0,1397.508,136.9449928,0.584701889,CL,ANP2.2,
1708,777200-D-3,D,3,9,206883.3112,14168.7804,0,1676.4,138.8484356,0.595601333,CL,ANP2.2,
1709,777200-D-3,D,3,10,206883.3112,18817.95576,0,2286.0,143.1697652,0.614503333,CL,ANP2.2,
1710,777200-D-3,D,3,11,206883.3112,25125.426,0,3048.0,148.8286492,0.628630889,CL,ANP2.2,
1711,777200-D-4,D,4,1,219130.2952,0.0,0,0.0,0.0,1.041770222,TO,ANP2.2,
1712,777200-D-4,D,4,2,219130.2952,1190.45736,0,0.0,85.1919264,0.815719556,TO,ANP2.2,
1713,777200-D-4,D,4,3,219130.2952,3336.58464,0,457.2,87.0439248,0.833203111,TO,ANP2.2,
1714,777200-D-4,D,4,4,219130.2952,3641.38464,0,507.15672,87.3011468,0.620083,CL,ANP2.2,
1715,777200-D-4,D,4,5,219130.2952,6126.05328,0,914.4,89.0502564,0.642115778,CL,ANP2.2,
1716,777200-D-4,D,4,6,219130.2952,8951.00064,0,1108.22232,111.5829036,0.613253778,CL,ANP2.2,
1717,777200-D-4,D,4,7,219130.2952,10189.03728,0,1192.62144,120.0197852,0.603139444,CL,ANP2.2,
1718,777200-D-4,D,4,8,219130.2952,12964.94232,0,1376.29392,136.7906596,0.583813889,CL,ANP2.2,
1719,777200-D-4,D,4,9,219130.2952,15345.55224,0,1676.4,138.8484356,0.595601333,CL,ANP2.2,
1720,777200-D-4,D,4,10,219130.2952,20386.60896,0,2286.0,143.1697652,0.614503333,CL,ANP2.2,
1721,777200-D-4,D,4,11,219130.2952,27237.50712,0,3048.0,148.8286492,0.628630889,CL,ANP2.2,
1722,777200-D-5,D,5,1,234234.9088,0.0,0,0.0,0.0,1.041770222,TO,ANP2.2,
1723,777200-D-5,D,5,2,234234.9088,1373.124,0,0.0,88.0728128,0.808058556,TO,ANP2.2,
1724,777200-D-5,D,5,3,234234.9088,3784.03104,0,457.2,90.0277,0.825542111,TO,ANP2.2,
1725,777200-D-5,D,5,4,234234.9088,4088.83104,0,502.158,90.2334776,0.614420556,CL,ANP2.2,
1726,777200-D-5,D,5,5,234234.9088,6882.87168,0,914.4,92.0340316,0.636741778,CL,ANP2.2,
1727,777200-D-5,D,5,6,234234.9088,9805.38552,0,1094.01864,112.663236,0.610489778,CL,ANP2.2,
1728,777200-D-5,D,5,7,234234.9088,11042.47728,0,1170.40152,120.3284516,0.601364889,CL,ANP2.2,
1729,777200-D-5,D,5,8,234234.9088,13991.66112,0,1348.16088,136.6363264,0.582625111,CL,ANP2.2,
1730,777200-D-5,D,5,9,234234.9088,16851.3252,0,1676.4,138.8484356,0.595601333,CL,ANP2.2,
1731,777200-D-5,D,5,10,234234.9088,22399.93488,0,2286.0,143.1697652,0.614503333,CL,ANP2.2,
1732,777200-D-5,D,5,11,234234.9088,29957.78616,0,3048.0,148.8286492,0.628630889,CL,ANP2.2,
1733,777200-D-6,D,6,1,250246.7064,0.0,0,0.0,0.0,1.041770222,TO,ANP2.2,
1734,777200-D-6,D,6,2,250246.7064,1582.64352,0,0.0,91.0051436,0.800202667,TO,ANP2.2,
1735,777200-D-6,D,6,3,250246.7064,4299.63072,0,457.2,93.0629196,0.817686111,TO,ANP2.2,
1736,777200-D-6,D,6,4,250246.7064,4604.43072,0,497.586,93.2172528,0.608644444,CL,ANP2.2,
1737,777200-D-6,D,6,5,250246.7064,7749.87528,0,914.4,95.1206956,0.631231111,CL,ANP2.2,
1738,777200-D-6,D,6,6,250246.7064,11093.958,0,1097.46288,114.1036792,0.608175,CL,ANP2.2,
1739,777200-D-6,D,6,7,250246.7064,12330.5316,0,1165.89048,120.9972288,0.599920111,CL,ANP2.2,
1740,777200-D-6,D,6,8,250246.7064,15414.0408,0,1334.14008,136.5334376,0.582027889,CL,ANP2.2,
1741,777200-D-6,D,6,9,250246.7064,18696.00528,0,1676.4,138.8484356,0.595601333,CL,ANP2.2,
1742,777200-D-6,D,6,10,250246.7064,24814.43856,0,2286.0,143.1697652,0.614503333,CL,ANP2.2,
1743,777200-D-6,D,6,11,250246.7064,33170.28672,0,3048.0,148.8286492,0.628630889,CL,ANP2.2,
1744,777200-D-7,D,7,1,267347.1248,0.0,0,0.0,0.0,1.041770222,TO,ANP2.2,
1745,777200-D-7,D,7,2,267347.1248,1824.80712,0,0.0,94.0918076,0.792085333,TO,ANP2.2,
1746,777200-D-7,D,7,3,267347.1248,4902.18984,0,457.2,96.1495836,0.809568889,TO,ANP2.2,
1747,777200-D-7,D,7,4,267347.1248,5206.98984,0,493.34928,96.3553612,0.602704111,CL,ANP2.2,
1748,777200-D-7,D,7,5,267347.1248,8757.63552,0,914.4,98.3102484,0.625537,CL,ANP2.2,
1749,777200-D-7,D,7,6,267347.1248,12268.29144,0,1084.6308,115.5955668,0.604806556,CL,ANP2.2,
1750,777200-D-7,D,7,7,267347.1248,13763.91456,0,1158.60576,123.0035604,0.595965,CL,ANP2.2,
1751,777200-D-7,D,7,8,267347.1248,16678.1988,0,1301.22168,136.32766,0.580609778,CL,ANP2.2,
1752,777200-D-7,D,7,9,267347.1248,20645.90232,0,1676.4,138.8484356,0.595601333,CL,ANP2.2,
1753,777200-D-7,D,7,10,267347.1248,27412.70616,0,2286.0,143.1697652,0.614503333,CL,ANP2.2,
1754,777200-D-7,D,7,11,267347.1248,36682.00944,0,3048.0,148.8286492,0.628630889,CL,ANP2.2,
1755,777200-D-8,D,8,1,285536.164,0.0,0,0.0,0.0,1.041770222,TO,ANP2.2,
1756,777200-D-8,D,8,2,285536.164,2103.7296,0,0.0,97.229916,0.783731444,TO,ANP2.2,
1757,777200-D-8,D,8,3,285536.164,5424.19032,0,457.2,99.3905808,0.801214889,TO,ANP2.2,
1758,777200-D-8,D,8,4,285536.164,5728.99032,0,489.41736,99.544914,0.596616222,CL,ANP2.2,
1759,777200-D-8,D,8,5,285536.164,9748.93656,0,914.4,101.60269,0.619677,CL,ANP2.2,
1760,777200-D-8,D,8,6,285536.164,13466.9784,0,1073.41416,117.293232,0.601130111,CL,ANP2.2,
1761,777200-D-8,D,8,7,285536.164,15277.00272,0,1152.96696,125.267114,0.591702556,CL,ANP2.2,
1762,777200-D-8,D,8,8,285536.164,17991.52104,0,1271.86944,136.1218824,0.579329,CL,ANP2.2,
1763,777200-D-8,D,8,9,285536.164,22796.05296,0,1676.4,138.8484356,0.595601333,CL,ANP2.2,
1764,777200-D-8,D,8,10,285536.164,30424.19112,0,2286.0,143.1697652,0.614503333,CL,ANP2.2,
1765,777200-D-8,D,8,11,285536.164,40926.62376,0,3048.0,148.8286492,0.628630889,CL,ANP2.2,
1766,777200-D-9,D,9,1,297556.352,0.0,0,0.0,0.0,1.041770222,TO,ANP2.2,
1767,777200-D-9,D,9,2,297556.352,2300.3256,0,0.0,99.2362476,0.778356111,TO,ANP2.2,
1768,777200-D-9,D,9,3,297556.352,5900.53176,0,457.2,101.4483568,0.795839556,TO,ANP2.2,
1769,777200-D-9,D,9,4,297556.352,6205.33176,0,482.92512,101.60269,0.592467556,CL,ANP2.2,
1770,777200-D-9,D,9,5,297556.352,11317.89456,0,914.4,103.7633548,0.615906333,CL,ANP2.2,
1771,777200-D-9,D,9,6,297556.352,15212.568,0,1067.83632,118.579342,0.598578222,CL,ANP2.2,
1772,777200-D-9,D,9,7,297556.352,17242.3836,0,1150.07136,126.810446,0.588807,CL,ANP2.2,
1773,777200-D-9,D,9,8,297556.352,19693.79856,0,1249.77144,135.9675492,0.578355,CL,ANP2.2,
1774,777200-D-9,D,9,9,297556.352,25105.18728,0,1676.4,138.8484356,0.595601333,CL,ANP2.2,
1775,777200-D-9,D,9,10,297556.352,33131.76,0,2286.0,143.1697652,0.614503333,CL,ANP2.2,
1776,777200-D-9,D,9,11,297556.352,44192.70816,0,3048.0,148.8286492,0.628630889,CL,ANP2.2,
1777,777300-A-1,A,1,1,197357.8792,-44996.4048,0,1828.8,139.928768,1.2987e-05,AP,ANP2.2,
1778,777300-A-1,A,1,2,197357.8792,-26331.9768,0,914.4,134.269884,1.2987e-05,AP,ANP2.2,
1779,777300-A-1,A,1,3,197357.8792,-21384.4632,0,914.4,113.17768,0.000551948,AP,ANP2.2,
1780,777300-A-1,A,1,4,197357.8792,-18623.8896,0,914.4,98.773248,0.028974026,AP,ANP2.2,
1781,777300-A-1,A,1,5,197357.8792,-17301.972,0,914.4,92.085476,0.076409091,AP,ANP2.2,
1782,777300-A-1,A,1,6,197357.8792,-16517.4168,0,914.4,86.941036,0.083285714,AP,ANP2.2,
1783,777300-A-1,A,1,7,197357.8792,-16486.9368,0,914.4,86.941036,0.027935065,AP,ANP2.2,
1784,777300-A-1,A,1,8,197357.8792,-15921.8376,0,881.4816,84.88326,0.026980519,AP,ANP2.2,
1785,777300-A-1,A,1,9,197357.8792,-14870.2776,0,823.5696,77.1666,0.028616883,AP,ANP2.2,
1786,777300-A-1,A,1,10,197357.8792,-14768.7792,0,817.7784,76.137712,0.02888961,AP,ANP2.2,
1787,777300-A-1,A,1,11,197357.8792,-14738.2992,0,817.7784,76.137712,0.263818182,AP,ANP2.2,
1788,777300-A-1,A,1,12,197357.8792,-14417.3448,0,798.576,76.137712,0.263194805,AP,ANP2.2,
1789,777300-A-1,A,1,13,197357.8792,-12983.8704,0,719.0232,75.623268,0.260694805,AP,ANP2.2,
1790,777300-A-1,A,1,14,197357.8792,-11556.1872,0,639.7752,75.623268,0.258227273,AP,ANP2.2,
1791,777300-A-1,A,1,15,197357.8792,-10134.2952,0,561.1368,75.108824,0.255792208,AP,ANP2.2,
1792,777300-A-1,A,1,16,197357.8792,-8718.1944,0,482.4984,75.108824,0.253402597,AP,ANP2.2,
1793,777300-A-1,A,1,17,197357.8792,-7307.2752,0,404.1648,74.59438,0.251038961,AP,ANP2.2,
1794,777300-A-1,A,1,18,197357.8792,-5902.1472,0,326.4408,74.59438,0.248714286,AP,ANP2.2,
1795,777300-A-1,A,1,19,197357.8792,-4502.5056,0,248.7168,74.079936,0.246422078,AP,ANP2.2,
1796,777300-A-1,A,1,20,197357.8792,-3108.3504,0,171.2976,73.565492,0.244155844,AP,ANP2.2,
1797,777300-A-1,A,1,21,197357.8792,-1719.6816,0,94.1832,73.565492,0.241935065,AP,ANP2.2,
1798,777300-A-1,A,1,22,197357.8792,-336.1944,0,17.3736,73.051048,0.23974026,AP,ANP2.2,
1799,777300-A-1,A,1,23,197357.8792,-290.7792,0,15.24,73.051048,0.23974026,AP,ANP2.2,
1800,777300-A-1,A,1,24,197357.8792,0.0,0,0.0,72.536604,0.239675325,AP,ANP2.2,
1801,777300-A-1,A,1,25,197357.8792,135.84936,0,0.0,68.935496,0.1,AP,ANP2.2,
1802,777300-A-1,A,1,26,197357.8792,1358.43264,0,0.0,15.43332,0.1,AP,ANP2.2,
1803,777300-D-1,D,1,1,197357.8792,0.0,0,0.0,0.0,1.140962468,TO,ANP2.2,
1804,777300-D-1,D,1,2,197357.8792,1065.1236,0,0.0,79.7902644,0.943010779,TO,ANP2.2,
1805,777300-D-1,D,1,3,197357.8792,2923.30632,0,477.012,81.6422628,0.948608701,CL,ANP2.2,
1806,777300-D-1,D,1,4,197357.8792,3228.10632,0,525.81048,81.796596,0.716606234,CL,ANP2.2,
1807,777300-D-1,D,1,5,197357.8792,5655.50304,0,914.4,83.3913724,0.731177792,CL,ANP2.2,
1808,777300-D-1,D,1,6,197357.8792,9505.24896,0,1202.61888,116.778788,0.687406234,CL,ANP2.2,
1809,777300-D-1,D,1,7,197357.8792,9846.7164,0,1254.8616,117.0874544,0.689364935,CL,ANP2.2,
1810,777300-D-1,D,1,8,197357.8792,12920.68536,0,1481.69376,137.5108812,0.665858052,CL,ANP2.2,
1811,777300-D-1,D,1,9,197357.8792,13223.01648,0,1524.0,137.8195476,0.667444416,CL,ANP2.2,
1812,777300-D-1,D,1,10,197357.8792,18876.66024,0,2286.0,143.1697652,0.696018182,CL,ANP2.2,
1813,777300-D-1,D,1,11,197357.8792,24974.82432,0,3048.0,148.8286492,0.724591948,CL,ANP2.2,
1814,777300-D-2,D,2,1,203980.3224,0.0,0,0.0,0.0,1.140962468,TO,ANP2.2,
1815,777300-D-2,D,2,2,203980.3224,1141.7808,0,0.0,81.1278188,0.939716883,TO,ANP2.2,
1816,777300-D-2,D,2,3,203980.3224,3095.42688,0,476.4024,82.9798172,0.945307792,CL,ANP2.2,
1817,777300-D-2,D,2,4,203980.3224,3400.22688,0,522.51864,83.1855948,0.714097403,CL,ANP2.2,
1818,777300-D-2,D,2,5,203980.3224,5989.7772,0,914.4,84.7803712,0.728792078,CL,ANP2.2,
1819,777300-D-2,D,2,6,203980.3224,10108.63104,0,1208.44056,118.1163424,0.685415974,CL,ANP2.2,
1820,777300-D-2,D,2,7,203980.3224,10211.74488,0,1223.4672,118.1677868,0.68598,CL,ANP2.2,
1821,777300-D-2,D,2,8,203980.3224,13200.2784,0,1434.57168,137.2022148,0.664091169,CL,ANP2.2,
1822,777300-D-2,D,2,9,203980.3224,13867.60752,0,1524.0,137.8195476,0.667444416,CL,ANP2.2,
1823,777300-D-2,D,2,10,203980.3224,19786.73208,0,2286.0,143.1697652,0.696018182,CL,ANP2.2,
1824,777300-D-2,D,2,11,203980.3224,26176.62024,0,3048.0,148.8286492,0.724591948,CL,ANP2.2,
1825,777300-D-3,D,3,1,211056.3576,0.0,0,0.0,0.0,1.140962468,TO,ANP2.2,
1826,777300-D-3,D,3,2,211056.3576,1226.88096,0,0.0,82.5168176,0.936256104,TO,ANP2.2,
1827,777300-D-3,D,3,3,211056.3576,3285.2868,0,475.7928,84.4202604,0.94183987,CL,ANP2.2,
1828,777300-D-3,D,3,4,211056.3576,3590.0868,0,519.25728,84.5745936,0.711468182,CL,ANP2.2,
1829,777300-D-3,D,3,5,211056.3576,6360.59688,0,914.4,86.2208144,0.726285195,CL,ANP2.2,
1830,777300-D-3,D,3,6,211056.3576,10762.488,0,1212.7992,119.4024524,0.683371818,CL,ANP2.2,
1831,777300-D-3,D,3,7,211056.3576,10899.00792,0,1231.6968,119.5567856,0.684080779,CL,ANP2.2,
1832,777300-D-3,D,3,8,211056.3576,13813.50552,0,1427.43936,137.1507704,0.663823506,CL,ANP2.2,
1833,777300-D-3,D,3,9,211056.3576,14568.89136,0,1524.0,137.8195476,0.667444416,CL,ANP2.2,
1834,777300-D-3,D,3,10,211056.3576,20778.70368,0,2286.0,143.1697652,0.696018182,CL,ANP2.2,
1835,777300-D-3,D,3,11,211056.3576,27488.6928,0,3048.0,148.8286492,0.724591948,CL,ANP2.2,
1836,777300-D-4,D,4,1,223666.2152,0.0,0,0.0,0.0,1.140962468,TO,ANP2.2,
1837,777300-D-4,D,4,2,223666.2152,1386.77904,0,0.0,84.9347044,0.93022961,TO,ANP2.2,
1838,777300-D-4,D,4,3,223666.2152,3638.48904,0,474.5736,86.8895916,0.935798961,CL,ANP2.2,
1839,777300-D-4,D,4,4,223666.2152,3943.28904,0,513.77088,87.0439248,0.706896623,CL,ANP2.2,
1840,777300-D-4,D,4,5,223666.2152,7059.38136,0,914.4,88.7930344,0.72191987,CL,ANP2.2,
1841,777300-D-4,D,4,6,223666.2152,13711.54992,0,1322.43576,136.4305488,0.659885844,CL,ANP2.2,
1842,777300-D-4,D,4,7,223666.2152,15414.83328,0,1524.0,137.8195476,0.667444416,CL,ANP2.2,
1843,777300-D-4,D,4,8,223666.2152,22161.5508,0,2286.0,143.1697652,0.696018182,CL,ANP2.2,
1844,777300-D-4,D,4,9,223666.2152,29464.61976,0,3048.0,148.8286492,0.724591948,CL,ANP2.2,
1845,777300-D-5,D,5,1,239360.4984,0.0,0,0.0,0.0,1.140962468,TO,ANP2.2,
1846,777300-D-5,D,5,2,239360.4984,1879.67112,0,0.0,96.1495836,0.902388442,TO,ANP2.2,
1847,777300-D-5,D,5,3,239360.4984,4472.57424,0,473.3544,98.3616928,0.907943506,CL,ANP2.2,
1848,777300-D-5,D,5,4,239360.4984,4777.37424,0,506.63856,98.516026,0.686462727,CL,ANP2.2,
1849,777300-D-5,D,5,5,239360.4984,8512.36296,0,914.4,100.4709132,0.701753377,CL,ANP2.2,
1850,777300-D-5,D,5,6,239360.4984,14126.8704,0,1215.81672,135.7103272,0.655888052,CL,ANP2.2,
1851,777300-D-5,D,5,7,239360.4984,16984.58376,0,1524.0,137.8195476,0.667444416,CL,ANP2.2,
1852,777300-D-5,D,5,8,239360.4984,24435.93792,0,2286.0,143.1697652,0.696018182,CL,ANP2.2,
1853,777300-D-5,D,5,9,239360.4984,32520.9408,0,3048.0,148.8286492,0.724591948,CL,ANP2.2,
1854,777300-D-6,D,6,1,256052.684,0.0,0,0.0,0.0,1.140962468,TO,ANP2.2,
1855,777300-D-6,D,6,2,256052.684,1846.66128,0,0.0,90.8508104,0.915488312,TO,ANP2.2,
1856,777300-D-6,D,6,3,256052.684,4654.72272,0,473.3544,92.9600308,0.921043377,CL,ANP2.2,
1857,777300-D-6,D,6,4,256052.684,4959.52272,0,503.59056,93.114364,0.695837273,CL,ANP2.2,
1858,777300-D-6,D,6,5,256052.684,9101.4804,0,914.4,94.9663624,0.711242208,CL,ANP2.2,
1859,777300-D-6,D,6,6,256052.684,16142.08608,0,1262.11584,136.0189936,0.657624156,CL,ANP2.2,
1860,777300-D-6,D,6,7,256052.684,18832.25088,0,1524.0,137.8195476,0.667444416,CL,ANP2.2,
1861,777300-D-6,D,6,8,256052.684,27081.60192,0,2286.0,143.1697652,0.696018182,CL,ANP2.2,
1862,777300-D-6,D,6,9,256052.684,36056.9256,0,3048.0,148.8286492,0.724591948,CL,ANP2.2,
1863,777300-D-7,D,7,1,288529.8712,0.0,0,0.0,0.0,1.140962468,TO,ANP2.2,
1864,777300-D-7,D,7,2,288529.8712,2380.85376,0,0.0,96.45825,0.901615714,TO,ANP2.2,
1865,777300-D-7,D,7,3,288529.8712,5846.5212,0,473.3544,98.6703592,0.907170779,CL,ANP2.2,
1866,777300-D-7,D,7,4,288529.8712,6151.3212,0,496.73256,98.773248,0.685531429,CL,ANP2.2,
1867,777300-D-7,D,7,5,288529.8712,11599.83456,0,914.4,100.831024,0.701193766,CL,ANP2.2,
1868,777300-D-7,D,7,6,288529.8712,18776.96016,0,1199.87568,135.6074384,0.65529039,CL,ANP2.2,
1869,777300-D-7,D,7,7,288529.8712,22772.33952,0,1524.0,137.8195476,0.667444416,CL,ANP2.2,
1870,777300-D-7,D,7,8,288529.8712,32738.32416,0,2286.0,143.1697652,0.696018182,CL,ANP2.2,
1871,777300-D-7,D,7,9,288529.8712,43646.81136,0,3048.0,148.8286492,0.724591948,CL,ANP2.2,
1872,1900D-A-1,A,1,1,7030.676,-34895.57664,0,1828.8,89.5647004,0.139474309,AP,ANP2.2,
1873,1900D-A-1,A,1,2,7030.676,-17447.78832,0,914.4,85.6034816,0.124704485,AP,ANP2.2,
1874,1900D-A-1,A,1,3,7030.676,-8723.89416,0,457.2,76.394934,0.118019008,AP,ANP2.2,
1875,1900D-A-1,A,1,4,7030.676,-6120.71928,0,320.77152,63.01939,0.116106326,AP,ANP2.2,
1876,1900D-A-1,A,1,5,7030.676,-5815.91928,0,304.8,61.2702804,0.165396495,AP,ANP2.2,
1877,1900D-A-1,A,1,6,7030.676,-304.8,0,15.97152,54.7368416,0.15980695,AP,ANP2.2,
1878,1900D-A-1,A,1,7,7030.676,0.0,0,0.0,54.3767308,0.15953074,AP,ANP2.2,
1879,1900D-A-1,A,1,8,7030.676,17.43456,0,0.0,43.0075184,0.4,AP,ANP2.2,
1880,1900D-A-1,A,1,9,7030.676,157.03296,0,0.0,5.0929956,0.1,AP,ANP2.2,
1881,1900D-D-1,D,1,1,7030.676,0.0,0,0.0,0.0,1.00046629,TO,ANP2.2,
1882,1900D-D-1,D,1,2,7030.676,936.1932,0,0.0,54.6853972,0.692964063,TO,ANP2.2,
1883,1900D-D-1,D,1,3,7030.676,1458.74232,0,121.92,55.045508,0.692536383,TO,ANP2.2,
1884,1900D-D-1,D,1,4,7030.676,5417.85048,0,855.69552,68.2667188,0.629204039,CL,ANP2.2,
1885,1900D-D-1,D,1,5,7030.676,5722.65048,0,882.57888,68.3696076,0.488464508,CL,ANP2.2,
1886,1900D-D-1,D,1,6,7030.676,7446.62976,0,1006.69344,74.1828248,0.467024057,CL,ANP2.2,
1887,1900D-D-1,D,1,7,7030.676,12534.77808,0,1288.14576,87.198258,0.41974755,CL,ANP2.2,
1888,1900D-D-1,D,1,8,7030.676,19286.92104,0,1676.4,88.8959232,0.414992575,CL,ANP2.2,
1889,1900D-D-1,D,1,9,7030.676,32473.42248,0,2286.0,91.6224764,0.407523018,CL,ANP2.2,
1890,1900D-D-1,D,1,10,7030.676,56358.49536,0,3048.0,95.2750288,0.398188298,CL,ANP2.2,
1891,1900D-D-2,D,2,1,7688.3844,0.0,0,0.0,0.0,1.00046629,TO,ANP2.2,
1892,1900D-D-2,D,2,2,7688.3844,1142.6952,0,0.0,57.2061728,0.678904069,TO,ANP2.2,
1893,1900D-D-2,D,2,3,7688.3844,1753.02672,0,121.92,57.5148392,0.678476388,TO,ANP2.2,
1894,1900D-D-2,D,2,4,7688.3844,4760.64072,0,611.45928,67.4950528,0.63006237,CL,ANP2.2,
1895,1900D-D-2,D,2,5,7688.3844,5065.44072,0,635.47752,67.5464972,0.491493911,CL,ANP2.2,
1896,1900D-D-2,D,2,6,7688.3844,6708.67848,0,737.28072,73.2053812,0.47032373,CL,ANP2.2,
1897,1900D-D-2,D,2,7,7688.3844,9071.36616,0,914.4,73.822714,0.468155628,CL,ANP2.2,
1898,1900D-D-2,D,2,8,7688.3844,13991.29536,0,1127.79048,86.4780364,0.421713692,CL,ANP2.2,
1899,1900D-D-2,D,2,9,7688.3844,25891.29696,0,1676.4,88.8959232,0.414992575,CL,ANP2.2,
1900,1900D-D-2,D,2,10,7688.3844,43770.28584,0,2286.0,91.6224764,0.407523018,CL,ANP2.2,
1901,1900D-D-2,D,2,11,7688.3844,80038.3464,0,3048.0,95.2750288,0.398188298,CL,ANP2.2,
1902,707QN-D-1,D,1,1,97068.688,0.0,0,0.0,0.0,0.950457895,TO,ANP2.2,
1903,707QN-D-1,D,1,2,97068.688,991.42296,0,0.0,73.9770472,0.830286842,TO,ANP2.2,
1904,707QN-D-1,D,1,3,97068.688,2459.8884,0,304.8,75.0573796,0.840640526,TO,ANP2.2,
1905,707QN-D-1,D,1,4,97068.688,4530.852,0,574.60896,92.085476,0.825038421,CL,ANP2.2,
1906,707QN-D-1,D,1,5,97068.688,4678.03992,0,599.17584,92.1883648,0.729781053,CL,ANP2.2,
1907,707QN-D-1,D,1,6,97068.688,5427.96984,0,623.74272,102.8373556,0.715897895,CL,ANP2.2,
1908,707QN-D-1,D,1,7,97068.688,7030.974,0,914.4,104.3292432,0.725778421,CL,ANP2.2,
1909,707QN-D-1,D,1,8,97068.688,9849.58152,0,1039.58136,134.5785504,0.689795789,CL,ANP2.2,
1910,707QN-D-1,D,1,9,97068.688,14133.4236,0,1676.4,138.8484356,0.713869474,CL,ANP2.2,
1911,707QN-D-1,D,1,10,97068.688,18483.19392,0,2286.0,143.1697652,0.739372105,CL,ANP2.2,
1912,707QN-D-1,D,1,11,97068.688,24280.6728,0,3048.0,148.8286492,0.774630526,CL,ANP2.2,
1913,707QN-D-2,D,2,1,103418.976,0.0,0,0.0,0.0,0.950457895,TO,ANP2.2,
1914,707QN-D-2,D,2,2,103418.976,1130.62512,0,0.0,76.3434896,0.826418421,TO,ANP2.2,
1915,707QN-D-2,D,2,3,103418.976,2759.44584,0,304.8,77.4752664,0.836771579,TO,ANP2.2,
1916,707QN-D-2,D,2,4,103418.976,5086.83768,0,579.63816,94.1946964,0.821898947,CL,ANP2.2,
1917,707QN-D-2,D,2,5,103418.976,5274.74688,0,607.9236,94.3490296,0.727131053,CL,ANP2.2,
1918,707QN-D-2,D,2,6,103418.976,6143.30496,0,636.23952,105.0494648,0.713373684,CL,ANP2.2,
1919,707QN-D-2,D,2,7,103418.976,7827.20304,0,914.4,106.4384636,0.72284,CL,ANP2.2,
1920,707QN-D-2,D,2,8,103418.976,10803.72744,0,1045.55544,134.5785504,0.690009474,CL,ANP2.2,
1921,707QN-D-2,D,2,9,103418.976,15444.49032,0,1676.4,138.8484356,0.713869474,CL,ANP2.2,
1922,707QN-D-2,D,2,10,103418.976,20205.98448,0,2286.0,143.1697652,0.739372105,CL,ANP2.2,
1923,707QN-D-2,D,2,11,103418.976,26561.796,0,3048.0,148.8286492,0.774630526,CL,ANP2.2,
1924,707QN-D-3,D,3,1,108862.08,0.0,0,0.0,0.0,0.950457895,TO,ANP2.2,
1925,707QN-D-3,D,3,2,108862.08,1257.66576,0,0.0,78.3498212,0.823196316,TO,ANP2.2,
1926,707QN-D-3,D,3,3,108862.08,3032.85144,0,304.8,79.481598,0.833549474,TO,ANP2.2,
1927,707QN-D-3,D,3,4,108862.08,5658.7644,0,589.788,96.3553612,0.81895,CL,ANP2.2,
1928,707QN-D-3,D,3,5,108862.08,5905.83528,0,621.82248,96.5096944,0.724650526,CL,ANP2.2,
1929,707QN-D-3,D,3,6,108862.08,6880.82952,0,653.85696,107.2101296,0.71102,CL,ANP2.2,
1930,707QN-D-3,D,3,7,108862.08,8696.49264,0,914.4,108.5991284,0.719901053,CL,ANP2.2,
1931,707QN-D-3,D,3,8,108862.08,11764.63992,0,1048.54248,134.6299948,0.690116316,CL,ANP2.2,
1932,707QN-D-3,D,3,9,108862.08,16736.99472,0,1676.4,138.8484356,0.713869474,CL,ANP2.2,
1933,707QN-D-3,D,3,10,108862.08,21868.1808,0,2286.0,143.1697652,0.739372105,CL,ANP2.2,
1934,707QN-D-3,D,3,11,108862.08,28727.03424,0,3048.0,148.8286492,0.774630526,CL,ANP2.2,
1935,707QN-D-4,D,4,1,117933.92,0.0,0,0.0,0.0,0.950457895,TO,ANP2.2,
1936,707QN-D-4,D,4,2,117933.92,1485.35136,0,0.0,81.539374,0.817999474,TO,ANP2.2,
1937,707QN-D-4,D,4,3,117933.92,3525.40824,0,304.8,82.7225952,0.828353158,TO,ANP2.2,
1938,707QN-D-4,D,4,4,117933.92,6679.17384,0,603.90024,99.5963584,0.814486842,CL,ANP2.2,
1939,707QN-D-4,D,4,5,117933.92,6983.97384,0,638.2512,99.7506916,0.720786316,CL,ANP2.2,
1940,707QN-D-4,D,4,6,117933.92,8238.744,0,683.14824,110.5540156,0.707587895,CL,ANP2.2,
1941,707QN-D-4,D,4,7,117933.92,10063.85592,0,914.4,111.7886812,0.715493158,CL,ANP2.2,
1942,707QN-D-4,D,4,8,117933.92,13285.19568,0,1053.57168,134.6299948,0.690296842,CL,ANP2.2,
1943,707QN-D-4,D,4,9,117933.92,18835.878,0,1676.4,138.8484356,0.713869474,CL,ANP2.2,
1944,707QN-D-4,D,4,10,117933.92,24620.982,0,2286.0,143.1697652,0.739372105,CL,ANP2.2,
1945,707QN-D-4,D,4,11,117933.92,32373.4176,0,3048.0,148.8286492,0.774630526,CL,ANP2.2,
1946,707QN-D-5,D,5,1,129727.312,0.0,0,0.0,0.0,0.950457895,TO,ANP2.2,
1947,707QN-D-5,D,5,2,129727.312,1811.5788,0,0.0,85.5005928,0.811534737,TO,ANP2.2,
1948,707QN-D-5,D,5,3,129727.312,4241.96256,0,304.8,86.7867028,0.821887895,TO,ANP2.2,
1949,707QN-D-5,D,5,4,129727.312,8307.99456,0,629.50344,103.917688,0.808792105,CL,ANP2.2,
1950,707QN-D-5,D,5,5,129727.312,8612.79456,0,658.18512,104.0720212,0.715571053,CL,ANP2.2,
1951,707QN-D-5,D,5,6,129727.312,10495.54416,0,736.15296,115.0811228,0.703492632,CL,ANP2.2,
1952,707QN-D-5,D,5,7,129727.312,12139.78776,0,914.4,116.1100108,0.709616316,CL,ANP2.2,
1953,707QN-D-5,D,5,8,129727.312,15451.43976,0,1055.24808,134.6814392,0.690356842,CL,ANP2.2,
1954,707QN-D-5,D,5,9,129727.312,21857.48232,0,1676.4,138.8484356,0.713869474,CL,ANP2.2,
1955,707QN-D-5,D,5,10,129727.312,28571.952,0,2286.0,143.1697652,0.739372105,CL,ANP2.2,
1956,707QN-D-5,D,5,11,129727.312,37602.99312,0,3048.0,148.8286492,0.774630526,CL,ANP2.2,
1957,707QN-D-6,D,6,1,141520.704,0.0,0,0.0,0.0,0.950457895,TO,ANP2.2,
1958,707QN-D-6,D,6,2,141520.704,2172.40104,0,0.0,89.3074784,0.805357368,TO,ANP2.2,
1959,707QN-D-6,D,6,3,141520.704,5057.45496,0,304.8,90.6450328,0.815710526,TO,ANP2.2,
1960,707QN-D-6,D,6,4,141520.704,10371.1248,0,662.90952,108.3419064,0.803396316,CL,ANP2.2,
1961,707QN-D-6,D,6,5,141520.704,10675.9248,0,686.95824,108.4447952,0.710653684,CL,ANP2.2,
1962,707QN-D-6,D,6,6,141520.704,12890.11392,0,757.39752,119.4538968,0.698334737,CL,ANP2.2,
1963,707QN-D-6,D,6,7,141520.704,14570.75064,0,914.4,120.379896,0.703738947,CL,ANP2.2,
1964,707QN-D-6,D,6,8,141520.704,17324.832,0,1006.7544,134.3213284,0.688626316,CL,ANP2.2,
1965,707QN-D-6,D,6,9,141520.704,25244.69424,0,1676.4,138.8484356,0.713869474,CL,ANP2.2,
1966,707QN-D-6,D,6,10,141520.704,32992.67976,0,2286.0,143.1697652,0.739372105,CL,ANP2.2,
1967,707QN-D-6,D,6,11,141520.704,43457.34768,0,3048.0,148.8286492,0.774630526,CL,ANP2.2,
1968,707QN-D-7,D,7,1,149685.36,0.0,0,0.0,0.0,0.950457895,TO,ANP2.2,
1969,707QN-D-7,D,7,2,149685.36,2442.78912,0,0.0,91.8796984,0.801230526,TO,ANP2.2,
1970,707QN-D-7,D,7,3,149685.36,5689.33584,0,304.8,93.2172528,0.811583684,TO,ANP2.2,
1971,707QN-D-7,D,7,4,149685.36,11787.71328,0,671.9316,110.5025712,0.800411053,CL,ANP2.2,
1972,707QN-D-7,D,7,5,149685.36,12092.51328,0,693.23712,110.60546,0.707926316,CL,ANP2.2,
1973,707QN-D-7,D,7,6,149685.36,14957.08464,0,788.54808,121.7688948,0.696454737,CL,ANP2.2,
1974,707QN-D-7,D,7,7,149685.36,16444.96584,0,914.4,122.4891164,0.700800526,CL,ANP2.2,
1975,707QN-D-7,D,7,8,149685.36,19149.70008,0,1004.40744,134.3213284,0.688542632,CL,ANP2.2,
1976,707QN-D-7,D,7,9,149685.36,27878.92824,0,1676.4,138.8484356,0.713869474,CL,ANP2.2,
1977,707QN-D-7,D,7,10,149685.36,36413.29776,0,2286.0,143.1697652,0.739372105,CL,ANP2.2,
1978,707QN-D-7,D,7,11,149685.36,47977.10496,0,3048.0,148.8286492,0.774630526,CL,ANP2.2,
1979,707QN-A-1,A,1,1,97068.688,-34895.57664,0,1828.8,139.928768,0.019590526,AP,ANP2.2,
1980,707QN-A-1,A,1,2,97068.688,-17752.58832,0,930.37152,86.8381472,0.017548947,AP,ANP2.2,
1981,707QN-A-1,A,1,3,97068.688,-17447.78832,0,914.4,85.6034816,0.125974737,AP,ANP2.2,
1982,707QN-A-1,A,1,4,97068.688,-9028.69416,0,473.17152,76.2406008,0.119450526,AP,ANP2.2,
1983,707QN-A-1,A,1,5,97068.688,-8723.89416,0,457.2,75.88049,0.17633,AP,ANP2.2,
1984,707QN-A-1,A,1,6,97068.688,-6120.71928,0,320.77152,69.192718,0.173474211,AP,ANP2.2,
1985,707QN-A-1,A,1,7,97068.688,-5815.91928,0,304.8,68.3696076,0.254676842,AP,ANP2.2,
1986,707QN-A-1,A,1,8,97068.688,-304.8,0,15.97152,67.392164,0.246068421,AP,ANP2.2,
1987,707QN-A-1,A,1,9,97068.688,0.0,0,0.0,67.3407196,0.245638421,AP,ANP2.2,
1988,707QN-A-1,A,1,10,97068.688,125.15088,0,0.0,63.9453892,0.4,AP,ANP2.2,
1989,707QN-A-1,A,1,11,97068.688,1126.35792,0,0.0,15.3304312,0.1,AP,ANP2.2,
1990,727D15-A-1,A,1,1,70760.352,-34895.57664,0,1828.8,139.928768,0.035128387,AP,ANP2.2,
1991,727D15-A-1,A,1,2,70760.352,-17752.58832,0,930.37152,86.8381472,0.031468387,AP,ANP2.2,
1992,727D15-A-1,A,1,3,70760.352,-17447.78832,0,914.4,85.6034816,0.132032903,AP,ANP2.2,
1993,727D15-A-1,A,1,4,70760.352,-9028.69416,0,473.17152,78.5555988,0.125195484,AP,ANP2.2,
1994,727D15-A-1,A,1,5,70760.352,-8723.89416,0,457.2,78.2469324,0.203349032,AP,ANP2.2,
1995,727D15-A-1,A,1,6,70760.352,-6120.71928,0,320.77152,76.8064892,0.200055484,AP,ANP2.2,
1996,727D15-A-1,A,1,7,70760.352,-5815.91928,0,304.8,76.652156,0.315864516,AP,ANP2.2,
1997,727D15-A-1,A,1,8,70760.352,-304.8,0,15.97152,73.6169364,0.305187742,AP,ANP2.2,
1998,727D15-A-1,A,1,9,70760.352,0.0,0,0.0,73.4626032,0.304645806,AP,ANP2.2,
1999,727D15-A-1,A,1,10,70760.352,105.94848,0,0.0,71.6620492,0.4,AP,ANP2.2,
2000,727D15-A-1,A,1,11,70760.352,953.53632,0,0.0,15.3304312,0.1,AP,ANP2.2,
2001,727D15-D-1,D,1,1,70760.352,0.0,0,0.0,0.0,0.954380645,TO,ANP2.2,
2002,727D15-D-1,D,1,2,70760.352,1669.29816,0,0.0,82.6711508,0.876641935,TO,ANP2.2,
2003,727D15-D-1,D,1,3,70760.352,3392.82024,0,304.8,83.9058164,0.900060645,TO,ANP2.2,
2004,727D15-D-1,D,1,4,70760.352,3814.1148,0,340.40064,88.4329236,0.898726452,CL,ANP2.2,
2005,727D15-D-1,D,1,5,70760.352,5380.75632,0,458.2668,104.6379096,0.893009677,CL,ANP2.2,
2006,727D15-D-1,D,1,6,70760.352,5483.90064,0,472.53144,104.7407984,0.730112258,CL,ANP2.2,
2007,727D15-D-1,D,1,7,70760.352,5953.90224,0,486.79608,110.0395716,0.725373548,CL,ANP2.2,
2008,727D15-D-1,D,1,8,70760.352,9119.85984,0,914.4,112.3545696,0.740015484,CL,ANP2.2,
2009,727D15-D-1,D,1,9,70760.352,11977.02456,0,1037.66112,134.527106,0.723324516,CL,ANP2.2,
2010,727D15-D-1,D,1,10,70760.352,17277.19176,0,1676.4,138.8484356,0.745196129,CL,ANP2.2,
2011,727D15-D-1,D,1,11,70760.352,22717.47552,0,2286.0,143.1697652,0.766069677,CL,ANP2.2,
2012,727D15-D-1,D,1,12,70760.352,30124.32888,0,3048.0,148.8286492,0.79216129,CL,ANP2.2,
2013,727D15-D-2,D,2,1,74389.088,0.0,0,0.0,0.0,0.954380645,TO,ANP2.2,
2014,727D15-D-2,D,2,2,74389.088,1849.03872,0,0.0,84.7803712,0.874674194,TO,ANP2.2,
2015,727D15-D-2,D,2,3,74389.088,3719.68776,0,304.8,86.0150368,0.898092258,TO,ANP2.2,
2016,727D15-D-2,D,2,4,74389.088,3958.68144,0,323.57568,88.3814792,0.897432258,CL,ANP2.2,
2017,727D15-D-2,D,2,5,74389.088,5665.6224,0,444.33744,104.5864652,0.892272903,CL,ANP2.2,
2018,727D15-D-2,D,2,6,74389.088,5789.0664,0,460.21752,104.6379096,0.729691613,CL,ANP2.2,
2019,727D15-D-2,D,2,7,74389.088,6304.08696,0,476.12808,109.9881272,0.725008387,CL,ANP2.2,
2020,727D15-D-2,D,2,8,74389.088,9792.94968,0,914.4,112.3545696,0.740015484,CL,ANP2.2,
2021,727D15-D-2,D,2,9,74389.088,12990.97224,0,1052.29152,134.6299948,0.723825806,CL,ANP2.2,
2022,727D15-D-2,D,2,10,74389.088,18580.4556,0,1676.4,138.8484356,0.745196129,CL,ANP2.2,
2023,727D15-D-2,D,2,11,74389.088,24457.51776,0,2286.0,143.1697652,0.766069677,CL,ANP2.2,
2024,727D15-D-2,D,2,12,74389.088,32476.95816,0,3048.0,148.8286492,0.79216129,CL,ANP2.2,
2025,727D15-D-3,D,3,1,79378.6,0.0,0,0.0,0.0,0.954380645,TO,ANP2.2,
2026,727D15-D-3,D,3,2,79378.6,2111.71536,0,0.0,87.5583688,0.872043871,TO,ANP2.2,
2027,727D15-D-3,D,3,3,79378.6,4198.86384,0,304.8,88.8444788,0.895462581,TO,ANP2.2,
2028,727D15-D-3,D,3,4,79378.6,4442.58192,0,321.8688,90.9536992,0.894894194,CL,ANP2.2,
2029,727D15-D-3,D,3,5,79378.6,6389.94912,0,445.12992,107.2101296,0.889929032,CL,ANP2.2,
2030,727D15-D-3,D,3,6,79378.6,6548.87184,0,463.6008,107.3130184,0.727193548,CL,ANP2.2,
2031,727D15-D-3,D,3,7,79378.6,7150.08984,0,482.10216,112.6117916,0.72259871,CL,ANP2.2,
2032,727D15-D-3,D,3,8,79378.6,10964.44848,0,914.4,115.0296784,0.73740129,CL,ANP2.2,
2033,727D15-D-3,D,3,9,79378.6,14265.49344,0,1055.33952,134.6814392,0.723930323,CL,ANP2.2,
2034,727D15-D-3,D,3,10,79378.6,20418.3996,0,1676.4,138.8484356,0.745196129,CL,ANP2.2,
2035,727D15-D-3,D,3,11,79378.6,26934.93216,0,2286.0,143.1697652,0.766069677,CL,ANP2.2,
2036,727D15-D-3,D,3,12,79378.6,35856.55008,0,3048.0,148.8286492,0.79216129,CL,ANP2.2,
2037,727D15-D-4,D,4,1,85728.888,0.0,0,0.0,0.0,0.954380645,TO,ANP2.2,
2038,727D15-D-4,D,4,2,85728.888,2472.2328,0,0.0,91.0051436,0.868814194,TO,ANP2.2,
2039,727D15-D-4,D,4,3,85728.888,4862.10864,0,304.8,92.342698,0.892232258,TO,ANP2.2,
2040,727D15-D-4,D,4,4,85728.888,5022.67728,0,314.5536,93.5259192,0.891928387,CL,ANP2.2,
2041,727D15-D-4,D,4,5,85728.888,7301.88024,0,440.86272,109.7823496,0.887195484,CL,ANP2.2,
2042,727D15-D-4,D,4,6,85728.888,7520.69616,0,463.35696,109.8852384,0.724570968,CL,ANP2.2,
2043,727D15-D-4,D,4,7,85728.888,8248.68048,0,485.8512,115.2869004,0.720112903,CL,ANP2.2,
2044,727D15-D-4,D,4,8,85728.888,12533.86368,0,914.4,117.7047872,0.734787742,CL,ANP2.2,
2045,727D15-D-4,D,4,9,85728.888,16040.77056,0,1062.62424,134.7328836,0.72418,CL,ANP2.2,
2046,727D15-D-4,D,4,10,85728.888,22927.6656,0,1676.4,138.8484356,0.745196129,CL,ANP2.2,
2047,727D15-D-4,D,4,11,85728.888,30331.22712,0,2286.0,143.1697652,0.766069677,CL,ANP2.2,
2048,727D15-D-4,D,4,12,85728.888,40514.83896,0,3048.0,148.8286492,0.79216129,CL,ANP2.2,
2049,727D15-D-5,D,5,1,92532.768,0.0,0,0.0,0.0,0.954380645,TO,ANP2.2,
2050,727D15-D-5,D,5,2,92532.768,2891.24136,0,0.0,94.5548072,0.865483226,TO,ANP2.2,
2051,727D15-D-5,D,5,3,92532.768,5645.13984,0,304.8,95.943806,0.88890129,TO,ANP2.2,
2052,727D15-D-5,D,5,4,92532.768,7880.08584,0,413.94888,109.6280164,0.885127097,CL,ANP2.2,
2053,727D15-D-5,D,5,5,92532.768,8184.88584,0,441.74664,109.7823496,0.723830323,CL,ANP2.2,
2054,727D15-D-5,D,5,6,92532.768,9062.98416,0,470.18448,115.1840116,0.719577419,CL,ANP2.2,
2055,727D15-D-5,D,5,7,92532.768,14083.71072,0,914.4,117.7047872,0.734787742,CL,ANP2.2,
2056,727D15-D-5,D,5,8,92532.768,18539.03328,0,1102.52256,134.9901056,0.725545806,CL,ANP2.2,
2057,727D15-D-5,D,5,9,92532.768,25884.56088,0,1676.4,138.8484356,0.745196129,CL,ANP2.2,
2058,727D15-D-5,D,5,10,92532.768,34343.61432,0,2286.0,143.1697652,0.766069677,CL,ANP2.2,
2059,727D15-D-5,D,5,11,92532.768,46045.13016,0,3048.0,148.8286492,0.79216129,CL,ANP2.2,
2060,727D17-A-1,A,1,1,71213.944,-34895.57664,0,1828.8,139.928768,0.034030625,AP,ANP2.2,
2061,727D17-A-1,A,1,2,71213.944,-17752.58832,0,930.37152,86.8381472,0.030485,AP,ANP2.2,
2062,727D17-A-1,A,1,3,71213.944,-17447.78832,0,914.4,85.6034816,0.127906875,AP,ANP2.2,
2063,727D17-A-1,A,1,4,71213.944,-9028.69416,0,473.17152,78.5555988,0.121283125,AP,ANP2.2,
2064,727D17-A-1,A,1,5,71213.944,-8723.89416,0,457.2,78.2469324,0.248281875,AP,ANP2.2,
2065,727D17-A-1,A,1,6,71213.944,-6120.71928,0,320.77152,76.8064892,0.24426125,AP,ANP2.2,
2066,727D17-A-1,A,1,7,71213.944,-5815.91928,0,304.8,76.652156,0.30599375,AP,ANP2.2,
2067,727D17-A-1,A,1,8,71213.944,-304.8,0,15.97152,73.6169364,0.295650625,AP,ANP2.2,
2068,727D17-A-1,A,1,9,71213.944,0.0,0,0.0,73.4626032,0.295125625,AP,ANP2.2,
2069,727D17-A-1,A,1,10,71213.944,120.27408,0,0.0,71.6620492,0.4,AP,ANP2.2,
2070,727D17-A-1,A,1,11,71213.944,1082.46672,0,0.0,15.3304312,0.1,AP,ANP2.2,
2071,727D17-D-1,D,1,1,71213.944,0.0,0,0.0,0.0,0.971053125,TO,ANP2.2,
2072,727D17-D-1,D,1,2,71213.944,1621.77984,0,0.0,82.9283728,0.88536375,TO,ANP2.2,
2073,727D17-D-1,D,1,3,71213.944,3268.61424,0,304.8,84.1630384,0.8978625,TO,ANP2.2,
2074,727D17-D-1,D,1,4,71213.944,3666.53064,0,340.88832,88.4329236,0.894903125,CL,ANP2.2,
2075,727D17-D-1,D,1,5,71213.944,5255.63592,0,469.33104,104.689354,0.88303625,CL,ANP2.2,
2076,727D17-D-1,D,1,6,71213.944,5328.84888,0,481.00488,104.7407984,0.78620125,CL,ANP2.2,
2077,727D17-D-1,D,1,7,71213.944,5724.26592,0,492.64824,110.0395716,0.781785,CL,ANP2.2,
2078,727D17-D-1,D,1,8,71213.944,8449.84848,0,914.4,112.3545696,0.789076875,CL,ANP2.2,
2079,727D17-D-1,D,1,9,71213.944,10819.42464,0,1016.69088,134.4242172,0.7710875,CL,ANP2.2,
2080,727D17-D-1,D,1,10,71213.944,15716.03664,0,1676.4,138.8484356,0.76771125,CL,ANP2.2,
2081,727D17-D-1,D,1,11,71213.944,20895.2592,0,2286.0,143.1697652,0.75110875,CL,ANP2.2,
2082,727D17-D-1,D,1,12,71213.944,28712.37336,0,3048.0,148.8286492,0.712145,CL,ANP2.2,
2083,727D17-D-2,D,2,1,76657.048,0.0,0,0.0,0.0,0.971053125,TO,ANP2.2,
2084,727D17-D-2,D,2,2,76657.048,1886.01096,0,0.0,86.0664812,0.882149375,TO,ANP2.2,
2085,727D17-D-2,D,2,3,76657.048,3743.37072,0,304.8,87.3011468,0.894648125,TO,ANP2.2,
2086,727D17-D-2,D,2,4,76657.048,4141.65288,0,336.804,91.0051436,0.892120625,CL,ANP2.2,
2087,727D17-D-2,D,2,5,76657.048,5980.96848,0,469.20912,107.3130184,0.880389375,CL,ANP2.2,
2088,727D17-D-2,D,2,6,76657.048,6075.24312,0,482.68128,107.3644628,0.783890625,CL,ANP2.2,
2089,727D17-D-2,D,2,7,76657.048,6535.64352,0,496.15344,112.7146804,0.77951875,CL,ANP2.2,
2090,727D17-D-2,D,2,8,76657.048,9549.87168,0,914.4,115.0296784,0.78672375,CL,ANP2.2,
2091,727D17-D-2,D,2,9,76657.048,11982.08424,0,1018.36728,134.4242172,0.771098125,CL,ANP2.2,
2092,727D17-D-2,D,2,10,76657.048,17425.38552,0,1676.4,138.8484356,0.76771125,CL,ANP2.2,
2093,727D17-D-2,D,2,11,76657.048,23222.04144,0,2286.0,143.1697652,0.75110875,CL,ANP2.2,
2094,727D17-D-2,D,2,12,76657.048,32036.94888,0,3048.0,148.8286492,0.712145,CL,ANP2.2,
2095,727D17-D-3,D,3,1,81646.56,0.0,0,0.0,0.0,0.971053125,TO,ANP2.2,
2096,727D17-D-3,D,3,2,81646.56,2146.4016,0,0.0,88.7930344,0.87930125,TO,ANP2.2,
2097,727D17-D-3,D,3,3,81646.56,4212.73224,0,304.8,90.1305888,0.891800625,TO,ANP2.2,
2098,727D17-D-3,D,3,4,81646.56,4641.1896,0,335.61528,93.628808,0.8894375,CL,ANP2.2,
2099,727D17-D-3,D,3,5,81646.56,6739.40232,0,471.40368,109.9366828,0.8778075,CL,ANP2.2,
2100,727D17-D-3,D,3,6,81646.56,6857.78664,0,486.7656,110.0395716,0.781639375,CL,ANP2.2,
2101,727D17-D-3,D,3,7,81646.56,7387.40712,0,502.158,115.3383448,0.77731125,CL,ANP2.2,
2102,727D17-D-3,D,3,8,81646.56,10659.83136,0,914.4,117.7047872,0.78437125,CL,ANP2.2,
2103,727D17-D-3,D,3,9,81646.56,13074.42648,0,1016.59944,134.4242172,0.7710875,CL,ANP2.2,
2104,727D17-D-3,D,3,10,81646.56,19077.49296,0,1676.4,138.8484356,0.76771125,CL,ANP2.2,
2105,727D17-D-3,D,3,11,81646.56,25482.46872,0,2286.0,143.1697652,0.75110875,CL,ANP2.2,
2106,727D17-D-3,D,3,12,81646.56,35296.35816,0,3048.0,148.8286492,0.712145,CL,ANP2.2,
2107,727D17-D-4,D,4,1,85728.888,0.0,0,0.0,0.0,0.971053125,TO,ANP2.2,
2108,727D17-D-4,D,4,2,85728.888,2372.50224,0,0.0,91.0051436,0.877035625,TO,ANP2.2,
2109,727D17-D-4,D,4,3,85728.888,4622.62728,0,304.8,92.342698,0.889534375,TO,ANP2.2,
2110,727D17-D-4,D,4,4,85728.888,4782.43392,0,315.43752,93.5259192,0.888746875,CL,ANP2.2,
2111,727D17-D-4,D,4,5,85728.888,7072.91448,0,454.4568,109.833794,0.87731875,CL,ANP2.2,
2112,727D17-D-4,D,4,6,85728.888,7214.37216,0,471.58656,109.9366828,0.781258125,CL,ANP2.2,
2113,727D17-D-4,D,4,7,85728.888,7794.3456,0,488.68584,115.2869004,0.77698125,CL,ANP2.2,
2114,727D17-D-4,D,4,8,85728.888,11424.63552,0,914.4,117.7047872,0.78437125,CL,ANP2.2,
2115,727D17-D-4,D,4,9,85728.888,14136.624,0,1029.1572,134.4756616,0.771164375,CL,ANP2.2,
2116,727D17-D-4,D,4,10,85728.888,20497.31232,0,1676.4,138.8484356,0.76771125,CL,ANP2.2,
2117,727D17-D-4,D,4,11,85728.888,27433.524,0,2286.0,143.1697652,0.75110875,CL,ANP2.2,
2118,727D17-D-4,D,4,12,85728.888,38132.9184,0,3048.0,148.8286492,0.712145,CL,ANP2.2,
2119,727EM1-A-1,A,1,1,61688.512,-34895.57664,0,1828.8,139.928768,0.048841429,AP,ANP2.2,
2120,727EM1-A-1,A,1,2,61688.512,-17752.58832,0,930.37152,86.8381472,0.043752857,AP,ANP2.2,
2121,727EM1-A-1,A,1,3,61688.512,-17447.78832,0,914.4,85.6034816,0.130145,AP,ANP2.2,
2122,727EM1-A-1,A,1,4,61688.512,-9028.69416,0,473.17152,66.4661648,0.123405714,AP,ANP2.2,
2123,727EM1-A-1,A,1,5,61688.512,-8723.89416,0,457.2,65.6430544,0.25069,AP,ANP2.2,
2124,727EM1-A-1,A,1,6,61688.512,-6120.71928,0,320.77152,64.1511668,0.24663,AP,ANP2.2,
2125,727EM1-A-1,A,1,7,61688.512,-5815.91928,0,304.8,63.9968336,0.301858571,AP,ANP2.2,
2126,727EM1-A-1,A,1,8,61688.512,-304.8,0,15.97152,63.0708344,0.291655,AP,ANP2.2,
2127,727EM1-A-1,A,1,9,61688.512,0.0,0,0.0,63.01939,0.291143571,AP,ANP2.2,
2128,727EM1-A-1,A,1,10,61688.512,104.42448,0,0.0,59.7783928,0.4,AP,ANP2.2,
2129,727EM1-A-1,A,1,11,61688.512,939.82032,0,0.0,15.3304312,0.1,AP,ANP2.2,
2130,727EM1-D-1,D,1,1,61688.512,0.0,0,0.0,0.0,0.943908571,TO,ANP2.2,
2131,727EM1-D-1,D,1,2,61688.512,1366.29648,0,0.0,78.3498212,0.84781,TO,ANP2.2,
2132,727EM1-D-1,D,1,3,61688.512,3148.4316,0,304.8,79.481598,0.844216429,TO,ANP2.2,
2133,727EM1-D-1,D,1,4,61688.512,3531.96144,0,338.60232,83.2370392,0.839515,CL,ANP2.2,
2134,727EM1-D-1,D,1,5,61688.512,5260.45176,0,473.8116,99.4934696,0.819401429,CL,ANP2.2,
2135,727EM1-D-1,D,1,6,61688.512,5348.1732,0,487.40568,99.544914,0.745548571,CL,ANP2.2,
2136,727EM1-D-1,D,1,7,61688.512,5779.40424,0,500.96928,104.8436872,0.739728571,CL,ANP2.2,
2137,727EM1-D-1,D,1,8,61688.512,8565.67248,0,914.4,107.004352,0.737217857,CL,ANP2.2,
2138,727EM1-D-1,D,1,9,61688.512,12100.43808,0,1069.72608,134.784328,0.708078571,CL,ANP2.2,
2139,727EM1-D-1,D,1,10,61688.512,17339.67576,0,1676.4,138.8484356,0.707777143,CL,ANP2.2,
2140,727EM1-D-1,D,1,11,61688.512,23247.5532,0,2286.0,143.1697652,0.710581429,CL,ANP2.2,
2141,727EM1-D-1,D,1,12,61688.512,31650.95016,0,3048.0,148.8286492,0.718465714,CL,ANP2.2,
2142,727EM1-D-2,D,2,1,64863.656,0.0,0,0.0,0.0,0.943908571,TO,ANP2.2,
2143,727EM1-D-2,D,2,2,64863.656,1514.91696,0,0.0,80.3047084,0.845367857,TO,ANP2.2,
2144,727EM1-D-2,D,2,3,64863.656,3454.69464,0,304.8,81.539374,0.841774286,TO,ANP2.2,
2145,727EM1-D-2,D,2,4,64863.656,3641.32368,0,320.13144,83.1341504,0.839702857,CL,ANP2.2,
2146,727EM1-D-2,D,2,5,64863.656,5532.76008,0,459.69936,99.4420252,0.819527143,CL,ANP2.2,
2147,727EM1-D-2,D,2,6,64863.656,5637.67224,0,474.81744,99.4934696,0.745648571,CL,ANP2.2,
2148,727EM1-D-2,D,2,7,64863.656,6110.35608,0,489.93552,104.7922428,0.739815,CL,ANP2.2,
2149,727EM1-D-2,D,2,8,64863.656,9188.8056,0,914.4,107.004352,0.737217857,CL,ANP2.2,
2150,727EM1-D-2,D,2,9,64863.656,13169.21928,0,1089.2028,134.8872168,0.708020714,CL,ANP2.2,
2151,727EM1-D-2,D,2,10,64863.656,18665.12904,0,1676.4,138.8484356,0.707777143,CL,ANP2.2,
2152,727EM1-D-2,D,2,11,64863.656,25076.23128,0,2286.0,143.1697652,0.710581429,CL,ANP2.2,
2153,727EM1-D-2,D,2,12,64863.656,34233.1548,0,3048.0,148.8286492,0.718465714,CL,ANP2.2,
2154,727EM1-D-3,D,3,1,68038.8,0.0,0,0.0,0.0,0.943908571,TO,ANP2.2,
2155,727EM1-D-3,D,3,2,68038.8,1671.55368,0,0.0,82.2595956,0.842985,TO,ANP2.2,
2156,727EM1-D-3,D,3,3,68038.8,3779.09328,0,304.8,83.4942612,0.839391429,TO,ANP2.2,
2157,727EM1-D-3,D,3,4,68038.8,4069.62864,0,326.68464,85.8092592,0.836496429,CL,ANP2.2,
2158,727EM1-D-3,D,3,5,68038.8,6187.86672,0,469.8492,102.0656896,0.816297143,CL,ANP2.2,
2159,727EM1-D-3,D,3,6,68038.8,6323.10648,0,486.7656,102.1685784,0.742697143,CL,ANP2.2,
2160,727EM1-D-3,D,3,7,68038.8,6850.80672,0,503.65152,107.518796,0.736850714,CL,ANP2.2,
2161,727EM1-D-3,D,3,8,68038.8,10283.55576,0,914.4,109.6794608,0.734361429,CL,ANP2.2,
2162,727EM1-D-3,D,3,9,68038.8,14354.83032,0,1091.45832,134.8872168,0.708014286,CL,ANP2.2,
2163,727EM1-D-3,D,3,10,68038.8,20268.1332,0,1676.4,138.8484356,0.707777143,CL,ANP2.2,
2164,727EM1-D-3,D,3,11,68038.8,27214.55568,0,2286.0,143.1697652,0.710581429,CL,ANP2.2,
2165,727EM1-D-3,D,3,12,68038.8,37180.23552,0,3048.0,148.8286492,0.718465714,CL,ANP2.2,
2166,727EM1-D-4,D,4,1,71667.536,0.0,0,0.0,0.0,0.943908571,TO,ANP2.2,
2167,727EM1-D-4,D,4,2,71667.536,1860.46872,0,0.0,84.4202604,0.840328571,TO,ANP2.2,
2168,727EM1-D-4,D,4,3,71667.536,4173.53496,0,304.8,85.7063704,0.836735,TO,ANP2.2,
2169,727EM1-D-4,D,4,4,71667.536,4561.51488,0,331.37856,88.3814792,0.83331,CL,ANP2.2,
2170,727EM1-D-4,D,4,5,71667.536,6962.91216,0,479.05416,104.7407984,0.813076429,CL,ANP2.2,
2171,727EM1-D-4,D,4,6,71667.536,7131.00936,0,498.31752,104.8436872,0.739749286,CL,ANP2.2,
2172,727EM1-D-4,D,4,7,71667.536,7736.95176,0,517.5504,110.1939048,0.733887143,CL,ANP2.2,
2173,727EM1-D-4,D,4,8,71667.536,11358.70728,0,914.4,112.3545696,0.731504286,CL,ANP2.2,
2174,727EM1-D-4,D,4,9,71667.536,15554.82792,0,1095.11592,134.9386612,0.708003571,CL,ANP2.2,
2175,727EM1-D-4,D,4,10,71667.536,21961.48008,0,1676.4,138.8484356,0.707777143,CL,ANP2.2,
2176,727EM1-D-4,D,4,11,71667.536,29563.1616,0,2286.0,143.1697652,0.710581429,CL,ANP2.2,
2177,727EM1-D-4,D,4,12,71667.536,40529.1036,0,3048.0,148.8286492,0.718465714,CL,ANP2.2,
2178,727EM2-A-1,A,1,1,70760.352,-34895.57664,0,1828.8,139.928768,0.035128387,AP,ANP2.2,
2179,727EM2-A-1,A,1,2,70760.352,-17752.58832,0,930.37152,86.8381472,0.031468387,AP,ANP2.2,
2180,727EM2-A-1,A,1,3,70760.352,-17447.78832,0,914.4,85.6034816,0.132032903,AP,ANP2.2,
2181,727EM2-A-1,A,1,4,70760.352,-9028.69416,0,473.17152,78.5555988,0.125195484,AP,ANP2.2,
2182,727EM2-A-1,A,1,5,70760.352,-8723.89416,0,457.2,78.2469324,0.203349032,AP,ANP2.2,
2183,727EM2-A-1,A,1,6,70760.352,-6120.71928,0,320.77152,76.8064892,0.200055484,AP,ANP2.2,
2184,727EM2-A-1,A,1,7,70760.352,-5815.91928,0,304.8,76.652156,0.315864516,AP,ANP2.2,
2185,727EM2-A-1,A,1,8,70760.352,-304.8,0,15.97152,73.6169364,0.305187742,AP,ANP2.2,
2186,727EM2-A-1,A,1,9,70760.352,0.0,0,0.0,73.4626032,0.304645806,AP,ANP2.2,
2187,727EM2-A-1,A,1,10,70760.352,105.94848,0,0.0,71.6620492,0.4,AP,ANP2.2,
2188,727EM2-A-1,A,1,11,70760.352,953.53632,0,0.0,15.3304312,0.1,AP,ANP2.2,
2189,727EM2-D-1,D,1,1,70760.352,0.0,0,0.0,0.0,0.954380645,TO,ANP2.2,
2190,727EM2-D-1,D,1,2,70760.352,1669.29816,0,0.0,82.6711508,0.876641935,TO,ANP2.2,
2191,727EM2-D-1,D,1,3,70760.352,3392.82024,0,304.8,83.9058164,0.900060645,TO,ANP2.2,
2192,727EM2-D-1,D,1,4,70760.352,3814.1148,0,340.40064,88.4329236,0.898726452,CL,ANP2.2,
2193,727EM2-D-1,D,1,5,70760.352,5380.75632,0,458.2668,104.6379096,0.893009677,CL,ANP2.2,
2194,727EM2-D-1,D,1,6,70760.352,5483.90064,0,472.53144,104.7407984,0.730112258,CL,ANP2.2,
2195,727EM2-D-1,D,1,7,70760.352,5953.90224,0,486.79608,110.0395716,0.725373548,CL,ANP2.2,
2196,727EM2-D-1,D,1,8,70760.352,9119.85984,0,914.4,112.3545696,0.740015484,CL,ANP2.2,
2197,727EM2-D-1,D,1,9,70760.352,11977.02456,0,1037.66112,134.527106,0.723324516,CL,ANP2.2,
2198,727EM2-D-1,D,1,10,70760.352,17277.19176,0,1676.4,138.8484356,0.745196129,CL,ANP2.2,
2199,727EM2-D-1,D,1,11,70760.352,22717.47552,0,2286.0,143.1697652,0.766069677,CL,ANP2.2,
2200,727EM2-D-1,D,1,12,70760.352,30124.32888,0,3048.0,148.8286492,0.79216129,CL,ANP2.2,
2201,727EM2-D-2,D,2,1,74389.088,0.0,0,0.0,0.0,0.954380645,TO,ANP2.2,
2202,727EM2-D-2,D,2,2,74389.088,1849.03872,0,0.0,84.7803712,0.874674194,TO,ANP2.2,
2203,727EM2-D-2,D,2,3,74389.088,3719.68776,0,304.8,86.0150368,0.898092258,TO,ANP2.2,
2204,727EM2-D-2,D,2,4,74389.088,3958.68144,0,323.57568,88.3814792,0.897432258,CL,ANP2.2,
2205,727EM2-D-2,D,2,5,74389.088,5665.6224,0,444.33744,104.5864652,0.892272903,CL,ANP2.2,
2206,727EM2-D-2,D,2,6,74389.088,5789.0664,0,460.21752,104.6379096,0.729691613,CL,ANP2.2,
2207,727EM2-D-2,D,2,7,74389.088,6304.08696,0,476.12808,109.9881272,0.725008387,CL,ANP2.2,
2208,727EM2-D-2,D,2,8,74389.088,9792.94968,0,914.4,112.3545696,0.740015484,CL,ANP2.2,
2209,727EM2-D-2,D,2,9,74389.088,12990.97224,0,1052.29152,134.6299948,0.723825806,CL,ANP2.2,
2210,727EM2-D-2,D,2,10,74389.088,18580.4556,0,1676.4,138.8484356,0.745196129,CL,ANP2.2,
2211,727EM2-D-2,D,2,11,74389.088,24457.51776,0,2286.0,143.1697652,0.766069677,CL,ANP2.2,
2212,727EM2-D-2,D,2,12,74389.088,32476.95816,0,3048.0,148.8286492,0.79216129,CL,ANP2.2,
2213,727EM2-D-3,D,3,1,79378.6,0.0,0,0.0,0.0,0.954380645,TO,ANP2.2,
2214,727EM2-D-3,D,3,2,79378.6,2111.71536,0,0.0,87.5583688,0.872043871,TO,ANP2.2,
2215,727EM2-D-3,D,3,3,79378.6,4198.86384,0,304.8,88.8444788,0.895462581,TO,ANP2.2,
2216,727EM2-D-3,D,3,4,79378.6,4442.58192,0,321.8688,90.9536992,0.894894194,CL,ANP2.2,
2217,727EM2-D-3,D,3,5,79378.6,6389.94912,0,445.12992,107.2101296,0.889929032,CL,ANP2.2,
2218,727EM2-D-3,D,3,6,79378.6,6548.87184,0,463.6008,107.3130184,0.727193548,CL,ANP2.2,
2219,727EM2-D-3,D,3,7,79378.6,7150.08984,0,482.10216,112.6117916,0.72259871,CL,ANP2.2,
2220,727EM2-D-3,D,3,8,79378.6,10964.44848,0,914.4,115.0296784,0.73740129,CL,ANP2.2,
2221,727EM2-D-3,D,3,9,79378.6,14265.49344,0,1055.33952,134.6814392,0.723930323,CL,ANP2.2,
2222,727EM2-D-3,D,3,10,79378.6,20418.3996,0,1676.4,138.8484356,0.745196129,CL,ANP2.2,
2223,727EM2-D-3,D,3,11,79378.6,26934.93216,0,2286.0,143.1697652,0.766069677,CL,ANP2.2,
2224,727EM2-D-3,D,3,12,79378.6,35856.55008,0,3048.0,148.8286492,0.79216129,CL,ANP2.2,
2225,727EM2-D-4,D,4,1,85728.888,0.0,0,0.0,0.0,0.954380645,TO,ANP2.2,
2226,727EM2-D-4,D,4,2,85728.888,2472.2328,0,0.0,91.0051436,0.868814194,TO,ANP2.2,
2227,727EM2-D-4,D,4,3,85728.888,4862.10864,0,304.8,92.342698,0.892232258,TO,ANP2.2,
2228,727EM2-D-4,D,4,4,85728.888,5022.67728,0,314.5536,93.5259192,0.891928387,CL,ANP2.2,
2229,727EM2-D-4,D,4,5,85728.888,7301.88024,0,440.86272,109.7823496,0.887195484,CL,ANP2.2,
2230,727EM2-D-4,D,4,6,85728.888,7520.69616,0,463.35696,109.8852384,0.724570968,CL,ANP2.2,
2231,727EM2-D-4,D,4,7,85728.888,8248.68048,0,485.8512,115.2869004,0.720112903,CL,ANP2.2,
2232,727EM2-D-4,D,4,8,85728.888,12533.86368,0,914.4,117.7047872,0.734787742,CL,ANP2.2,
2233,727EM2-D-4,D,4,9,85728.888,16040.77056,0,1062.62424,134.7328836,0.72418,CL,ANP2.2,
2234,727EM2-D-4,D,4,10,85728.888,22927.6656,0,1676.4,138.8484356,0.745196129,CL,ANP2.2,
2235,727EM2-D-4,D,4,11,85728.888,30331.22712,0,2286.0,143.1697652,0.766069677,CL,ANP2.2,
2236,727EM2-D-4,D,4,12,85728.888,40514.83896,0,3048.0,148.8286492,0.79216129,CL,ANP2.2,
2237,727EM2-D-5,D,5,1,92532.768,0.0,0,0.0,0.0,0.954380645,TO,ANP2.2,
2238,727EM2-D-5,D,5,2,92532.768,2891.24136,0,0.0,94.5548072,0.865483226,TO,ANP2.2,
2239,727EM2-D-5,D,5,3,92532.768,5645.13984,0,304.8,95.943806,0.88890129,TO,ANP2.2,
2240,727EM2-D-5,D,5,4,92532.768,7880.08584,0,413.94888,109.6280164,0.885127097,CL,ANP2.2,
2241,727EM2-D-5,D,5,5,92532.768,8184.88584,0,441.74664,109.7823496,0.723830323,CL,ANP2.2,
2242,727EM2-D-5,D,5,6,92532.768,9062.98416,0,470.18448,115.1840116,0.719577419,CL,ANP2.2,
2243,727EM2-D-5,D,5,7,92532.768,14083.71072,0,914.4,117.7047872,0.734787742,CL,ANP2.2,
2244,727EM2-D-5,D,5,8,92532.768,18539.03328,0,1102.52256,134.9901056,0.725545806,CL,ANP2.2,
2245,727EM2-D-5,D,5,9,92532.768,25884.56088,0,1676.4,138.8484356,0.745196129,CL,ANP2.2,
2246,727EM2-D-5,D,5,10,92532.768,34343.61432,0,2286.0,143.1697652,0.766069677,CL,ANP2.2,
2247,727EM2-D-5,D,5,11,92532.768,46045.13016,0,3048.0,148.8286492,0.79216129,CL,ANP2.2,
2248,727Q15-D-1,D,1,1,70760.352,0.0,0,0.0,0.0,0.954380645,TO,ANP2.2,
2249,727Q15-D-1,D,1,2,70760.352,1669.29816,0,0.0,82.6711508,0.876641935,TO,ANP2.2,
2250,727Q15-D-1,D,1,3,70760.352,3392.82024,0,304.8,83.9058164,0.900060645,TO,ANP2.2,
2251,727Q15-D-1,D,1,4,70760.352,3814.1148,0,340.40064,88.4329236,0.898726452,CL,ANP2.2,
2252,727Q15-D-1,D,1,5,70760.352,5380.75632,0,458.2668,104.6379096,0.893009677,CL,ANP2.2,
2253,727Q15-D-1,D,1,6,70760.352,5483.90064,0,472.53144,104.7407984,0.730112258,CL,ANP2.2,
2254,727Q15-D-1,D,1,7,70760.352,5953.90224,0,486.79608,110.0395716,0.725373548,CL,ANP2.2,
2255,727Q15-D-1,D,1,8,70760.352,9119.85984,0,914.4,112.3545696,0.740015484,CL,ANP2.2,
2256,727Q15-D-1,D,1,9,70760.352,11977.02456,0,1037.66112,134.527106,0.723324516,CL,ANP2.2,
2257,727Q15-D-1,D,1,10,70760.352,17277.19176,0,1676.4,138.8484356,0.745196129,CL,ANP2.2,
2258,727Q15-D-1,D,1,11,70760.352,22717.47552,0,2286.0,143.1697652,0.766069677,CL,ANP2.2,
2259,727Q15-D-1,D,1,12,70760.352,30124.32888,0,3048.0,148.8286492,0.79216129,CL,ANP2.2,
2260,727Q15-D-2,D,2,1,74389.088,0.0,0,0.0,0.0,0.954380645,TO,ANP2.2,
2261,727Q15-D-2,D,2,2,74389.088,1849.03872,0,0.0,84.7803712,0.874674194,TO,ANP2.2,
2262,727Q15-D-2,D,2,3,74389.088,3719.68776,0,304.8,86.0150368,0.898092258,TO,ANP2.2,
2263,727Q15-D-2,D,2,4,74389.088,3958.68144,0,323.57568,88.3814792,0.897432258,CL,ANP2.2,
2264,727Q15-D-2,D,2,5,74389.088,5665.6224,0,444.33744,104.5864652,0.892272903,CL,ANP2.2,
2265,727Q15-D-2,D,2,6,74389.088,5789.0664,0,460.21752,104.6379096,0.729691613,CL,ANP2.2,
2266,727Q15-D-2,D,2,7,74389.088,6304.08696,0,476.12808,109.9881272,0.725008387,CL,ANP2.2,
2267,727Q15-D-2,D,2,8,74389.088,9792.94968,0,914.4,112.3545696,0.740015484,CL,ANP2.2,
2268,727Q15-D-2,D,2,9,74389.088,12990.97224,0,1052.29152,134.6299948,0.723825806,CL,ANP2.2,
2269,727Q15-D-2,D,2,10,74389.088,18580.4556,0,1676.4,138.8484356,0.745196129,CL,ANP2.2,
2270,727Q15-D-2,D,2,11,74389.088,24457.51776,0,2286.0,143.1697652,0.766069677,CL,ANP2.2,
2271,727Q15-D-2,D,2,12,74389.088,32476.95816,0,3048.0,148.8286492,0.79216129,CL,ANP2.2,
2272,727Q15-D-3,D,3,1,79378.6,0.0,0,0.0,0.0,0.954380645,TO,ANP2.2,
2273,727Q15-D-3,D,3,2,79378.6,2111.71536,0,0.0,87.5583688,0.872043871,TO,ANP2.2,
2274,727Q15-D-3,D,3,3,79378.6,4198.86384,0,304.8,88.8444788,0.895462581,TO,ANP2.2,
2275,727Q15-D-3,D,3,4,79378.6,4442.58192,0,321.8688,90.9536992,0.894894194,CL,ANP2.2,
2276,727Q15-D-3,D,3,5,79378.6,6389.94912,0,445.12992,107.2101296,0.889929032,CL,ANP2.2,
2277,727Q15-D-3,D,3,6,79378.6,6548.87184,0,463.6008,107.3130184,0.727193548,CL,ANP2.2,
2278,727Q15-D-3,D,3,7,79378.6,7150.08984,0,482.10216,112.6117916,0.72259871,CL,ANP2.2,
2279,727Q15-D-3,D,3,8,79378.6,10964.44848,0,914.4,115.0296784,0.73740129,CL,ANP2.2,
2280,727Q15-D-3,D,3,9,79378.6,14265.49344,0,1055.33952,134.6814392,0.723930323,CL,ANP2.2,
2281,727Q15-D-3,D,3,10,79378.6,20418.3996,0,1676.4,138.8484356,0.745196129,CL,ANP2.2,
2282,727Q15-D-3,D,3,11,79378.6,26934.93216,0,2286.0,143.1697652,0.766069677,CL,ANP2.2,
2283,727Q15-D-3,D,3,12,79378.6,35856.55008,0,3048.0,148.8286492,0.79216129,CL,ANP2.2,
2284,727Q15-D-4,D,4,1,85728.888,0.0,0,0.0,0.0,0.954380645,TO,ANP2.2,
2285,727Q15-D-4,D,4,2,85728.888,2472.2328,0,0.0,91.0051436,0.868814194,TO,ANP2.2,
2286,727Q15-D-4,D,4,3,85728.888,4862.10864,0,304.8,92.342698,0.892232258,TO,ANP2.2,
2287,727Q15-D-4,D,4,4,85728.888,5022.67728,0,314.5536,93.5259192,0.891928387,CL,ANP2.2,
2288,727Q15-D-4,D,4,5,85728.888,7301.88024,0,440.86272,109.7823496,0.887195484,CL,ANP2.2,
2289,727Q15-D-4,D,4,6,85728.888,7520.69616,0,463.35696,109.8852384,0.724570968,CL,ANP2.2,
2290,727Q15-D-4,D,4,7,85728.888,8248.68048,0,485.8512,115.2869004,0.720112903,CL,ANP2.2,
2291,727Q15-D-4,D,4,8,85728.888,12533.86368,0,914.4,117.7047872,0.734787742,CL,ANP2.2,
2292,727Q15-D-4,D,4,9,85728.888,16040.77056,0,1062.62424,134.7328836,0.72418,CL,ANP2.2,
2293,727Q15-D-4,D,4,10,85728.888,22927.6656,0,1676.4,138.8484356,0.745196129,CL,ANP2.2,
2294,727Q15-D-4,D,4,11,85728.888,30331.22712,0,2286.0,143.1697652,0.766069677,CL,ANP2.2,
2295,727Q15-D-4,D,4,12,85728.888,40514.83896,0,3048.0,148.8286492,0.79216129,CL,ANP2.2,
2296,727Q15-D-5,D,5,1,92532.768,0.0,0,0.0,0.0,0.954380645,TO,ANP2.2,
2297,727Q15-D-5,D,5,2,92532.768,2891.24136,0,0.0,94.5548072,0.865483226,TO,ANP2.2,
2298,727Q15-D-5,D,5,3,92532.768,5645.13984,0,304.8,95.943806,0.88890129,TO,ANP2.2,
2299,727Q15-D-5,D,5,4,92532.768,7880.08584,0,413.94888,109.6280164,0.885127097,CL,ANP2.2,
2300,727Q15-D-5,D,5,5,92532.768,8184.88584,0,441.74664,109.7823496,0.723830323,CL,ANP2.2,
2301,727Q15-D-5,D,5,6,92532.768,9062.98416,0,470.18448,115.1840116,0.719577419,CL,ANP2.2,
2302,727Q15-D-5,D,5,7,92532.768,14083.71072,0,914.4,117.7047872,0.734787742,CL,ANP2.2,
2303,727Q15-D-5,D,5,8,92532.768,18539.03328,0,1102.52256,134.9901056,0.725545806,CL,ANP2.2,
2304,727Q15-D-5,D,5,9,92532.768,25884.56088,0,1676.4,138.8484356,0.745196129,CL,ANP2.2,
2305,727Q15-D-5,D,5,10,92532.768,34343.61432,0,2286.0,143.1697652,0.766069677,CL,ANP2.2,
2306,727Q15-D-5,D,5,11,92532.768,46045.13016,0,3048.0,148.8286492,0.79216129,CL,ANP2.2,
2307,727Q15-A-1,A,1,1,70760.352,-34895.57664,0,1828.8,139.928768,0.035128387,AP,ANP2.2,
2308,727Q15-A-1,A,1,2,70760.352,-17752.58832,0,930.37152,86.8381472,0.031468387,AP,ANP2.2,
2309,727Q15-A-1,A,1,3,70760.352,-17447.78832,0,914.4,85.6034816,0.132032903,AP,ANP2.2,
2310,727Q15-A-1,A,1,4,70760.352,-9028.69416,0,473.17152,78.5555988,0.125195484,AP,ANP2.2,
2311,727Q15-A-1,A,1,5,70760.352,-8723.89416,0,457.2,78.2469324,0.203349032,AP,ANP2.2,
2312,727Q15-A-1,A,1,6,70760.352,-6120.71928,0,320.77152,76.8064892,0.200055484,AP,ANP2.2,
2313,727Q15-A-1,A,1,7,70760.352,-5815.91928,0,304.8,76.652156,0.315864516,AP,ANP2.2,
2314,727Q15-A-1,A,1,8,70760.352,-304.8,0,15.97152,73.6169364,0.305187742,AP,ANP2.2,
2315,727Q15-A-1,A,1,9,70760.352,0.0,0,0.0,73.4626032,0.304645806,AP,ANP2.2,
2316,727Q15-A-1,A,1,10,70760.352,105.94848,0,0.0,71.6620492,0.4,AP,ANP2.2,
2317,727Q15-A-1,A,1,11,70760.352,953.53632,0,0.0,15.3304312,0.1,AP,ANP2.2,
2318,727Q7-D-1,D,1,1,61688.512,0.0,0,0.0,0.0,0.943908571,TO,ANP2.2,
2319,727Q7-D-1,D,1,2,61688.512,1366.29648,0,0.0,78.3498212,0.84781,TO,ANP2.2,
2320,727Q7-D-1,D,1,3,61688.512,3148.4316,0,304.8,79.481598,0.844216429,TO,ANP2.2,
2321,727Q7-D-1,D,1,4,61688.512,3531.96144,0,338.60232,83.2370392,0.839515,CL,ANP2.2,
2322,727Q7-D-1,D,1,5,61688.512,5260.45176,0,473.8116,99.4934696,0.819401429,CL,ANP2.2,
2323,727Q7-D-1,D,1,6,61688.512,5348.1732,0,487.40568,99.544914,0.745548571,CL,ANP2.2,
2324,727Q7-D-1,D,1,7,61688.512,5779.40424,0,500.96928,104.8436872,0.739728571,CL,ANP2.2,
2325,727Q7-D-1,D,1,8,61688.512,8565.67248,0,914.4,107.004352,0.737217857,CL,ANP2.2,
2326,727Q7-D-1,D,1,9,61688.512,12100.43808,0,1069.72608,134.784328,0.708078571,CL,ANP2.2,
2327,727Q7-D-1,D,1,10,61688.512,17339.67576,0,1676.4,138.8484356,0.707777143,CL,ANP2.2,
2328,727Q7-D-1,D,1,11,61688.512,23247.5532,0,2286.0,143.1697652,0.710581429,CL,ANP2.2,
2329,727Q7-D-1,D,1,12,61688.512,31650.95016,0,3048.0,148.8286492,0.718465714,CL,ANP2.2,
2330,727Q7-D-2,D,2,1,64863.656,0.0,0,0.0,0.0,0.943908571,TO,ANP2.2,
2331,727Q7-D-2,D,2,2,64863.656,1514.91696,0,0.0,80.3047084,0.845367857,TO,ANP2.2,
2332,727Q7-D-2,D,2,3,64863.656,3454.69464,0,304.8,81.539374,0.841774286,TO,ANP2.2,
2333,727Q7-D-2,D,2,4,64863.656,3641.32368,0,320.13144,83.1341504,0.839702857,CL,ANP2.2,
2334,727Q7-D-2,D,2,5,64863.656,5532.76008,0,459.69936,99.4420252,0.819527143,CL,ANP2.2,
2335,727Q7-D-2,D,2,6,64863.656,5637.67224,0,474.81744,99.4934696,0.745648571,CL,ANP2.2,
2336,727Q7-D-2,D,2,7,64863.656,6110.35608,0,489.93552,104.7922428,0.739815,CL,ANP2.2,
2337,727Q7-D-2,D,2,8,64863.656,9188.8056,0,914.4,107.004352,0.737217857,CL,ANP2.2,
2338,727Q7-D-2,D,2,9,64863.656,13169.21928,0,1089.2028,134.8872168,0.708020714,CL,ANP2.2,
2339,727Q7-D-2,D,2,10,64863.656,18665.12904,0,1676.4,138.8484356,0.707777143,CL,ANP2.2,
2340,727Q7-D-2,D,2,11,64863.656,25076.23128,0,2286.0,143.1697652,0.710581429,CL,ANP2.2,
2341,727Q7-D-2,D,2,12,64863.656,34233.1548,0,3048.0,148.8286492,0.718465714,CL,ANP2.2,
2342,727Q7-D-3,D,3,1,68038.8,0.0,0,0.0,0.0,0.943908571,TO,ANP2.2,
2343,727Q7-D-3,D,3,2,68038.8,1671.55368,0,0.0,82.2595956,0.842985,TO,ANP2.2,
2344,727Q7-D-3,D,3,3,68038.8,3779.09328,0,304.8,83.4942612,0.839391429,TO,ANP2.2,
2345,727Q7-D-3,D,3,4,68038.8,4069.62864,0,326.68464,85.8092592,0.836496429,CL,ANP2.2,
2346,727Q7-D-3,D,3,5,68038.8,6187.86672,0,469.8492,102.0656896,0.816297143,CL,ANP2.2,
2347,727Q7-D-3,D,3,6,68038.8,6323.10648,0,486.7656,102.1685784,0.742697143,CL,ANP2.2,
2348,727Q7-D-3,D,3,7,68038.8,6850.80672,0,503.65152,107.518796,0.736850714,CL,ANP2.2,
2349,727Q7-D-3,D,3,8,68038.8,10283.55576,0,914.4,109.6794608,0.734361429,CL,ANP2.2,
2350,727Q7-D-3,D,3,9,68038.8,14354.83032,0,1091.45832,134.8872168,0.708014286,CL,ANP2.2,
2351,727Q7-D-3,D,3,10,68038.8,20268.1332,0,1676.4,138.8484356,0.707777143,CL,ANP2.2,
2352,727Q7-D-3,D,3,11,68038.8,27214.55568,0,2286.0,143.1697652,0.710581429,CL,ANP2.2,
2353,727Q7-D-3,D,3,12,68038.8,37180.23552,0,3048.0,148.8286492,0.718465714,CL,ANP2.2,
2354,727Q7-D-4,D,4,1,71667.536,0.0,0,0.0,0.0,0.943908571,TO,ANP2.2,
2355,727Q7-D-4,D,4,2,71667.536,1860.46872,0,0.0,84.4202604,0.840328571,TO,ANP2.2,
2356,727Q7-D-4,D,4,3,71667.536,4173.53496,0,304.8,85.7063704,0.836735,TO,ANP2.2,
2357,727Q7-D-4,D,4,4,71667.536,4561.51488,0,331.37856,88.3814792,0.83331,CL,ANP2.2,
2358,727Q7-D-4,D,4,5,71667.536,6962.91216,0,479.05416,104.7407984,0.813076429,CL,ANP2.2,
2359,727Q7-D-4,D,4,6,71667.536,7131.00936,0,498.31752,104.8436872,0.739749286,CL,ANP2.2,
2360,727Q7-D-4,D,4,7,71667.536,7736.95176,0,517.5504,110.1939048,0.733887143,CL,ANP2.2,
2361,727Q7-D-4,D,4,8,71667.536,11358.70728,0,914.4,112.3545696,0.731504286,CL,ANP2.2,
2362,727Q7-D-4,D,4,9,71667.536,15554.82792,0,1095.11592,134.9386612,0.708003571,CL,ANP2.2,
2363,727Q7-D-4,D,4,10,71667.536,21961.48008,0,1676.4,138.8484356,0.707777143,CL,ANP2.2,
2364,727Q7-D-4,D,4,11,71667.536,29563.1616,0,2286.0,143.1697652,0.710581429,CL,ANP2.2,
2365,727Q7-D-4,D,4,12,71667.536,40529.1036,0,3048.0,148.8286492,0.718465714,CL,ANP2.2,
2366,727Q7-A-1,A,1,1,61688.512,-34895.57664,0,1828.8,139.928768,0.048841429,AP,ANP2.2,
2367,727Q7-A-1,A,1,2,61688.512,-17752.58832,0,930.37152,86.8381472,0.043752857,AP,ANP2.2,
2368,727Q7-A-1,A,1,3,61688.512,-17447.78832,0,914.4,85.6034816,0.130145,AP,ANP2.2,
2369,727Q7-A-1,A,1,4,61688.512,-9028.69416,0,473.17152,66.4661648,0.123405714,AP,ANP2.2,
2370,727Q7-A-1,A,1,5,61688.512,-8723.89416,0,457.2,65.6430544,0.25069,AP,ANP2.2,
2371,727Q7-A-1,A,1,6,61688.512,-6120.71928,0,320.77152,64.1511668,0.24663,AP,ANP2.2,
2372,727Q7-A-1,A,1,7,61688.512,-5815.91928,0,304.8,63.9968336,0.301858571,AP,ANP2.2,
2373,727Q7-A-1,A,1,8,61688.512,-304.8,0,15.97152,63.0708344,0.291655,AP,ANP2.2,
2374,727Q7-A-1,A,1,9,61688.512,0.0,0,0.0,63.01939,0.291143571,AP,ANP2.2,
2375,727Q7-A-1,A,1,10,61688.512,104.42448,0,0.0,59.7783928,0.4,AP,ANP2.2,
2376,727Q7-A-1,A,1,11,61688.512,939.82032,0,0.0,15.3304312,0.1,AP,ANP2.2,
2377,727Q9-A-1,A,1,1,70760.352,-34895.57664,0,1828.8,139.928768,0.035551034,AP,ANP2.2,
2378,727Q9-A-1,A,1,2,70760.352,-17752.58832,0,930.37152,86.8381472,0.031846897,AP,ANP2.2,
2379,727Q9-A-1,A,1,3,70760.352,-17447.78832,0,914.4,85.6034816,0.133622759,AP,ANP2.2,
2380,727Q9-A-1,A,1,4,70760.352,-9028.69416,0,473.17152,76.4463784,0.126702759,AP,ANP2.2,
2381,727Q9-A-1,A,1,5,70760.352,-8723.89416,0,457.2,76.0862676,0.258477931,AP,ANP2.2,
2382,727Q9-A-1,A,1,6,70760.352,-6120.71928,0,320.77152,74.6458244,0.254292414,AP,ANP2.2,
2383,727Q9-A-1,A,1,7,70760.352,-5815.91928,0,304.8,74.4914912,0.31590069,AP,ANP2.2,
2384,727Q9-A-1,A,1,8,70760.352,-304.8,0,15.97152,71.5591604,0.305222759,AP,ANP2.2,
2385,727Q9-A-1,A,1,9,70760.352,0.0,0,0.0,71.4048272,0.304682069,AP,ANP2.2,
2386,727Q9-A-1,A,1,10,70760.352,120.27408,0,0.0,69.6042732,0.4,AP,ANP2.2,
2387,727Q9-A-1,A,1,11,70760.352,1082.46672,0,0.0,15.3304312,0.1,AP,ANP2.2,
2388,727Q9-D-1,D,1,1,70760.352,0.0,0,0.0,0.0,0.945208966,TO,ANP2.2,
2389,727Q9-D-1,D,1,2,70760.352,1844.74104,0,0.0,82.6711508,0.847982759,TO,ANP2.2,
2390,727Q9-D-1,D,1,3,70760.352,3908.87712,0,304.8,83.9058164,0.84756069,TO,ANP2.2,
2391,727Q9-D-1,D,1,4,70760.352,4731.31896,0,383.22504,88.6387012,0.842252414,CL,ANP2.2,
2392,727Q9-D-1,D,1,5,70760.352,7811.5668,0,643.21944,105.5639088,0.823156552,CL,ANP2.2,
2393,727Q9-D-1,D,1,6,70760.352,7932.32856,0,658.94712,105.6667976,0.765464828,CL,ANP2.2,
2394,727Q9-D-1,D,1,7,70760.352,8448.81216,0,674.6748,111.0170152,0.759792414,CL,ANP2.2,
2395,727Q9-D-1,D,1,8,70760.352,10337.35296,0,914.4,112.3545696,0.758448966,CL,ANP2.2,
2396,727Q9-D-1,D,1,9,70760.352,13509.89424,0,1051.19424,134.6299948,0.73511931,CL,ANP2.2,
2397,727Q9-D-1,D,1,10,70760.352,19277.95992,0,1676.4,138.8484356,0.72922069,CL,ANP2.2,
2398,727Q9-D-1,D,1,11,70760.352,25717.07328,0,2286.0,143.1697652,0.720938621,CL,ANP2.2,
2399,727Q9-D-1,D,1,12,70760.352,35238.32424,0,3048.0,148.8286492,0.707070345,CL,ANP2.2,
2400,727Q9-D-2,D,2,1,76203.456,0.0,0,0.0,0.0,0.945208966,TO,ANP2.2,
2401,727Q9-D-2,D,2,2,76203.456,2148.71808,0,0.0,85.8092592,0.844313103,TO,ANP2.2,
2402,727Q9-D-2,D,2,3,76203.456,4502.2008,0,304.8,87.0439248,0.843890345,TO,ANP2.2,
2403,727Q9-D-2,D,2,4,76203.456,4767.71208,0,327.29424,88.3814792,0.842412414,CL,ANP2.2,
2404,727Q9-D-2,D,2,5,76203.456,8294.85768,0,596.85936,105.3581312,0.823377931,CL,ANP2.2,
2405,727Q9-D-2,D,2,6,76203.456,8451.89064,0,615.33024,105.46102,0.765662759,CL,ANP2.2,
2406,727Q9-D-2,D,2,7,76203.456,9041.7396,0,633.80112,110.8112376,0.759983448,CL,ANP2.2,
2407,727Q9-D-2,D,2,8,76203.456,11501.4756,0,914.4,112.3545696,0.758448966,CL,ANP2.2,
2408,727Q9-D-2,D,2,9,76203.456,15311.99376,0,1078.59576,134.8357724,0.734915862,CL,ANP2.2,
2409,727Q9-D-2,D,2,10,76203.456,21526.92672,0,1676.4,138.8484356,0.72922069,CL,ANP2.2,
2410,727Q9-D-2,D,2,11,76203.456,28803.08184,0,2286.0,143.1697652,0.720938621,CL,ANP2.2,
2411,727Q9-D-2,D,2,12,76203.456,39654.66288,0,3048.0,148.8286492,0.707070345,CL,ANP2.2,
2412,727Q9-D-3,D,3,1,81646.56,0.0,0,0.0,0.0,0.945208966,TO,ANP2.2,
2413,727Q9-D-3,D,3,2,81646.56,2476.98768,0,0.0,88.7930344,0.840771724,TO,ANP2.2,
2414,727Q9-D-3,D,3,3,81646.56,5152.76592,0,304.8,90.1305888,0.840348966,TO,ANP2.2,
2415,727Q9-D-3,D,3,4,81646.56,6009.95496,0,367.34496,93.7831412,0.836281379,CL,ANP2.2,
2416,727Q9-D-3,D,3,5,81646.56,10287.18288,0,646.84656,110.862682,0.81712,CL,ANP2.2,
2417,727Q9-D-3,D,3,6,81646.56,10502.24976,0,669.09696,111.0170152,0.75981931,CL,ANP2.2,
2418,727Q9-D-3,D,3,7,81646.56,11234.04408,0,691.37784,116.4186772,0.754114483,CL,ANP2.2,
2419,727Q9-D-3,D,3,8,81646.56,13446.89208,0,914.4,117.7047872,0.752851724,CL,ANP2.2,
2420,727Q9-D-3,D,3,9,81646.56,16936.09008,0,1061.89272,134.7328836,0.73504069,CL,ANP2.2,
2421,727Q9-D-3,D,3,10,81646.56,24074.7804,0,1676.4,138.8484356,0.72922069,CL,ANP2.2,
2422,727Q9-D-3,D,3,11,81646.56,32272.16304,0,2286.0,143.1697652,0.720938621,CL,ANP2.2,
2423,727Q9-D-3,D,3,12,81646.56,44615.49624,0,3048.0,148.8286492,0.707070345,CL,ANP2.2,
2424,727Q9-D-4,D,4,1,86636.072,0.0,0,0.0,0.0,0.945208966,TO,ANP2.2,
2425,727Q9-D-4,D,4,2,86636.072,2799.4356,0,0.0,91.4681432,0.837627586,TO,ANP2.2,
2426,727Q9-D-4,D,4,3,86636.072,5804.82456,0,304.8,92.857142,0.837204828,TO,ANP2.2,
2427,727Q9-D-4,D,4,4,86636.072,9066.30648,0,451.4088,109.833794,0.817952414,CL,ANP2.2,
2428,727Q9-D-4,D,4,5,86636.072,9316.6692,0,475.9452,109.9881272,0.760613793,CL,ANP2.2,
2429,727Q9-D-4,D,4,6,86636.072,10099.48704,0,500.45112,115.3383448,0.754929655,CL,ANP2.2,
2430,727Q9-D-4,D,4,7,86636.072,14527.92624,0,914.4,117.7047872,0.752851724,CL,ANP2.2,
2431,727Q9-D-4,D,4,8,86636.072,18723.37632,0,1091.61072,134.8872168,0.734817931,CL,ANP2.2,
2432,727Q9-D-4,D,4,9,86636.072,26265.46944,0,1676.4,138.8484356,0.72922069,CL,ANP2.2,
2433,727Q9-D-4,D,4,10,86636.072,35392.82736,0,2286.0,143.1697652,0.720938621,CL,ANP2.2,
2434,727Q9-D-4,D,4,11,86636.072,49272.38304,0,3048.0,148.8286492,0.707070345,CL,ANP2.2,
2435,727QF-D-1,D,1,1,61688.512,0.0,0,0.0,0.0,0.917487646,TO,ANP2.2,
2436,727QF-D-1,D,1,2,61688.512,1298.93568,0,0.0,80.0474864,0.792887516,TO,ANP2.2,
2437,727QF-D-1,D,1,3,61688.512,3017.88576,0,304.8,81.2307076,0.801727568,TO,ANP2.2,
2438,727QF-D-1,D,1,4,61688.512,3781.83648,0,352.10496,91.1080324,0.788176853,CL,ANP2.2,
2439,727QF-D-1,D,1,5,61688.512,4399.20888,0,386.7912,99.0819144,0.777111183,CL,ANP2.2,
2440,727QF-D-1,D,1,6,61688.512,4791.36456,0,407.39568,104.3806876,0.769660598,CL,ANP2.2,
2441,727QF-D-1,D,1,7,61688.512,5096.16456,0,452.99376,104.6379096,0.673279584,CL,ANP2.2,
2442,727QF-D-1,D,1,8,61688.512,8181.50256,0,914.4,107.004352,0.686687256,CL,ANP2.2,
2443,727QF-D-1,D,1,9,61688.512,11624.34048,0,1065.70272,134.7328836,0.660431079,CL,ANP2.2,
2444,727QF-D-1,D,1,10,61688.512,11929.14048,0,1098.68208,134.9386612,0.617125488,CL,ANP2.2,
2445,727QF-D-1,D,1,11,61688.512,17270.8824,0,1676.4,138.8484356,0.632630689,CL,ANP2.2,
2446,727QF-D-1,D,1,12,61688.512,23395.80792,0,2286.0,143.1697652,0.646609883,CL,ANP2.2,
2447,727QF-D-1,D,1,13,61688.512,31921.49064,0,3048.0,148.8286492,0.660646944,CL,ANP2.2,
2448,727QF-D-2,D,2,1,64863.656,0.0,0,0.0,0.0,0.917487646,TO,ANP2.2,
2449,727QF-D-2,D,2,2,64863.656,1441.82592,0,0.0,82.1052624,0.789721066,TO,ANP2.2,
2450,727QF-D-2,D,2,3,64863.656,3316.46784,0,304.8,83.2884836,0.798561118,TO,ANP2.2,
2451,727QF-D-2,D,2,4,64863.656,4254.67272,0,361.37088,93.7316968,0.78443173,CL,ANP2.2,
2452,727QF-D-2,D,2,5,64863.656,4721.83968,0,387.2484,99.0819144,0.777122887,CL,ANP2.2,
2453,727QF-D-2,D,2,6,64863.656,5154.4728,0,409.98648,104.3806876,0.769724317,CL,ANP2.2,
2454,727QF-D-2,D,2,7,64863.656,5459.2728,0,452.26224,104.6379096,0.673256827,CL,ANP2.2,
2455,727QF-D-2,D,2,8,64863.656,8791.25496,0,914.4,107.004352,0.686687256,CL,ANP2.2,
2456,727QF-D-2,D,2,9,64863.656,12662.18448,0,1084.41744,134.8357724,0.660927178,CL,ANP2.2,
2457,727QF-D-2,D,2,10,64863.656,12966.98448,0,1114.77552,135.04155,0.617587126,CL,ANP2.2,
2458,727QF-D-2,D,2,11,64863.656,18607.82664,0,1676.4,138.8484356,0.632630689,CL,ANP2.2,
2459,727QF-D-2,D,2,12,64863.656,25269.93168,0,2286.0,143.1697652,0.646609883,CL,ANP2.2,
2460,727QF-D-2,D,2,13,64863.656,34577.48736,0,3048.0,148.8286492,0.660646944,CL,ANP2.2,
2461,727QF-D-3,D,3,1,68038.8,0.0,0,0.0,0.0,0.917487646,TO,ANP2.2,
2462,727QF-D-3,D,3,2,68038.8,1592.67144,0,0.0,84.111594,0.786631339,TO,ANP2.2,
2463,727QF-D-3,D,3,3,68038.8,3633.42936,0,304.8,85.3462596,0.795470741,TO,ANP2.2,
2464,727QF-D-3,D,3,4,68038.8,4731.4104,0,369.47856,95.8409172,0.781452536,CL,ANP2.2,
2465,727QF-D-3,D,3,5,68038.8,5049.04248,0,386.91312,99.0819144,0.777113784,CL,ANP2.2,
2466,727QF-D-3,D,3,6,68038.8,5526.23736,0,411.96768,104.432132,0.769773732,CL,ANP2.2,
2467,727QF-D-3,D,3,7,68038.8,5831.03736,0,451.2564,104.5864652,0.673226268,CL,ANP2.2,
2468,727QF-D-3,D,3,8,68038.8,9423.89784,0,914.4,107.004352,0.686687256,CL,ANP2.2,
2469,727QF-D-3,D,3,9,68038.8,13788.17664,0,1105.9668,134.9901056,0.661494798,CL,ANP2.2,
2470,727QF-D-3,D,3,10,68038.8,14092.97664,0,1133.94744,135.1958832,0.618135241,CL,ANP2.2,
2471,727QF-D-3,D,3,11,68038.8,20003.50584,0,1676.4,138.8484356,0.632630689,CL,ANP2.2,
2472,727QF-D-3,D,3,12,68038.8,27239.8236,0,2286.0,143.1697652,0.646609883,CL,ANP2.2,
2473,727QF-D-3,D,3,13,68038.8,37389.87696,0,3048.0,148.8286492,0.660646944,CL,ANP2.2,
2474,727QF-D-4,D,4,1,71667.536,0.0,0,0.0,0.0,0.917487646,TO,ANP2.2,
2475,727QF-D-4,D,4,2,71667.536,1774.8504,0,0.0,86.3237032,0.783186606,TO,ANP2.2,
2476,727QF-D-4,D,4,3,71667.536,4019.82432,0,304.8,87.5583688,0.792026658,TO,ANP2.2,
2477,727QF-D-4,D,4,4,71667.536,5377.22064,0,382.64592,98.516026,0.777803641,CL,ANP2.2,
2478,727QF-D-4,D,4,5,71667.536,5438.5464,0,385.96824,99.0819144,0.777090377,CL,ANP2.2,
2479,727QF-D-4,D,4,6,71667.536,5972.556,0,414.04032,104.432132,0.769824447,CL,ANP2.2,
2480,727QF-D-4,D,4,7,71667.536,6277.356,0,450.25056,104.5864652,0.673195059,CL,ANP2.2,
2481,727QF-D-4,D,4,8,71667.536,10183.94712,0,914.4,107.004352,0.686687256,CL,ANP2.2,
2482,727QF-D-4,D,4,9,71667.536,15212.35464,0,1134.9228,135.1958832,0.662252926,CL,ANP2.2,
2483,727QF-D-4,D,4,10,71667.536,15517.15464,0,1160.43456,135.3502164,0.618888166,CL,ANP2.2,
2484,727QF-D-4,D,4,11,71667.536,21680.33256,0,1676.4,138.8484356,0.632630689,CL,ANP2.2,
2485,727QF-D-4,D,4,12,71667.536,29623.512,0,2286.0,143.1697652,0.646609883,CL,ANP2.2,
2486,727QF-D-4,D,4,13,71667.536,40820.21808,0,3048.0,148.8286492,0.660646944,CL,ANP2.2,
2487,727QF-A-1,A,1,1,61688.512,-34895.57664,0,1828.8,139.928768,0.032877113,AP,ANP2.2,
2488,727QF-A-1,A,1,2,61688.512,-17752.58832,0,930.37152,86.8381472,0.029451235,AP,ANP2.2,
2489,727QF-A-1,A,1,3,61688.512,-17447.78832,0,914.4,85.6034816,0.112789337,AP,ANP2.2,
2490,727QF-A-1,A,1,4,61688.512,-9028.69416,0,473.17152,78.7613764,0.106947984,AP,ANP2.2,
2491,727QF-A-1,A,1,5,61688.512,-8723.89416,0,457.2,78.5041544,0.198302991,AP,ANP2.2,
2492,727QF-A-1,A,1,6,61688.512,-6120.71928,0,320.77152,69.192718,0.195091678,AP,ANP2.2,
2493,727QF-A-1,A,1,7,61688.512,-5815.91928,0,304.8,68.0609412,0.316094278,AP,ANP2.2,
2494,727QF-A-1,A,1,8,61688.512,-304.8,0,15.97152,67.0834976,0.305409623,AP,ANP2.2,
2495,727QF-A-1,A,1,9,61688.512,0.0,0,0.0,67.0320532,0.30486606,AP,ANP2.2,
2496,727QF-A-1,A,1,10,61688.512,110.6424,0,0.0,61.9390576,0.4,AP,ANP2.2,
2497,727QF-A-1,A,1,11,61688.512,818.6928,0,0.0,30.7123068,0.1,AP,ANP2.2,
2498,7373B2-A-1,A,1,1,49350.8096,-34895.57664,0,1828.8,139.928768,0.032628636,AP,ANP2.2,
2499,7373B2-A-1,A,1,2,49350.8096,-17752.58832,0,930.37152,92.0340316,0.029229091,AP,ANP2.2,
2500,7373B2-A-1,A,1,3,49350.8096,-17447.78832,0,914.4,90.9536992,0.074559091,AP,ANP2.2,
2501,7373B2-A-1,A,1,4,49350.8096,-9028.69416,0,473.17152,78.2469324,0.070698182,AP,ANP2.2,
2502,7373B2-A-1,A,1,5,49350.8096,-8723.89416,0,457.2,77.7324884,0.146852727,AP,ANP2.2,
2503,7373B2-A-1,A,1,6,49350.8096,-6120.71928,0,320.77152,72.793826,0.144474545,AP,ANP2.2,
2504,7373B2-A-1,A,1,7,49350.8096,-5815.91928,0,304.8,72.1764932,0.179108636,AP,ANP2.2,
2505,7373B2-A-1,A,1,8,49350.8096,-304.8,0,15.97152,71.1990496,0.173054545,AP,ANP2.2,
2506,7373B2-A-1,A,1,9,49350.8096,0.0,0,0.0,71.1476052,0.172754091,AP,ANP2.2,
2507,7373B2-A-1,A,1,10,49350.8096,96.56064,0,0.0,67.4950528,0.4,AP,ANP2.2,
2508,7373B2-A-1,A,1,11,49350.8096,869.04576,0,0.0,15.3304312,0.1,AP,ANP2.2,
2509,7373B2-D-1,D,1,1,49350.8096,0.0,0,0.0,0.0,0.972816818,TO,ANP2.2,
2510,7373B2-D-1,D,1,2,49350.8096,1190.21352,0,0.0,80.6648192,0.787379091,TO,ANP2.2,
2511,7373B2-D-1,D,1,3,49350.8096,3079.66872,0,457.2,82.4653732,0.803914091,TO,ANP2.2,
2512,7373B2-D-1,D,1,4,49350.8096,3384.46872,0,519.04392,82.7225952,0.738891364,CL,ANP2.2,
2513,7373B2-D-1,D,1,5,49350.8096,5333.238,0,914.4,84.3173716,0.749961364,CL,ANP2.2,
2514,7373B2-D-1,D,1,6,49350.8096,6860.04216,0,1054.82136,101.7570232,0.730437727,CL,ANP2.2,
2515,7373B2-D-1,D,1,7,49350.8096,7839.66936,0,1144.524,111.4285704,0.72014,CL,ANP2.2,
2516,7373B2-D-1,D,1,8,49350.8096,10931.652,0,1413.2052,137.0478816,0.694703636,CL,ANP2.2,
2517,7373B2-D-1,D,1,9,49350.8096,12523.19568,0,1676.4,138.8484356,0.702072727,CL,ANP2.2,
2518,7373B2-D-1,D,1,10,49350.8096,16404.06168,0,2286.0,143.1697652,0.719141364,CL,ANP2.2,
2519,7373B2-D-1,D,1,11,49350.8096,21682.77096,0,3048.0,148.8286492,0.740476818,CL,ANP2.2,
2520,7373B2-D-2,D,2,1,51754.8472,0.0,0,0.0,0.0,0.972816818,TO,ANP2.2,
2521,7373B2-D-2,D,2,2,51754.8472,1316.46168,0,0.0,82.6197064,0.782915909,TO,ANP2.2,
2522,7373B2-D-2,D,2,3,51754.8472,3354.87264,0,457.2,84.4202604,0.799450909,TO,ANP2.2,
2523,7373B2-D-2,D,2,4,51754.8472,3659.67264,0,514.53288,84.6774824,0.735924091,CL,ANP2.2,
2524,7373B2-D-2,D,2,5,51754.8472,5785.59168,0,914.4,86.3237032,0.74712,CL,ANP2.2,
2525,7373B2-D-2,D,2,6,51754.8472,7230.9228,0,1037.90496,101.6541344,0.729964091,CL,ANP2.2,
2526,7373B2-D-2,D,2,7,51754.8472,8265.90168,0,1126.32744,111.377126,0.71963,CL,ANP2.2,
2527,7373B2-D-2,D,2,8,51754.8472,11555.24232,0,1395.34392,136.9449928,0.694203182,CL,ANP2.2,
2528,7373B2-D-2,D,2,9,51754.8472,13370.72256,0,1676.4,138.8484356,0.702072727,CL,ANP2.2,
2529,7373B2-D-2,D,2,10,51754.8472,17523.65304,0,2286.0,143.1697652,0.719141364,CL,ANP2.2,
2530,7373B2-D-2,D,2,11,51754.8472,23180.40576,0,3048.0,148.8286492,0.740476818,CL,ANP2.2,
2531,7373B2-D-3,D,3,1,54385.6808,0.0,0,0.0,0.0,0.972816818,TO,ANP2.2,
2532,7373B2-D-3,D,3,2,54385.6808,1462.5828,0,0.0,84.6774824,0.778149545,TO,ANP2.2,
2533,7373B2-D-3,D,3,3,54385.6808,3671.59032,0,457.2,86.5294808,0.794684545,TO,ANP2.2,
2534,7373B2-D-3,D,3,4,54385.6808,3976.39032,0,510.11328,86.7867028,0.732765455,CL,ANP2.2,
2535,7373B2-D-3,D,3,5,54385.6808,6305.91576,0,914.4,88.484368,0.744085909,CL,ANP2.2,
2536,7373B2-D-3,D,3,6,54385.6808,7794.40656,0,1031.9004,102.9402444,0.727997727,CL,ANP2.2,
2537,7373B2-D-3,D,3,7,54385.6808,9289.72488,0,1149.06552,115.6470112,0.714499091,CL,ANP2.2,
2538,7373B2-D-3,D,3,8,54385.6808,12277.92312,0,1377.05592,136.842104,0.693690909,CL,ANP2.2,
2539,7373B2-D-3,D,3,9,54385.6808,14351.32512,0,1676.4,138.8484356,0.702072727,CL,ANP2.2,
2540,7373B2-D-3,D,3,10,54385.6808,18813.50568,0,2286.0,143.1697652,0.719141364,CL,ANP2.2,
2541,7373B2-D-3,D,3,11,54385.6808,24901.61136,0,3048.0,148.8286492,0.740476818,CL,ANP2.2,
2542,7373B2-D-4,D,4,1,59783.4256,0.0,0,0.0,0.0,0.972816818,TO,ANP2.2,
2543,7373B2-D-4,D,4,2,59783.4256,1788.96264,0,0.0,88.7930344,0.768717273,TO,ANP2.2,
2544,7373B2-D-4,D,4,3,59783.4256,4375.67832,0,457.2,90.7479216,0.785252727,TO,ANP2.2,
2545,7373B2-D-4,D,4,4,59783.4256,4680.47832,0,502.34088,90.9536992,0.726543636,CL,ANP2.2,
2546,7373B2-D-4,D,4,5,59783.4256,7463.6376,0,914.4,92.8056976,0.738081818,CL,ANP2.2,
2547,7373B2-D-4,D,4,6,59783.4256,8975.9028,0,1016.78232,105.0494648,0.724503636,CL,ANP2.2,
2548,7373B2-D-4,D,4,7,59783.4256,10257.8916,0,1104.83904,114.5152344,0.714459545,CL,ANP2.2,
2549,7373B2-D-4,D,4,8,59783.4256,13763.30496,0,1339.35216,136.584882,0.692635455,CL,ANP2.2,
2550,7373B2-D-4,D,4,9,59783.4256,16439.44896,0,1676.4,138.8484356,0.702072727,CL,ANP2.2,
2551,7373B2-D-4,D,4,10,59783.4256,21577.46256,0,2286.0,143.1697652,0.719141364,CL,ANP2.2,
2552,7373B2-D-4,D,4,11,59783.4256,28613.95344,0,3048.0,148.8286492,0.740476818,CL,ANP2.2,
2553,7373B2-D-0,D,0,1,,0.0,0,0.0,0.0,0.972816818,TO,ANP2.2,
2554,7373B2-D-0,D,0,2,,2019.51336,0,0.0,91.31381,0.76284,TO,ANP2.2,
2555,7373B2-D-0,D,0,3,,4873.08144,0,457.2,93.371586,0.779375,TO,ANP2.2,
2556,7373B2-D-0,D,0,4,,5177.88144,0,498.0432,93.5259192,0.722682727,CL,ANP2.2,
2557,7373B2-D-0,D,0,5,,8283.8544,0,914.4,95.4808064,0.734340455,CL,ANP2.2,
2558,7373B2-D-0,D,0,6,,9808.22016,0,1008.126,106.5413524,0.722163636,CL,ANP2.2,
2559,7373B2-D-0,D,0,7,,11768.84616,0,1129.46688,119.4024524,0.708556818,CL,ANP2.2,
2560,7373B2-D-0,D,0,8,,14779.38624,0,1313.93184,136.3791044,0.691924091,CL,ANP2.2,
2561,7373B2-D-0,D,0,9,,17910.47472,0,1676.4,138.8484356,0.702072727,CL,ANP2.2,
2562,7373B2-D-0,D,0,10,,23518.48992,0,2286.0,143.1697652,0.719141364,CL,ANP2.2,
2563,7373B2-D-0,D,0,11,,31219.32288,0,3048.0,148.8286492,0.740476818,CL,ANP2.2,
2564,737D17-A-1,A,1,1,40823.28,-34895.57664,0,1828.8,139.928768,0.050770625,AP,ANP2.2,
2565,737D17-A-1,A,1,2,40823.28,-17752.58832,0,930.37152,92.0340316,0.04548125,AP,ANP2.2,
2566,737D17-A-1,A,1,3,40823.28,-17447.78832,0,914.4,90.9536992,0.12324,AP,ANP2.2,
2567,737D17-A-1,A,1,4,40823.28,-9028.69416,0,473.17152,74.0284916,0.116858125,AP,ANP2.2,
2568,737D17-A-1,A,1,5,40823.28,-8723.89416,0,457.2,73.3597144,0.19866375,AP,ANP2.2,
2569,737D17-A-1,A,1,6,40823.28,-6120.71928,0,320.77152,71.7134936,0.19544625,AP,ANP2.2,
2570,737D17-A-1,A,1,7,40823.28,-5815.91928,0,304.8,71.507716,0.232879375,AP,ANP2.2,
2571,737D17-A-1,A,1,8,40823.28,-304.8,0,15.97152,70.5302724,0.2250075,AP,ANP2.2,
2572,737D17-A-1,A,1,9,40823.28,0.0,0,0.0,70.478828,0.224616875,AP,ANP2.2,
2573,737D17-A-1,A,1,10,40823.28,87.35568,0,0.0,66.87772,0.4,AP,ANP2.2,
2574,737D17-A-1,A,1,11,40823.28,786.20112,0,0.0,15.3304312,0.1,AP,ANP2.2,
2575,737D17-D-1,D,1,1,40823.28,0.0,0,0.0,0.0,0.971053125,TO,ANP2.2,
2576,737D17-D-1,D,1,2,40823.28,998.31144,0,0.0,72.6394928,0.896021875,TO,ANP2.2,
2577,737D17-D-1,D,1,3,40823.28,2292.94944,0,304.8,73.7198252,0.908520625,TO,ANP2.2,
2578,737D17-D-1,D,1,4,40823.28,2887.33992,0,399.40992,79.3272648,0.906320625,CL,ANP2.2,
2579,737D17-D-1,D,1,5,40823.28,3775.03944,0,493.37976,92.7542532,0.895874375,CL,ANP2.2,
2580,737D17-D-1,D,1,6,40823.28,3966.6672,0,527.12112,92.9085864,0.75597625,CL,ANP2.2,
2581,737D17-D-1,D,1,7,40823.28,5062.02696,0,560.86248,110.3996824,0.741995,CL,ANP2.2,
2582,737D17-D-1,D,1,8,40823.28,7127.2908,0,914.4,112.3545696,0.7473625,CL,ANP2.2,
2583,737D17-D-1,D,1,9,40823.28,9177.80232,0,1002.9444,134.3213284,0.730229375,CL,ANP2.2,
2584,737D17-D-1,D,1,10,40823.28,13668.23784,0,1676.4,138.8484356,0.72703375,CL,ANP2.2,
2585,737D17-D-1,D,1,11,40823.28,18325.338,0,2286.0,143.1697652,0.711196875,CL,ANP2.2,
2586,737D17-D-1,D,1,12,40823.28,25348.50912,0,3048.0,148.8286492,0.67410375,CL,ANP2.2,
2587,737D17-D-2,D,2,1,43091.24,0.0,0,0.0,0.0,0.971053125,TO,ANP2.2,
2588,737D17-D-2,D,2,2,43091.24,1114.83648,0,0.0,74.59438,0.893965625,TO,ANP2.2,
2589,737D17-D-2,D,2,3,43091.24,2521.458,0,304.8,75.7261568,0.906464375,TO,ANP2.2,
2590,737D17-D-2,D,2,4,43091.24,3187.9032,0,402.45792,81.3850408,0.904301875,CL,ANP2.2,
2591,737D17-D-2,D,2,5,43091.24,4168.32288,0,498.28704,94.8634736,0.893894375,CL,ANP2.2,
2592,737D17-D-2,D,2,6,43091.24,4370.13096,0,531.20544,95.0178068,0.754283125,CL,ANP2.2,
2593,737D17-D-2,D,2,7,43091.24,5435.9556,0,564.12384,110.4511268,0.74206375,CL,ANP2.2,
2594,737D17-D-2,D,2,8,43091.24,7645.17648,0,914.4,112.3545696,0.7473625,CL,ANP2.2,
2595,737D17-D-2,D,2,9,43091.24,9922.6116,0,1012.72848,134.3727728,0.73029,CL,ANP2.2,
2596,737D17-D-2,D,2,10,43091.24,14715.22584,0,1676.4,138.8484356,0.72703375,CL,ANP2.2,
2597,737D17-D-2,D,2,11,43091.24,19769.44992,0,2286.0,143.1697652,0.711196875,CL,ANP2.2,
2598,737D17-D-2,D,2,12,43091.24,27430.71984,0,3048.0,148.8286492,0.67410375,CL,ANP2.2,
2599,737D17-D-3,D,3,1,45359.2,0.0,0,0.0,0.0,0.971053125,TO,ANP2.2,
2600,737D17-D-3,D,3,2,45359.2,1238.03664,0,0.0,76.5492672,0.891963125,TO,ANP2.2,
2601,737D17-D-3,D,3,3,45359.2,2761.85376,0,304.8,77.681044,0.904461875,TO,ANP2.2,
2602,737D17-D-3,D,3,4,45359.2,3514.98408,0,406.69464,83.4942612,0.902318125,CL,ANP2.2,
2603,737D17-D-3,D,3,5,45359.2,4595.3172,0,504.38304,97.0241384,0.89194625,CL,ANP2.2,
2604,737D17-D-3,D,3,6,45359.2,4803.09936,0,535.86888,97.1784716,0.7526025,CL,ANP2.2,
2605,737D17-D-3,D,3,7,45359.2,5819.27208,0,567.35472,110.4511268,0.742130625,CL,ANP2.2,
2606,737D17-D-3,D,3,8,45359.2,8176.13808,0,914.4,112.3545696,0.7473625,CL,ANP2.2,
2607,737D17-D-3,D,3,9,45359.2,10705.73424,0,1023.57936,134.4756616,0.730354375,CL,ANP2.2,
2608,737D17-D-3,D,3,10,45359.2,15799.33848,0,1676.4,138.8484356,0.72703375,CL,ANP2.2,
2609,737D17-D-3,D,3,11,45359.2,21272.11392,0,2286.0,143.1697652,0.711196875,CL,ANP2.2,
2610,737D17-D-3,D,3,12,45359.2,29613.72792,0,3048.0,148.8286492,0.67410375,CL,ANP2.2,
2611,737D17-D-4,D,4,1,47627.16,0.0,0,0.0,0.0,0.971053125,TO,ANP2.2,
2612,737D17-D-4,D,4,2,47627.16,1367.91192,0,0.0,78.45271,0.89001,TO,ANP2.2,
2613,737D17-D-4,D,4,3,47627.16,3014.6244,0,304.8,79.5844868,0.90250875,TO,ANP2.2,
2614,737D17-D-4,D,4,4,47627.16,3791.52912,0,402.36648,85.0375932,0.9005975,CL,ANP2.2,
2615,737D17-D-4,D,4,5,47627.16,4972.41576,0,501.94464,98.5674704,0.890293125,CL,ANP2.2,
2616,737D17-D-4,D,4,6,47627.16,5189.70768,0,532.638,98.7218036,0.751194375,CL,ANP2.2,
2617,737D17-D-4,D,4,7,47627.16,6173.724,0,563.30088,110.4511268,0.74204625,CL,ANP2.2,
2618,737D17-D-4,D,4,8,47627.16,8733.70872,0,914.4,112.3545696,0.7473625,CL,ANP2.2,
2619,737D17-D-4,D,4,9,47627.16,11545.24488,0,1035.67992,134.527106,0.73042125,CL,ANP2.2,
2620,737D17-D-4,D,4,10,47627.16,16935.9072,0,1676.4,138.8484356,0.72703375,CL,ANP2.2,
2621,737D17-D-4,D,4,11,47627.16,22850.5512,0,2286.0,143.1697652,0.711196875,CL,ANP2.2,
2622,737D17-D-4,D,4,12,47627.16,31919.2656,0,3048.0,148.8286492,0.67410375,CL,ANP2.2,
2623,737N17-A-1,A,1,1,40823.28,-34895.57664,0,1828.8,139.928768,0.050770625,AP,ANP2.2,
2624,737N17-A-1,A,1,2,40823.28,-17752.58832,0,930.37152,92.0340316,0.04548125,AP,ANP2.2,
2625,737N17-A-1,A,1,3,40823.28,-17447.78832,0,914.4,90.9536992,0.12324,AP,ANP2.2,
2626,737N17-A-1,A,1,4,40823.28,-9028.69416,0,473.17152,74.0284916,0.116858125,AP,ANP2.2,
2627,737N17-A-1,A,1,5,40823.28,-8723.89416,0,457.2,73.3597144,0.19866375,AP,ANP2.2,
2628,737N17-A-1,A,1,6,40823.28,-6120.71928,0,320.77152,71.7134936,0.19544625,AP,ANP2.2,
2629,737N17-A-1,A,1,7,40823.28,-5815.91928,0,304.8,71.507716,0.232879375,AP,ANP2.2,
2630,737N17-A-1,A,1,8,40823.28,-304.8,0,15.97152,70.5302724,0.2250075,AP,ANP2.2,
2631,737N17-A-1,A,1,9,40823.28,0.0,0,0.0,70.478828,0.224616875,AP,ANP2.2,
2632,737N17-A-1,A,1,10,40823.28,87.35568,0,0.0,66.87772,0.4,AP,ANP2.2,
2633,737N17-A-1,A,1,11,40823.28,786.20112,0,0.0,15.3304312,0.1,AP,ANP2.2,
2634,737N17-D-1,D,1,1,40823.28,0.0,0,0.0,0.0,0.971053125,TO,ANP2.2,
2635,737N17-D-1,D,1,2,40823.28,998.31144,0,0.0,72.6394928,0.896021875,TO,ANP2.2,
2636,737N17-D-1,D,1,3,40823.28,2292.94944,0,304.8,73.7198252,0.908520625,TO,ANP2.2,
2637,737N17-D-1,D,1,4,40823.28,2887.33992,0,399.40992,79.3272648,0.906320625,CL,ANP2.2,
2638,737N17-D-1,D,1,5,40823.28,3775.03944,0,493.37976,92.7542532,0.895874375,CL,ANP2.2,
2639,737N17-D-1,D,1,6,40823.28,3966.6672,0,527.12112,92.9085864,0.75597625,CL,ANP2.2,
2640,737N17-D-1,D,1,7,40823.28,5062.02696,0,560.86248,110.3996824,0.741995,CL,ANP2.2,
2641,737N17-D-1,D,1,8,40823.28,7127.2908,0,914.4,112.3545696,0.7473625,CL,ANP2.2,
2642,737N17-D-1,D,1,9,40823.28,9177.80232,0,1002.9444,134.3213284,0.730229375,CL,ANP2.2,
2643,737N17-D-1,D,1,10,40823.28,13668.23784,0,1676.4,138.8484356,0.72703375,CL,ANP2.2,
2644,737N17-D-1,D,1,11,40823.28,18325.338,0,2286.0,143.1697652,0.711196875,CL,ANP2.2,
2645,737N17-D-1,D,1,12,40823.28,25348.50912,0,3048.0,148.8286492,0.67410375,CL,ANP2.2,
2646,737N17-D-2,D,2,1,43091.24,0.0,0,0.0,0.0,0.971053125,TO,ANP2.2,
2647,737N17-D-2,D,2,2,43091.24,1114.83648,0,0.0,74.59438,0.893965625,TO,ANP2.2,
2648,737N17-D-2,D,2,3,43091.24,2521.458,0,304.8,75.7261568,0.906464375,TO,ANP2.2,
2649,737N17-D-2,D,2,4,43091.24,3187.9032,0,402.45792,81.3850408,0.904301875,CL,ANP2.2,
2650,737N17-D-2,D,2,5,43091.24,4168.32288,0,498.28704,94.8634736,0.893894375,CL,ANP2.2,
2651,737N17-D-2,D,2,6,43091.24,4370.13096,0,531.20544,95.0178068,0.754283125,CL,ANP2.2,
2652,737N17-D-2,D,2,7,43091.24,5435.9556,0,564.12384,110.4511268,0.74206375,CL,ANP2.2,
2653,737N17-D-2,D,2,8,43091.24,7645.17648,0,914.4,112.3545696,0.7473625,CL,ANP2.2,
2654,737N17-D-2,D,2,9,43091.24,9922.6116,0,1012.72848,134.3727728,0.73029,CL,ANP2.2,
2655,737N17-D-2,D,2,10,43091.24,14715.22584,0,1676.4,138.8484356,0.72703375,CL,ANP2.2,
2656,737N17-D-2,D,2,11,43091.24,19769.44992,0,2286.0,143.1697652,0.711196875,CL,ANP2.2,
2657,737N17-D-2,D,2,12,43091.24,27430.71984,0,3048.0,148.8286492,0.67410375,CL,ANP2.2,
2658,737N17-D-3,D,3,1,45359.2,0.0,0,0.0,0.0,0.971053125,TO,ANP2.2,
2659,737N17-D-3,D,3,2,45359.2,1238.03664,0,0.0,76.5492672,0.891963125,TO,ANP2.2,
2660,737N17-D-3,D,3,3,45359.2,2761.85376,0,304.8,77.681044,0.904461875,TO,ANP2.2,
2661,737N17-D-3,D,3,4,45359.2,3514.98408,0,406.69464,83.4942612,0.902318125,CL,ANP2.2,
2662,737N17-D-3,D,3,5,45359.2,4595.3172,0,504.38304,97.0241384,0.89194625,CL,ANP2.2,
2663,737N17-D-3,D,3,6,45359.2,4803.09936,0,535.86888,97.1784716,0.7526025,CL,ANP2.2,
2664,737N17-D-3,D,3,7,45359.2,5819.27208,0,567.35472,110.4511268,0.742130625,CL,ANP2.2,
2665,737N17-D-3,D,3,8,45359.2,8176.13808,0,914.4,112.3545696,0.7473625,CL,ANP2.2,
2666,737N17-D-3,D,3,9,45359.2,10705.73424,0,1023.57936,134.4756616,0.730354375,CL,ANP2.2,
2667,737N17-D-3,D,3,10,45359.2,15799.33848,0,1676.4,138.8484356,0.72703375,CL,ANP2.2,
2668,737N17-D-3,D,3,11,45359.2,21272.11392,0,2286.0,143.1697652,0.711196875,CL,ANP2.2,
2669,737N17-D-3,D,3,12,45359.2,29613.72792,0,3048.0,148.8286492,0.67410375,CL,ANP2.2,
2670,737N17-D-4,D,4,1,47627.16,0.0,0,0.0,0.0,0.971053125,TO,ANP2.2,
2671,737N17-D-4,D,4,2,47627.16,1367.91192,0,0.0,78.45271,0.89001,TO,ANP2.2,
2672,737N17-D-4,D,4,3,47627.16,3014.6244,0,304.8,79.5844868,0.90250875,TO,ANP2.2,
2673,737N17-D-4,D,4,4,47627.16,3791.52912,0,402.36648,85.0375932,0.9005975,CL,ANP2.2,
2674,737N17-D-4,D,4,5,47627.16,4972.41576,0,501.94464,98.5674704,0.890293125,CL,ANP2.2,
2675,737N17-D-4,D,4,6,47627.16,5189.70768,0,532.638,98.7218036,0.751194375,CL,ANP2.2,
2676,737N17-D-4,D,4,7,47627.16,6173.724,0,563.30088,110.4511268,0.74204625,CL,ANP2.2,
2677,737N17-D-4,D,4,8,47627.16,8733.70872,0,914.4,112.3545696,0.7473625,CL,ANP2.2,
2678,737N17-D-4,D,4,9,47627.16,11545.24488,0,1035.67992,134.527106,0.73042125,CL,ANP2.2,
2679,737N17-D-4,D,4,10,47627.16,16935.9072,0,1676.4,138.8484356,0.72703375,CL,ANP2.2,
2680,737N17-D-4,D,4,11,47627.16,22850.5512,0,2286.0,143.1697652,0.711196875,CL,ANP2.2,
2681,737N17-D-4,D,4,12,47627.16,31919.2656,0,3048.0,148.8286492,0.67410375,CL,ANP2.2,
2682,737N9-A-1,A,1,1,37194.544,-34895.57664,0,1828.8,139.928768,0.051310345,AP,ANP2.2,
2683,737N9-A-1,A,1,2,37194.544,-17752.58832,0,930.37152,92.0340316,0.045964828,AP,ANP2.2,
2684,737N9-A-1,A,1,3,37194.544,-17447.78832,0,914.4,90.9536992,0.117102069,AP,ANP2.2,
2685,737N9-A-1,A,1,4,37194.544,-9028.69416,0,473.17152,71.1990496,0.111037931,AP,ANP2.2,
2686,737N9-A-1,A,1,5,37194.544,-8723.89416,0,457.2,70.3759392,0.200571724,AP,ANP2.2,
2687,737N9-A-1,A,1,6,37194.544,-6120.71928,0,320.77152,68.5239408,0.197323448,AP,ANP2.2,
2688,737N9-A-1,A,1,7,37194.544,-5815.91928,0,304.8,68.3181632,0.234234483,AP,ANP2.2,
2689,737N9-A-1,A,1,8,37194.544,-304.8,0,15.97152,67.3407196,0.226317241,AP,ANP2.2,
2690,737N9-A-1,A,1,9,37194.544,0.0,0,0.0,67.2892752,0.225926207,AP,ANP2.2,
2691,737N9-A-1,A,1,10,37194.544,77.90688,0,0.0,63.8939448,0.4,AP,ANP2.2,
2692,737N9-A-1,A,1,11,37194.544,701.16192,0,0.0,15.3304312,0.1,AP,ANP2.2,
2693,737N9-D-1,D,1,1,37194.544,0.0,0,0.0,0.0,0.95488,TO,ANP2.2,
2694,737N9-D-1,D,1,2,37194.544,930.88968,0,0.0,69.707162,0.873882759,TO,ANP2.2,
2695,737N9-D-1,D,1,3,37194.544,2287.31064,0,304.8,70.73605,0.871850345,TO,ANP2.2,
2696,737N9-D-1,D,1,4,37194.544,2892.27768,0,396.78864,76.1891564,0.865366897,CL,ANP2.2,
2697,737N9-D-1,D,1,5,37194.544,3821.24712,0,490.4232,89.6161448,0.849851724,CL,ANP2.2,
2698,737N9-D-1,D,1,6,37194.544,4032.77832,0,528.70608,89.770478,0.781622069,CL,ANP2.2,
2699,737N9-D-1,D,1,7,37194.544,5261.39664,0,566.98896,110.4511268,0.760033103,CL,ANP2.2,
2700,737N9-D-1,D,1,8,37194.544,7255.64208,0,914.4,112.3545696,0.757771724,CL,ANP2.2,
2701,737N9-D-1,D,1,9,37194.544,9287.28648,0,1002.12144,134.3213284,0.735296552,CL,ANP2.2,
2702,737N9-D-1,D,1,10,37194.544,13795.33944,0,1676.4,138.8484356,0.730651034,CL,ANP2.2,
2703,737N9-D-1,D,1,11,37194.544,18414.85776,0,2286.0,143.1697652,0.726202759,CL,ANP2.2,
2704,737N9-D-1,D,1,12,37194.544,25067.72736,0,3048.0,148.8286492,0.720310345,CL,ANP2.2,
2705,737N9-D-2,D,2,1,38555.32,0.0,0,0.0,0.0,0.95488,TO,ANP2.2,
2706,737N9-D-2,D,2,2,38555.32,1001.90808,0,0.0,70.9418276,0.872414483,TO,ANP2.2,
2707,737N9-D-2,D,2,3,38555.32,2435.47392,0,304.8,71.9707156,0.870381379,TO,ANP2.2,
2708,737N9-D-2,D,2,4,38555.32,3119.9328,0,403.15896,77.7324884,0.863538621,CL,ANP2.2,
2709,737N9-D-2,D,2,5,38555.32,4117.17744,0,498.1956,91.2109212,0.848013103,CL,ANP2.2,
2710,737N9-D-2,D,2,6,38555.32,4337.6088,0,536.08224,91.3652544,0.779933103,CL,ANP2.2,
2711,737N9-D-2,D,2,7,38555.32,5553.05976,0,573.96888,110.5025712,0.759988276,CL,ANP2.2,
2712,737N9-D-2,D,2,8,38555.32,7609.57584,0,914.4,112.3545696,0.757771724,CL,ANP2.2,
2713,737N9-D-2,D,2,9,38555.32,9786.18312,0,1008.36984,134.3727728,0.735254483,CL,ANP2.2,
2714,737N9-D-2,D,2,10,38555.32,14494.85544,0,1676.4,138.8484356,0.730651034,CL,ANP2.2,
2715,737N9-D-2,D,2,11,38555.32,19370.89344,0,2286.0,143.1697652,0.726202759,CL,ANP2.2,
2716,737N9-D-2,D,2,12,38555.32,26410.158,0,3048.0,148.8286492,0.720310345,CL,ANP2.2,
2717,737N9-D-3,D,3,1,41730.464,0.0,0,0.0,0.0,0.95488,TO,ANP2.2,
2718,737N9-D-3,D,3,2,41730.464,1178.2044,0,0.0,73.822714,0.869085517,TO,ANP2.2,
2719,737N9-D-3,D,3,3,41730.464,2801.32536,0,304.8,74.9030464,0.867053103,TO,ANP2.2,
2720,737N9-D-3,D,3,4,41730.464,3559.9116,0,401.45208,80.3561528,0.860575862,CL,ANP2.2,
2721,737N9-D-3,D,3,5,41730.464,4715.5608,0,499.59768,93.8345856,0.845028966,CL,ANP2.2,
2722,737N9-D-3,D,3,6,41730.464,4964.03376,0,537.78912,94.0403632,0.777185517,CL,ANP2.2,
2723,737N9-D-3,D,3,7,41730.464,6179.24088,0,575.95008,110.5025712,0.759975172,CL,ANP2.2,
2724,737N9-D-3,D,3,8,41730.464,8469.20328,0,914.4,112.3545696,0.757771724,CL,ANP2.2,
2725,737N9-D-3,D,3,9,41730.464,11025.74376,0,1024.7376,134.4756616,0.735145517,CL,ANP2.2,
2726,737N9-D-3,D,3,10,41730.464,16201.21728,0,1676.4,138.8484356,0.730651034,CL,ANP2.2,
2727,737N9-D-3,D,3,11,41730.464,21711.02592,0,2286.0,143.1697652,0.726202759,CL,ANP2.2,
2728,737N9-D-3,D,3,12,41730.464,29714.0376,0,3048.0,148.8286492,0.720310345,CL,ANP2.2,
2729,737N9-D-4,D,4,1,45359.2,0.0,0,0.0,0.0,0.95488,TO,ANP2.2,
2730,737N9-D-4,D,4,2,45359.2,1397.87376,0,0.0,76.9608224,0.865433103,TO,ANP2.2,
2731,737N9-D-4,D,4,3,45359.2,3256.11744,0,304.8,78.0925992,0.86340069,TO,ANP2.2,
2732,737N9-D-4,D,4,4,45359.2,4149.73008,0,404.37816,83.4942612,0.856986897,CL,ANP2.2,
2733,737N9-D-4,D,4,5,45359.2,5511.48504,0,506.05944,97.0241384,0.841415172,CL,ANP2.2,
2734,737N9-D-4,D,4,6,45359.2,5782.6656,0,542.90976,97.1784716,0.773868966,CL,ANP2.2,
2735,737N9-D-4,D,4,7,45359.2,6945.23376,0,579.76008,110.5025712,0.759951034,CL,ANP2.2,
2736,737N9-D-4,D,4,8,45359.2,9505.88904,0,914.4,112.3545696,0.757771724,CL,ANP2.2,
2737,737N9-D-4,D,4,9,45359.2,12585.86256,0,1047.23184,134.6299948,0.734994483,CL,ANP2.2,
2738,737N9-D-4,D,4,10,45359.2,18281.62968,0,1676.4,138.8484356,0.730651034,CL,ANP2.2,
2739,737N9-D-4,D,4,11,45359.2,24583.46112,0,2286.0,143.1697652,0.726202759,CL,ANP2.2,
2740,737N9-D-4,D,4,12,45359.2,33808.99512,0,3048.0,148.8286492,0.720310345,CL,ANP2.2,
2741,737QN-A-1,A,1,1,37194.544,-34895.57664,0,1828.8,139.928768,0.051310345,AP,ANP2.2,
2742,737QN-A-1,A,1,2,37194.544,-17752.58832,0,930.37152,92.0340316,0.045964828,AP,ANP2.2,
2743,737QN-A-1,A,1,3,37194.544,-17447.78832,0,914.4,90.9536992,0.117102069,AP,ANP2.2,
2744,737QN-A-1,A,1,4,37194.544,-9028.69416,0,473.17152,71.1990496,0.111037931,AP,ANP2.2,
2745,737QN-A-1,A,1,5,37194.544,-8723.89416,0,457.2,70.3759392,0.200571724,AP,ANP2.2,
2746,737QN-A-1,A,1,6,37194.544,-6120.71928,0,320.77152,68.5239408,0.197323448,AP,ANP2.2,
2747,737QN-A-1,A,1,7,37194.544,-5815.91928,0,304.8,68.3181632,0.234234483,AP,ANP2.2,
2748,737QN-A-1,A,1,8,37194.544,-304.8,0,15.97152,67.3407196,0.226317241,AP,ANP2.2,
2749,737QN-A-1,A,1,9,37194.544,0.0,0,0.0,67.2892752,0.225926207,AP,ANP2.2,
2750,737QN-A-1,A,1,10,37194.544,77.90688,0,0.0,63.8939448,0.4,AP,ANP2.2,
2751,737QN-A-1,A,1,11,37194.544,701.16192,0,0.0,15.3304312,0.1,AP,ANP2.2,
2752,737QN-D-1,D,1,1,37194.544,0.0,0,0.0,0.0,0.95488,TO,ANP2.2,
2753,737QN-D-1,D,1,2,37194.544,930.88968,0,0.0,69.707162,0.873882759,TO,ANP2.2,
2754,737QN-D-1,D,1,3,37194.544,2287.31064,0,304.8,70.73605,0.871850345,TO,ANP2.2,
2755,737QN-D-1,D,1,4,37194.544,2892.27768,0,396.78864,76.1891564,0.865366897,CL,ANP2.2,
2756,737QN-D-1,D,1,5,37194.544,3821.24712,0,490.4232,89.6161448,0.849851724,CL,ANP2.2,
2757,737QN-D-1,D,1,6,37194.544,4032.77832,0,528.70608,89.770478,0.781622069,CL,ANP2.2,
2758,737QN-D-1,D,1,7,37194.544,5261.39664,0,566.98896,110.4511268,0.760033103,CL,ANP2.2,
2759,737QN-D-1,D,1,8,37194.544,7255.64208,0,914.4,112.3545696,0.757771724,CL,ANP2.2,
2760,737QN-D-1,D,1,9,37194.544,9287.28648,0,1002.12144,134.3213284,0.735296552,CL,ANP2.2,
2761,737QN-D-1,D,1,10,37194.544,13795.33944,0,1676.4,138.8484356,0.730651034,CL,ANP2.2,
2762,737QN-D-1,D,1,11,37194.544,18414.85776,0,2286.0,143.1697652,0.726202759,CL,ANP2.2,
2763,737QN-D-1,D,1,12,37194.544,25067.72736,0,3048.0,148.8286492,0.720310345,CL,ANP2.2,
2764,737QN-D-2,D,2,1,38555.32,0.0,0,0.0,0.0,0.95488,TO,ANP2.2,
2765,737QN-D-2,D,2,2,38555.32,1001.90808,0,0.0,70.9418276,0.872414483,TO,ANP2.2,
2766,737QN-D-2,D,2,3,38555.32,2435.47392,0,304.8,71.9707156,0.870381379,TO,ANP2.2,
2767,737QN-D-2,D,2,4,38555.32,3119.9328,0,403.15896,77.7324884,0.863538621,CL,ANP2.2,
2768,737QN-D-2,D,2,5,38555.32,4117.17744,0,498.1956,91.2109212,0.848013103,CL,ANP2.2,
2769,737QN-D-2,D,2,6,38555.32,4337.6088,0,536.08224,91.3652544,0.779933103,CL,ANP2.2,
2770,737QN-D-2,D,2,7,38555.32,5553.05976,0,573.96888,110.5025712,0.759988276,CL,ANP2.2,
2771,737QN-D-2,D,2,8,38555.32,7609.57584,0,914.4,112.3545696,0.757771724,CL,ANP2.2,
2772,737QN-D-2,D,2,9,38555.32,9786.18312,0,1008.36984,134.3727728,0.735254483,CL,ANP2.2,
2773,737QN-D-2,D,2,10,38555.32,14494.85544,0,1676.4,138.8484356,0.730651034,CL,ANP2.2,
2774,737QN-D-2,D,2,11,38555.32,19370.89344,0,2286.0,143.1697652,0.726202759,CL,ANP2.2,
2775,737QN-D-2,D,2,12,38555.32,26410.158,0,3048.0,148.8286492,0.720310345,CL,ANP2.2,
2776,737QN-D-3,D,3,1,41730.464,0.0,0,0.0,0.0,0.95488,TO,ANP2.2,
2777,737QN-D-3,D,3,2,41730.464,1178.2044,0,0.0,73.822714,0.869085517,TO,ANP2.2,
2778,737QN-D-3,D,3,3,41730.464,2801.32536,0,304.8,74.9030464,0.867053103,TO,ANP2.2,
2779,737QN-D-3,D,3,4,41730.464,3559.9116,0,401.45208,80.3561528,0.860575862,CL,ANP2.2,
2780,737QN-D-3,D,3,5,41730.464,4715.5608,0,499.59768,93.8345856,0.845028966,CL,ANP2.2,
2781,737QN-D-3,D,3,6,41730.464,4964.03376,0,537.78912,94.0403632,0.777185517,CL,ANP2.2,
2782,737QN-D-3,D,3,7,41730.464,6179.24088,0,575.95008,110.5025712,0.759975172,CL,ANP2.2,
2783,737QN-D-3,D,3,8,41730.464,8469.20328,0,914.4,112.3545696,0.757771724,CL,ANP2.2,
2784,737QN-D-3,D,3,9,41730.464,11025.74376,0,1024.7376,134.4756616,0.735145517,CL,ANP2.2,
2785,737QN-D-3,D,3,10,41730.464,16201.21728,0,1676.4,138.8484356,0.730651034,CL,ANP2.2,
2786,737QN-D-3,D,3,11,41730.464,21711.02592,0,2286.0,143.1697652,0.726202759,CL,ANP2.2,
2787,737QN-D-3,D,3,12,41730.464,29714.0376,0,3048.0,148.8286492,0.720310345,CL,ANP2.2,
2788,737QN-D-4,D,4,1,45359.2,0.0,0,0.0,0.0,0.95488,TO,ANP2.2,
2789,737QN-D-4,D,4,2,45359.2,1397.87376,0,0.0,76.9608224,0.865433103,TO,ANP2.2,
2790,737QN-D-4,D,4,3,45359.2,3256.11744,0,304.8,78.0925992,0.86340069,TO,ANP2.2,
2791,737QN-D-4,D,4,4,45359.2,4149.73008,0,404.37816,83.4942612,0.856986897,CL,ANP2.2,
2792,737QN-D-4,D,4,5,45359.2,5511.48504,0,506.05944,97.0241384,0.841415172,CL,ANP2.2,
2793,737QN-D-4,D,4,6,45359.2,5782.6656,0,542.90976,97.1784716,0.773868966,CL,ANP2.2,
2794,737QN-D-4,D,4,7,45359.2,6945.23376,0,579.76008,110.5025712,0.759951034,CL,ANP2.2,
2795,737QN-D-4,D,4,8,45359.2,9505.88904,0,914.4,112.3545696,0.757771724,CL,ANP2.2,
2796,737QN-D-4,D,4,9,45359.2,12585.86256,0,1047.23184,134.6299948,0.734994483,CL,ANP2.2,
2797,737QN-D-4,D,4,10,45359.2,18281.62968,0,1676.4,138.8484356,0.730651034,CL,ANP2.2,
2798,737QN-D-4,D,4,11,45359.2,24583.46112,0,2286.0,143.1697652,0.726202759,CL,ANP2.2,
2799,737QN-D-4,D,4,12,45359.2,33808.99512,0,3048.0,148.8286492,0.720310345,CL,ANP2.2,
2800,74710Q-A-1,A,1,1,215456.2,-34895.57664,0,1828.8,139.928768,0.021332088,AP,ANP2.2,
2801,74710Q-A-1,A,1,2,215456.2,-17752.58832,0,930.37152,86.8381472,0.019109231,AP,ANP2.2,
2802,74710Q-A-1,A,1,3,215456.2,-17447.78832,0,914.4,85.6034816,0.129104396,AP,ANP2.2,
2803,74710Q-A-1,A,1,4,215456.2,-9028.69416,0,473.17152,81.282152,0.122418462,AP,ANP2.2,
2804,74710Q-A-1,A,1,5,215456.2,-8723.89416,0,457.2,81.0763744,0.173186813,AP,ANP2.2,
2805,74710Q-A-1,A,1,6,215456.2,-6120.71928,0,320.77152,75.4689348,0.170382198,AP,ANP2.2,
2806,74710Q-A-1,A,1,7,215456.2,-5815.91928,0,304.8,74.8001576,0.266028791,AP,ANP2.2,
2807,74710Q-A-1,A,1,8,215456.2,-304.8,0,15.97152,73.7712696,0.257036703,AP,ANP2.2,
2808,74710Q-A-1,A,1,9,215456.2,0.0,0,0.0,73.7198252,0.256581538,AP,ANP2.2,
2809,74710Q-A-1,A,1,10,215456.2,141.00048,0,0.0,69.9129396,0.1,AP,ANP2.2,
2810,74710Q-A-1,A,1,11,215456.2,1269.00432,0,0.0,15.3304312,0.1,AP,ANP2.2,
2811,74710Q-D-1,D,1,1,215456.2,0.0,0,0.0,0.0,0.9408,TO,ANP2.2,
2812,74710Q-D-1,D,1,2,215456.2,1124.74248,0,0.0,74.851602,0.778181538,TO,ANP2.2,
2813,74710Q-D-1,D,1,3,215456.2,2593.29936,0,304.8,75.9833788,0.785588132,TO,ANP2.2,
2814,74710Q-D-1,D,1,4,215456.2,4755.06288,0,587.31912,92.6513644,0.758962857,CL,ANP2.2,
2815,74710Q-D-1,D,1,5,215456.2,5059.86288,0,629.16816,92.857142,0.653500879,CL,ANP2.2,
2816,74710Q-D-1,D,1,6,215456.2,6910.54752,0,698.05296,114.3609012,0.616538901,CL,ANP2.2,
2817,74710Q-D-1,D,1,7,215456.2,8338.7184,0,914.4,115.5441224,0.620444835,CL,ANP2.2,
2818,74710Q-D-1,D,1,8,215456.2,10436.10816,0,1003.88928,134.3213284,0.58948989,CL,ANP2.2,
2819,74710Q-D-1,D,1,9,215456.2,15576.804,0,1676.4,138.8484356,0.600067912,CL,ANP2.2,
2820,74710Q-D-1,D,1,10,215456.2,20690.34216,0,2286.0,143.1697652,0.607955604,CL,ANP2.2,
2821,74710Q-D-1,D,1,11,215456.2,27821.9916,0,3048.0,148.8286492,0.61554022,CL,ANP2.2,
2822,74710Q-D-2,D,2,1,224528.04,0.0,0,0.0,0.0,0.9408,TO,ANP2.2,
2823,74710Q-D-2,D,2,2,224528.04,1226.78952,0,0.0,76.394934,0.774793187,TO,ANP2.2,
2824,74710Q-D-2,D,2,3,224528.04,2801.63016,0,304.8,77.5267108,0.78219978,TO,ANP2.2,
2825,74710Q-D-2,D,2,4,224528.04,5175.29064,0,594.72576,94.2975852,0.755790989,CL,ANP2.2,
2826,74710Q-D-2,D,2,5,224528.04,5480.09064,0,633.61824,94.4519184,0.650715824,CL,ANP2.2,
2827,74710Q-D-2,D,2,6,224528.04,7603.20552,0,717.4992,116.0585664,0.61402989,CL,ANP2.2,
2828,74710Q-D-2,D,2,7,224528.04,8991.05136,0,914.4,117.1388988,0.617576044,CL,ANP2.2,
2829,74710Q-D-2,D,2,8,224528.04,11085.33216,0,1003.2492,134.3213284,0.589478681,CL,ANP2.2,
2830,74710Q-D-2,D,2,9,224528.04,16548.47592,0,1676.4,138.8484356,0.600067912,CL,ANP2.2,
2831,74710Q-D-2,D,2,10,224528.04,21986.22984,0,2286.0,143.1697652,0.607955604,CL,ANP2.2,
2832,74710Q-D-2,D,2,11,224528.04,29586.05208,0,3048.0,148.8286492,0.61554022,CL,ANP2.2,
2833,74710Q-D-3,D,3,1,235867.84,0.0,0,0.0,0.0,0.9408,TO,ANP2.2,
2834,74710Q-D-3,D,3,2,235867.84,1361.0844,0,0.0,78.2983768,0.770652747,TO,ANP2.2,
2835,74710Q-D-3,D,3,3,235867.84,3076.194,0,304.8,79.481598,0.778059341,TO,ANP2.2,
2836,74710Q-D-3,D,3,4,235867.84,5771.66232,0,607.4664,96.45825,0.751624176,CL,ANP2.2,
2837,74710Q-D-3,D,3,5,235867.84,6076.46232,0,642.91464,96.6125832,0.647065934,CL,ANP2.2,
2838,74710Q-D-3,D,3,6,235867.84,8604.3516,0,747.76584,118.32212,0.610761099,CL,ANP2.2,
2839,74710Q-D-3,D,3,7,235867.84,9878.14128,0,914.4,119.2995636,0.613751209,CL,ANP2.2,
2840,74710Q-D-3,D,3,8,235867.84,11923.07496,0,1000.47552,134.3213284,0.589430989,CL,ANP2.2,
2841,74710Q-D-3,D,3,9,235867.84,17822.20464,0,1676.4,138.8484356,0.600067912,CL,ANP2.2,
2842,74710Q-D-3,D,3,10,235867.84,23683.23432,0,2286.0,143.1697652,0.607955604,CL,ANP2.2,
2843,74710Q-D-3,D,3,11,235867.84,31897.4724,0,3048.0,148.8286492,0.61554022,CL,ANP2.2,
2844,74710Q-D-4,D,4,1,249475.6,0.0,0,0.0,0.0,0.9408,TO,ANP2.2,
2845,74710Q-D-4,D,4,2,249475.6,1532.29056,0,0.0,80.5619304,0.765813626,TO,ANP2.2,
2846,74710Q-D-4,D,4,3,249475.6,3427.71984,0,304.8,81.7451516,0.77322022,TO,ANP2.2,
2847,74710Q-D-4,D,4,4,249475.6,6486.54024,0,616.67136,98.6189148,0.747378901,CL,ANP2.2,
2848,74710Q-D-4,D,4,5,249475.6,6791.34024,0,648.52296,98.773248,0.643345934,CL,ANP2.2,
2849,74710Q-D-4,D,4,6,249475.6,9892.64976,0,781.9644,120.637118,0.60755956,CL,ANP2.2,
2850,74710Q-D-4,D,4,7,249475.6,11004.13344,0,914.4,121.4602284,0.609926374,CL,ANP2.2,
2851,74710Q-D-4,D,4,8,249475.6,12999.90288,0,997.7628,134.269884,0.589384176,CL,ANP2.2,
2852,74710Q-D-4,D,4,9,249475.6,19446.27048,0,1676.4,138.8484356,0.600067912,CL,ANP2.2,
2853,74710Q-D-4,D,4,10,249475.6,25843.71768,0,2286.0,143.1697652,0.607955604,CL,ANP2.2,
2854,74710Q-D-4,D,4,11,249475.6,34841.96232,0,3048.0,148.8286492,0.61554022,CL,ANP2.2,
2855,74710Q-D-5,D,5,1,283495.0,0.0,0,0.0,0.0,0.9408,TO,ANP2.2,
2856,74710Q-D-5,D,5,2,283495.0,2008.90632,0,0.0,85.8607036,0.754263736,TO,ANP2.2,
2857,74710Q-D-5,D,5,3,283495.0,4423.8672,0,304.8,87.1468136,0.76167033,TO,ANP2.2,
2858,74710Q-D-5,D,5,4,283495.0,8858.03664,0,660.62352,104.6379096,0.736108352,CL,ANP2.2,
2859,74710Q-D-5,D,5,5,283495.0,9162.83664,0,685.00752,104.7407984,0.633508791,CL,ANP2.2,
2860,74710Q-D-5,D,5,6,283495.0,13273.46088,0,813.02352,126.7075572,0.597603297,CL,ANP2.2,
2861,74710Q-D-5,D,5,7,283495.0,14337.97488,0,914.4,127.32489,0.599408132,CL,ANP2.2,
2862,74710Q-D-5,D,5,8,283495.0,16463.3148,0,978.46896,138.4368804,0.581401758,CL,ANP2.2,
2863,74710Q-D-5,D,5,9,283495.0,24744.97464,0,1676.4,143.3240984,0.592418242,CL,ANP2.2,
2864,74710Q-D-5,D,5,10,283495.0,32814.67656,0,2286.0,147.7483168,0.600305934,CL,ANP2.2,
2865,74710Q-D-5,D,5,11,283495.0,44292.37776,0,3048.0,153.6129784,0.607890769,CL,ANP2.2,
2866,74710Q-D-6,D,6,1,288030.92,0.0,0,0.0,0.0,0.9408,TO,ANP2.2,
2867,74710Q-D-6,D,6,2,288030.92,2077.79112,0,0.0,86.5294808,0.752777363,TO,ANP2.2,
2868,74710Q-D-6,D,6,3,288030.92,4570.7808,0,304.8,87.8155908,0.760183956,TO,ANP2.2,
2869,74710Q-D-6,D,6,4,288030.92,9159.30096,0,662.11704,105.1523536,0.735028571,CL,ANP2.2,
2870,74710Q-D-6,D,6,5,288030.92,9464.10096,0,685.67808,105.2552424,0.632564835,CL,ANP2.2,
2871,74710Q-D-6,D,6,6,288030.92,13837.67616,0,822.8076,127.2734456,0.596823077,CL,ANP2.2,
2872,74710Q-D-6,D,6,7,288030.92,14827.42272,0,914.4,127.839334,0.598452088,CL,ANP2.2,
2873,74710Q-D-6,D,6,8,288030.92,17049.41472,0,981.12072,139.0027688,0.580491209,CL,ANP2.2,
2874,74710Q-D-6,D,6,9,288030.92,25545.47088,0,1676.4,143.8385424,0.591461978,CL,ANP2.2,
2875,74710Q-D-6,D,6,10,288030.92,33864.10296,0,2286.0,148.3142052,0.59934967,CL,ANP2.2,
2876,74710Q-D-6,D,6,11,288030.92,45715.91568,0,3048.0,154.1788668,0.606934505,CL,ANP2.2,
2877,74720A-A-1,A,1,1,215456.2,-34895.57664,0,1828.8,139.928768,0.015167387,AP,ANP2.2,
2878,74720A-A-1,A,1,2,215456.2,-17752.58832,0,930.37152,88.74159,0.013586609,AP,ANP2.2,
2879,74720A-A-1,A,1,3,215456.2,-17447.78832,0,914.4,87.5583688,0.117595248,AP,ANP2.2,
2880,74720A-A-1,A,1,4,215456.2,-9028.69416,0,473.17152,78.8128208,0.1115054,AP,ANP2.2,
2881,74720A-A-1,A,1,5,215456.2,-8723.89416,0,457.2,78.5041544,0.194957235,AP,ANP2.2,
2882,74720A-A-1,A,1,6,215456.2,-6120.71928,0,320.77152,75.0573796,0.1918,AP,ANP2.2,
2883,74720A-A-1,A,1,7,215456.2,-5815.91928,0,304.8,74.6458244,0.264954428,AP,ANP2.2,
2884,74720A-A-1,A,1,8,215456.2,-304.8,0,15.97152,73.6169364,0.255998488,AP,ANP2.2,
2885,74720A-A-1,A,1,9,215456.2,0.0,0,0.0,73.565492,0.255544924,AP,ANP2.2,
2886,74720A-A-1,A,1,10,215456.2,141.00048,0,0.0,69.7586064,0.1,AP,ANP2.2,
2887,74720A-A-1,A,1,11,215456.2,1269.00432,0,0.0,15.3304312,0.1,AP,ANP2.2,
2888,74720A-D-1,D,1,1,215456.2,0.0,0,0.0,0.0,0.883427862,TO,ANP2.2,
2889,74720A-D-1,D,1,2,215456.2,1139.43384,0,0.0,74.59438,0.75714946,TO,ANP2.2,
2890,74720A-D-1,D,1,3,215456.2,2603.84544,0,304.8,75.7261568,0.766728294,TO,ANP2.2,
2891,74720A-D-1,D,1,4,215456.2,4695.47448,0,578.2056,92.59992,0.74912851,CL,ANP2.2,
2892,74720A-D-1,D,1,5,215456.2,5000.27448,0,619.68888,92.8056976,0.642449892,CL,ANP2.2,
2893,74720A-D-1,D,1,6,215456.2,8185.404,0,746.24184,126.810446,0.59927473,CL,ANP2.2,
2894,74720A-D-1,D,1,7,215456.2,9302.09976,0,914.4,127.839334,0.605187905,CL,ANP2.2,
2895,74720A-D-1,D,1,8,215456.2,10546.81152,0,964.26528,138.89988,0.59182203,CL,ANP2.2,
2896,74720A-D-1,D,1,9,215456.2,15660.1668,0,1676.4,143.8385424,0.616861771,CL,ANP2.2,
2897,74720A-D-1,D,1,10,215456.2,20316.93168,0,2286.0,148.3142052,0.638295896,CL,ANP2.2,
2898,74720A-D-1,D,1,11,215456.2,26556.1572,0,3048.0,154.1788668,0.665088553,CL,ANP2.2,
2899,74720A-D-2,D,2,1,226796.0,0.0,0,0.0,0.0,0.883427862,TO,ANP2.2,
2900,74720A-D-2,D,2,2,226796.0,1267.99848,0,0.0,76.5492672,0.753868898,TO,ANP2.2,
2901,74720A-D-2,D,2,3,226796.0,2861.43192,0,304.8,77.681044,0.763447732,TO,ANP2.2,
2902,74720A-D-2,D,2,4,226796.0,5140.69584,0,580.0344,94.1946964,0.746587041,CL,ANP2.2,
2903,74720A-D-2,D,2,5,226796.0,5445.49584,0,618.07344,94.400474,0.640124838,CL,ANP2.2,
2904,74720A-D-2,D,2,6,226796.0,9135.34368,0,769.52856,128.5595556,0.597826566,CL,ANP2.2,
2905,74720A-D-2,D,2,7,226796.0,10175.04696,0,914.4,129.4855548,0.602920086,CL,ANP2.2,
2906,74720A-D-2,D,2,8,226796.0,11570.0556,0,969.59928,140.5461008,0.589742117,CL,ANP2.2,
2907,74720A-D-2,D,2,9,226796.0,17059.13784,0,1676.4,145.5362076,0.614593952,CL,ANP2.2,
2908,74720A-D-2,D,2,10,226796.0,22099.88976,0,2286.0,150.0633148,0.636028078,CL,ANP2.2,
2909,74720A-D-2,D,2,11,226796.0,28862.4264,0,3048.0,155.9794208,0.662820734,CL,ANP2.2,
2910,74720A-D-3,D,3,1,235867.84,0.0,0,0.0,0.0,0.883427862,TO,ANP2.2,
2911,74720A-D-3,D,3,2,235867.84,1376.14152,0,0.0,78.0411548,0.75130324,TO,ANP2.2,
2912,74720A-D-3,D,3,3,235867.84,3078.05328,0,304.8,79.224376,0.760882073,TO,ANP2.2,
2913,74720A-D-3,D,3,4,235867.84,5573.63376,0,587.41056,95.8409172,0.74421987,CL,ANP2.2,
2914,74720A-D-3,D,3,5,235867.84,5878.43376,0,622.95024,95.9952504,0.638028294,CL,ANP2.2,
2915,74720A-D-3,D,3,6,235867.84,9966.8076,0,793.33344,129.7427768,0.597150972,CL,ANP2.2,
2916,74720A-D-3,D,3,7,235867.84,10889.742,0,914.4,130.5144428,0.601408207,CL,ANP2.2,
2917,74720A-D-3,D,3,8,235867.84,12414.53448,0,974.26272,141.6264332,0.588393952,CL,ANP2.2,
2918,74720A-D-3,D,3,9,235867.84,18207.80712,0,1676.4,146.61654,0.613082073,CL,ANP2.2,
2919,74720A-D-3,D,3,10,235867.84,23566.86168,0,2286.0,151.1950916,0.634516199,CL,ANP2.2,
2920,74720A-D-3,D,3,11,235867.84,30764.59176,0,3048.0,157.162642,0.661308855,CL,ANP2.2,
2921,74720A-D-4,D,4,1,254011.52,0.0,0,0.0,0.0,0.883427862,TO,ANP2.2,
2922,74720A-D-4,D,4,2,254011.52,1606.63128,0,0.0,81.02493,0.746315551,TO,ANP2.2,
2923,74720A-D-4,D,4,3,254011.52,3541.22736,0,304.8,82.2081512,0.755894384,TO,ANP2.2,
2924,74720A-D-4,D,4,4,254011.52,6543.35496,0,604.5708,99.0819144,0.739561555,CL,ANP2.2,
2925,74720A-D-4,D,4,5,254011.52,6848.15496,0,635.78232,99.2362476,0.633943844,CL,ANP2.2,
2926,74720A-D-4,D,4,6,254011.52,11048.26848,0,759.59208,131.697664,0.592941685,CL,ANP2.2,
2927,74720A-D-4,D,4,7,254011.52,12369.63744,0,914.4,132.6751076,0.598384449,CL,ANP2.2,
2928,74720A-D-4,D,4,8,254011.52,13982.21232,0,961.15632,143.6842092,0.584909719,CL,ANP2.2,
2929,74720A-D-4,D,4,9,254011.52,20613.53256,0,1676.4,148.8800936,0.610058315,CL,ANP2.2,
2930,74720A-D-4,D,4,10,254011.52,26651.1024,0,2286.0,153.4586452,0.631492441,CL,ANP2.2,
2931,74720A-D-4,D,4,11,254011.52,34780.33176,0,3048.0,159.5290844,0.658285097,CL,ANP2.2,
2932,74720A-D-5,D,5,1,276691.12,0.0,0,0.0,0.0,0.883427862,TO,ANP2.2,
2933,74720A-D-5,D,5,2,276691.12,1921.73352,0,0.0,84.5231492,0.740325486,TO,ANP2.2,
2934,74720A-D-5,D,5,3,276691.12,4181.03304,0,304.8,85.8092592,0.74990432,TO,ANP2.2,
2935,74720A-D-5,D,5,4,276691.12,7927.26888,0,626.24208,102.8888,0.734178618,CL,ANP2.2,
2936,74720A-D-5,D,5,5,276691.12,8232.06888,0,652.63776,102.9916888,0.629245572,CL,ANP2.2,
2937,74720A-D-5,D,5,6,276691.12,13683.87408,0,818.35752,135.2473276,0.590471922,CL,ANP2.2,
2938,74720A-D-5,D,5,7,276691.12,14629.30272,0,914.4,135.8646604,0.593848812,CL,ANP2.2,
2939,74720A-D-5,D,5,8,276691.12,16614.9528,0,970.66608,146.9766508,0.580707991,CL,ANP2.2,
2940,74720A-D-5,D,5,9,276691.12,24171.61536,0,1676.4,152.1725352,0.605522678,CL,ANP2.2,
2941,74720A-D-5,D,5,10,276691.12,31160.34408,0,2286.0,156.90542,0.626956803,CL,ANP2.2,
2942,74720A-D-5,D,5,11,276691.12,40603.13952,0,3048.0,163.1301924,0.65374946,CL,ANP2.2,
2943,74720A-D-6,D,6,1,306174.6,0.0,0,0.0,0.0,0.883427862,TO,ANP2.2,
2944,74720A-D-6,D,6,2,306174.6,2376.92184,0,0.0,88.9473676,0.732894168,TO,ANP2.2,
2945,74720A-D-6,D,6,3,306174.6,5127.52848,0,304.8,90.2334776,0.742473002,TO,ANP2.2,
2946,74720A-D-6,D,6,4,306174.6,10166.604,0,660.654,107.776018,0.727463499,CL,ANP2.2,
2947,74720A-D-6,D,6,5,306174.6,10471.404,0,681.71568,107.8789068,0.623464579,CL,ANP2.2,
2948,74720A-D-6,D,6,6,306174.6,18694.4508,0,932.71848,141.3692112,0.586933045,CL,ANP2.2,
2949,74720A-D-6,D,6,7,306174.6,21352.55064,0,1005.16944,152.5840904,0.574362203,CL,ANP2.2,
2950,74720A-D-6,D,6,8,306174.6,30024.96408,0,1676.4,157.7285304,0.597963283,CL,ANP2.2,
2951,74720A-D-6,D,6,9,306174.6,38477.83008,0,2286.0,162.6671928,0.619397408,CL,ANP2.2,
2952,74720A-D-6,D,6,10,306174.6,49959.85944,0,3048.0,169.0977428,0.646190065,CL,ANP2.2,
2953,74720A-D-7,D,7,1,328854.2,0.0,0,0.0,0.0,0.883427862,TO,ANP2.2,
2954,74720A-D-7,D,7,2,328854.2,2762.7072,0,0.0,92.1883648,0.727418359,TO,ANP2.2,
2955,74720A-D-7,D,7,3,328854.2,5958.35232,0,304.8,93.5259192,0.736997192,TO,ANP2.2,
2956,74720A-D-7,D,7,4,328854.2,12173.8644,0,684.09312,111.0684596,0.72300216,CL,ANP2.2,
2957,74720A-D-7,D,7,5,328854.2,12478.6644,0,701.68008,111.1713484,0.619630238,CL,ANP2.2,
2958,74720A-D-7,D,7,6,328854.2,24385.55448,0,1060.67352,146.5650956,0.585384881,CL,ANP2.2,
2959,74720A-D-7,D,7,7,328854.2,27844.36392,0,1151.6868,158.0371968,0.573466091,CL,ANP2.2,
2960,74720A-D-7,D,7,8,328854.2,35724.51072,0,1676.4,162.2041932,0.591915767,CL,ANP2.2,
2961,74720A-D-7,D,7,9,328854.2,45506.06088,0,2286.0,167.2457444,0.613349892,CL,ANP2.2,
2962,74720A-D-7,D,7,10,328854.2,58858.06872,0,3048.0,173.8306276,0.640142549,CL,ANP2.2,
2963,74720B-A-1,A,1,1,238135.8,-34895.57664,0,1828.8,139.928768,0.020456415,AP,ANP2.2,
2964,74720B-A-1,A,1,2,238135.8,-17752.58832,0,930.37152,93.0114752,0.018324906,AP,ANP2.2,
2965,74720B-A-1,A,1,3,238135.8,-17447.78832,0,914.4,91.9825872,0.113046604,AP,ANP2.2,
2966,74720B-A-1,A,1,4,238135.8,-9028.69416,0,473.17152,83.2370392,0.107192453,AP,ANP2.2,
2967,74720B-A-1,A,1,5,238135.8,-8723.89416,0,457.2,82.9283728,0.197889434,AP,ANP2.2,
2968,74720B-A-1,A,1,6,238135.8,-6120.71928,0,320.77152,79.3272648,0.194684717,AP,ANP2.2,
2969,74720B-A-1,A,1,7,238135.8,-5815.91928,0,304.8,78.9157096,0.260216038,AP,ANP2.2,
2970,74720B-A-1,A,1,8,238135.8,-304.8,0,15.97152,77.7324884,0.251420377,AP,ANP2.2,
2971,74720B-A-1,A,1,9,238135.8,0.0,0,0.0,77.681044,0.250973019,AP,ANP2.2,
2972,74720B-A-1,A,1,10,238135.8,141.00048,0,0.0,73.7712696,0.1,AP,ANP2.2,
2973,74720B-A-1,A,1,11,238135.8,1269.00432,0,0.0,15.3304312,0.1,AP,ANP2.2,
2974,74720B-D-1,D,1,1,238135.8,0.0,0,0.0,0.0,0.922924151,TO,ANP2.2,
2975,74720B-D-1,D,1,2,238135.8,1162.41576,0,0.0,78.967154,0.795730377,TO,ANP2.2,
2976,74720B-D-1,D,1,3,238135.8,2447.17824,0,304.8,80.1503752,0.808260566,TO,ANP2.2,
2977,74720B-D-1,D,1,4,238135.8,4372.87416,0,593.9028,96.9212496,0.795694906,CL,ANP2.2,
2978,74720B-D-1,D,1,5,238135.8,4677.67416,0,637.21488,97.1270272,0.636343019,CL,ANP2.2,
2979,74720B-D-1,D,1,6,238135.8,7583.2716,0,744.0168,129.4341104,0.596711887,CL,ANP2.2,
2980,74720B-D-1,D,1,7,238135.8,8679.57624,0,914.4,130.5144428,0.602262075,CL,ANP2.2,
2981,74720B-D-1,D,1,8,238135.8,9889.44936,0,961.91832,141.5749888,0.589439811,CL,ANP2.2,
2982,74720B-D-1,D,1,9,238135.8,14866.74192,0,1676.4,146.61654,0.612713019,CL,ANP2.2,
2983,74720B-D-1,D,1,10,238135.8,19402.07448,0,2286.0,151.1950916,0.632569623,CL,ANP2.2,
2984,74720B-D-1,D,1,11,238135.8,25501.2444,0,3048.0,157.162642,0.657390377,CL,ANP2.2,
2985,74720B-D-2,D,2,1,247207.64,0.0,0,0.0,0.0,0.922924151,TO,ANP2.2,
2986,74720B-D-2,D,2,2,247207.64,1256.44656,0,0.0,80.4590416,0.793330189,TO,ANP2.2,
2987,74720B-D-2,D,2,3,247207.64,2619.96936,0,304.8,81.6422628,0.805860377,TO,ANP2.2,
2988,74720B-D-2,D,2,4,247207.64,4705.9596,0,600.24264,98.516026,0.793483396,CL,ANP2.2,
2989,74720B-D-2,D,2,5,247207.64,5010.7596,0,640.96392,98.7218036,0.634309057,CL,ANP2.2,
2990,74720B-D-2,D,2,6,247207.64,8182.356,0,760.90272,130.6173316,0.595825283,CL,ANP2.2,
2991,74720B-D-2,D,2,7,247207.64,9227.058,0,914.4,131.5947752,0.600825094,CL,ANP2.2,
2992,74720B-D-2,D,2,8,247207.64,10537.91136,0,965.48448,142.6553212,0.588118679,CL,ANP2.2,
2993,74720B-D-2,D,2,9,247207.64,15778.79496,0,1676.4,147.7483168,0.611276038,CL,ANP2.2,
2994,74720B-D-2,D,2,10,247207.64,20581.28472,0,2286.0,152.3268684,0.631132642,CL,ANP2.2,
2995,74720B-D-2,D,2,11,247207.64,27046.2756,0,3048.0,158.3458632,0.655953396,CL,ANP2.2,
2996,74720B-D-3,D,3,1,256279.48,0.0,0,0.0,0.0,0.922924151,TO,ANP2.2,
2997,74720B-D-3,D,3,2,256279.48,1354.3788,0,0.0,81.9509292,0.790973774,TO,ANP2.2,
2998,74720B-D-3,D,3,3,256279.48,2799.37464,0,304.8,83.1341504,0.803503962,TO,ANP2.2,
2999,74720B-D-3,D,3,4,256279.48,5061.78312,0,607.4664,100.1108024,0.791308491,CL,ANP2.2,
3000,74720B-D-3,D,3,5,256279.48,5366.58312,0,645.81024,100.31658,0.632311509,CL,ANP2.2,
3001,74720B-D-3,D,3,6,256279.48,8451.22008,0,723.50376,131.954886,0.592451509,CL,ANP2.2,
3002,74720B-D-3,D,3,7,256279.48,9822.7896,0,914.4,133.1895516,0.598669623,CL,ANP2.2,
3003,74720B-D-3,D,3,8,256279.48,11118.46392,0,951.82944,144.1472088,0.585519057,CL,ANP2.2,
3004,74720B-D-3,D,3,9,256279.48,16769.4864,0,1676.4,149.3945376,0.609120566,CL,ANP2.2,
3005,74720B-D-3,D,3,10,256279.48,21857.93952,0,2286.0,154.075978,0.62897717,CL,ANP2.2,
3006,74720B-D-3,D,3,11,256279.48,28715.08608,0,3048.0,160.1464172,0.653797925,CL,ANP2.2,
3007,74720B-D-4,D,4,1,276691.12,0.0,0,0.0,0.0,0.922924151,TO,ANP2.2,
3008,74720B-D-4,D,4,2,276691.12,1589.04432,0,0.0,85.140482,0.785819811,TO,ANP2.2,
3009,74720B-D-4,D,4,3,276691.12,3228.35016,0,304.8,86.3751476,0.79835,TO,ANP2.2,
3010,74720B-D-4,D,4,4,276691.12,5883.402,0,619.07928,103.3517996,0.786840943,CL,ANP2.2,
3011,74720B-D-4,D,4,5,276691.12,6188.202,0,652.54632,103.5061328,0.628220189,CL,ANP2.2,
3012,74720B-D-4,D,4,6,276691.12,9947.81856,0,754.77624,134.8357724,0.58987717,CL,ANP2.2,
3013,74720B-D-4,D,4,7,276691.12,11241.81648,0,914.4,135.8646604,0.59507717,CL,ANP2.2,
3014,74720B-D-4,D,4,8,276691.12,12773.80224,0,957.80352,146.873762,0.582121509,CL,ANP2.2,
3015,74720B-D-4,D,4,9,276691.12,19105.626,0,1676.4,152.1725352,0.605528113,CL,ANP2.2,
3016,74720B-D-4,D,4,10,276691.12,24865.06584,0,2286.0,156.90542,0.625384717,CL,ANP2.2,
3017,74720B-D-4,D,4,11,276691.12,32646.85368,0,3048.0,163.1301924,0.650205472,CL,ANP2.2,
3018,74720B-D-5,D,5,1,301638.68,0.0,0,0.0,0.0,0.922924151,TO,ANP2.2,
3019,74720B-D-5,D,5,2,301638.68,1903.11024,0,0.0,88.8959232,0.779772264,TO,ANP2.2,
3020,74720B-D-5,D,5,3,301638.68,3803.38584,0,304.8,90.2334776,0.792302453,TO,ANP2.2,
3021,74720B-D-5,D,5,4,301638.68,7130.88744,0,645.04824,107.7245736,0.781314717,CL,ANP2.2,
3022,74720B-D-5,D,5,5,301638.68,7435.68744,0,673.24224,107.8789068,0.623146226,CL,ANP2.2,
3023,74720B-D-5,D,5,6,301638.68,12502.34736,0,817.4736,140.0316568,0.585453396,CL,ANP2.2,
3024,74720B-D-5,D,5,7,301638.68,13413.82128,0,914.4,140.700434,0.588610755,CL,ANP2.2,
3025,74720B-D-5,D,5,8,301638.68,15320.52816,0,966.64272,151.76098,0.57594283,CL,ANP2.2,
3026,74720B-D-5,D,5,9,301638.68,22583.91216,0,1676.4,157.2140864,0.599061698,CL,ANP2.2,
3027,74720B-D-5,D,5,10,301638.68,29288.994,0,2286.0,162.04986,0.618918302,CL,ANP2.2,
3028,74720B-D-5,D,5,11,301638.68,38381.45232,0,3048.0,168.48041,0.643739057,CL,ANP2.2,
3029,74720B-D-6,D,6,1,328854.2,0.0,0,0.0,0.0,0.922924151,TO,ANP2.2,
3030,74720B-D-6,D,6,2,328854.2,2280.48312,0,0.0,92.8056976,0.773453585,TO,ANP2.2,
3031,74720B-D-6,D,6,3,328854.2,4500.2196,0,304.8,94.1946964,0.785983774,TO,ANP2.2,
3032,74720B-D-6,D,6,4,328854.2,8542.782,0,660.62352,111.4800148,0.776185849,CL,ANP2.2,
3033,74720B-D-6,D,6,5,328854.2,8847.582,0,684.06264,111.634348,0.618469623,CL,ANP2.2,
3034,74720B-D-6,D,6,6,328854.2,15964.87536,0,890.41224,145.33043,0.581362453,CL,ANP2.2,
3035,74720B-D-6,D,6,7,328854.2,16228.80168,0,914.4,145.4847632,0.58214434,CL,ANP2.2,
3036,74720B-D-6,D,6,8,328854.2,18645.16464,0,978.46896,156.6996424,0.569861887,CL,ANP2.2,
3037,74720B-D-6,D,6,9,328854.2,27009.76056,0,1676.4,162.2041932,0.592595283,CL,ANP2.2,
3038,74720B-D-6,D,6,10,328854.2,34886.06688,0,2286.0,167.2457444,0.612451887,CL,ANP2.2,
3039,74720B-D-6,D,6,11,328854.2,45616.64232,0,3048.0,173.8306276,0.637272642,CL,ANP2.2,
3040,74720B-D-7,D,7,1,351533.8,0.0,0,0.0,0.0,0.922924151,TO,ANP2.2,
3041,74720B-D-7,D,7,2,351533.8,2623.04784,0,0.0,95.9952504,0.768385472,TO,ANP2.2,
3042,74720B-D-7,D,7,3,351533.8,5142.18936,0,304.8,97.3842492,0.78091566,TO,ANP2.2,
3043,74720B-D-7,D,7,4,351533.8,10123.99296,0,690.79872,115.3383448,0.771657547,CL,ANP2.2,
3044,74720B-D-7,D,7,5,351533.8,10428.79296,0,710.82408,115.492678,0.614312075,CL,ANP2.2,
3045,74720B-D-7,D,7,6,351533.8,19818.94944,0,981.66936,149.7546484,0.57930566,CL,ANP2.2,
3046,74720B-D-7,D,7,7,351533.8,22818.852,0,1058.99712,161.0724164,0.567455472,CL,ANP2.2,
3047,74720B-D-7,D,7,8,351533.8,31271.47416,0,1676.4,166.0625232,0.587565849,CL,ANP2.2,
3048,74720B-D-7,D,7,9,351533.8,40258.746,0,2286.0,171.2584076,0.607422453,CL,ANP2.2,
3049,74720B-D-7,D,7,10,351533.8,52558.37088,0,3048.0,177.997624,0.632243208,CL,ANP2.2,
3050,747SP-A-1,A,1,1,181436.8,-34895.57664,0,1828.8,139.928768,0.017965934,AP,ANP2.2,
3051,747SP-A-1,A,1,2,181436.8,-17752.58832,0,930.37152,86.8381472,0.016093846,AP,ANP2.2,
3052,747SP-A-1,A,1,3,181436.8,-17447.78832,0,914.4,85.6034816,0.116930769,AP,ANP2.2,
3053,747SP-A-1,A,1,4,181436.8,-9028.69416,0,473.17152,74.4914912,0.110875385,AP,ANP2.2,
3054,747SP-A-1,A,1,5,181436.8,-8723.89416,0,457.2,74.0284916,0.148043956,AP,ANP2.2,
3055,747SP-A-1,A,1,6,181436.8,-6120.71928,0,320.77152,69.3470512,0.145646374,AP,ANP2.2,
3056,747SP-A-1,A,1,7,181436.8,-5815.91928,0,304.8,68.7811628,0.225345934,AP,ANP2.2,
3057,747SP-A-1,A,1,8,181436.8,-304.8,0,15.97152,67.8037192,0.217728791,AP,ANP2.2,
3058,747SP-A-1,A,1,9,181436.8,0.0,0,0.0,67.7522748,0.217345495,AP,ANP2.2,
3059,747SP-A-1,A,1,10,181436.8,133.07568,0,0.0,64.3055,0.1,AP,ANP2.2,
3060,747SP-A-1,A,1,11,181436.8,1197.68112,0,0.0,15.3304312,0.1,AP,ANP2.2,
3061,747SP-D-1,D,1,1,181436.8,0.0,0,0.0,0.0,0.9408,TO,ANP2.2,
3062,747SP-D-1,D,1,2,181436.8,791.07792,0,0.0,68.16383,0.792724396,TO,ANP2.2,
3063,747SP-D-1,D,1,3,181436.8,1913.01624,0,304.8,69.192718,0.800130989,TO,ANP2.2,
3064,747SP-D-1,D,1,4,181436.8,3423.94032,0,560.89296,85.7063704,0.772831429,CL,ANP2.2,
3065,747SP-D-1,D,1,5,181436.8,3634.03896,0,599.17584,85.8607036,0.665365275,CL,ANP2.2,
3066,747SP-D-1,D,1,6,181436.8,4813.88928,0,637.4892,107.1586852,0.62783956,CL,ANP2.2,
3067,747SP-D-1,D,1,7,181436.8,6217.52376,0,914.4,108.5991284,0.632875385,CL,ANP2.2,
3068,747SP-D-1,D,1,8,181436.8,8260.87248,0,1003.8588,134.3213284,0.589489011,CL,ANP2.2,
3069,747SP-D-1,D,1,9,181436.8,12301.84992,0,1676.4,138.8484356,0.600067912,CL,ANP2.2,
3070,747SP-D-1,D,1,10,181436.8,16300.52112,0,2286.0,143.1697652,0.607955604,CL,ANP2.2,
3071,747SP-D-1,D,1,11,181436.8,21838.85904,0,3048.0,148.8286492,0.61554022,CL,ANP2.2,
3072,747SP-D-2,D,2,1,191415.824,0.0,0,0.0,0.0,0.9408,TO,ANP2.2,
3073,747SP-D-2,D,2,2,191415.824,884.95632,0,0.0,70.0158284,0.788706813,TO,ANP2.2,
3074,747SP-D-2,D,2,3,191415.824,2108.24064,0,304.8,71.0447164,0.796113407,TO,ANP2.2,
3075,747SP-D-2,D,2,4,191415.824,3815.91312,0,570.61608,87.8670352,0.76859978,CL,ANP2.2,
3076,747SP-D-2,D,2,5,191415.824,4072.98144,0,613.47096,88.0213684,0.661810549,CL,ANP2.2,
3077,747SP-D-2,D,2,6,191415.824,5406.26808,0,656.32584,109.3707944,0.624367912,CL,ANP2.2,
3078,747SP-D-2,D,2,7,191415.824,6824.59392,0,914.4,110.7597932,0.629050549,CL,ANP2.2,
3079,747SP-D-2,D,2,8,191415.824,8899.73328,0,1004.52936,134.3213284,0.589500659,CL,ANP2.2,
3080,747SP-D-2,D,2,9,191415.824,13245.44976,0,1676.4,138.8484356,0.600067912,CL,ANP2.2,
3081,747SP-D-2,D,2,10,191415.824,17555.80944,0,2286.0,143.1697652,0.607955604,CL,ANP2.2,
3082,747SP-D-2,D,2,11,191415.824,23536.99128,0,3048.0,148.8286492,0.61554022,CL,ANP2.2,
3083,747SP-D-3,D,3,1,200941.256,0.0,0,0.0,0.0,0.9408,TO,ANP2.2,
3084,747SP-D-3,D,3,2,200941.256,979.84056,0,0.0,71.7134936,0.784968352,TO,ANP2.2,
3085,747SP-D-3,D,3,3,200941.256,2304.56232,0,304.8,72.793826,0.792374945,TO,ANP2.2,
3086,747SP-D-3,D,3,4,200941.256,4174.41888,0,574.60896,89.4618116,0.765353187,CL,ANP2.2,
3087,747SP-D-3,D,3,5,200941.256,4479.21888,0,621.4872,89.6675892,0.659093626,CL,ANP2.2,
3088,747SP-D-3,D,3,6,200941.256,5971.42824,0,669.91992,111.0170152,0.621753407,CL,ANP2.2,
3089,747SP-D-3,D,3,7,200941.256,7416.45456,0,914.4,112.3545696,0.626181978,CL,ANP2.2,
3090,747SP-D-3,D,3,8,200941.256,9542.0688,0,1006.17528,134.3213284,0.589529011,CL,ANP2.2,
3091,747SP-D-3,D,3,9,200941.256,14181.85632,0,1676.4,138.8484356,0.600067912,CL,ANP2.2,
3092,747SP-D-3,D,3,10,200941.256,18801.22224,0,2286.0,143.1697652,0.607955604,CL,ANP2.2,
3093,747SP-D-3,D,3,11,200941.256,25223.48016,0,3048.0,148.8286492,0.61554022,CL,ANP2.2,
3094,747SP-D-4,D,4,1,215456.2,0.0,0,0.0,0.0,0.9408,TO,ANP2.2,
3095,747SP-D-4,D,4,2,215456.2,1134.49608,0,0.0,74.2857136,0.779438242,TO,ANP2.2,
3096,747SP-D-4,D,4,3,215456.2,2623.47456,0,304.8,75.366046,0.786844835,TO,ANP2.2,
3097,747SP-D-4,D,4,4,215456.2,4806.90936,0,585.91704,92.1369204,0.760043956,CL,ANP2.2,
3098,747SP-D-4,D,4,5,215456.2,5111.70936,0,627.4308,92.342698,0.654424176,CL,ANP2.2,
3099,747SP-D-4,D,4,6,215456.2,6983.4252,0,698.2968,113.7950128,0.61749978,CL,ANP2.2,
3100,747SP-D-4,D,4,7,215456.2,8406.8412,0,914.4,115.0296784,0.621400879,CL,ANP2.2,
3101,747SP-D-4,D,4,8,215456.2,10560.46656,0,1006.48008,134.3213284,0.589534286,CL,ANP2.2,
3102,747SP-D-4,D,4,9,215456.2,15682.38672,0,1676.4,138.8484356,0.600067912,CL,ANP2.2,
3103,747SP-D-4,D,4,10,215456.2,20795.95536,0,2286.0,143.1697652,0.607955604,CL,ANP2.2,
3104,747SP-D-4,D,4,11,215456.2,27927.57432,0,3048.0,148.8286492,0.61554022,CL,ANP2.2,
3105,747SP-D-5,D,5,1,234960.656,0.0,0,0.0,0.0,0.9408,TO,ANP2.2,
3106,747SP-D-5,D,5,2,234960.656,1361.66352,0,0.0,77.5781552,0.772292747,TO,ANP2.2,
3107,747SP-D-5,D,5,3,234960.656,3092.53128,0,304.8,78.709932,0.779699341,TO,ANP2.2,
3108,747SP-D-5,D,5,4,234960.656,5829.69624,0,608.5332,95.943806,0.752759121,CL,ANP2.2,
3109,747SP-D-5,D,5,5,234960.656,6134.49624,0,643.82904,96.0981392,0.648038901,CL,ANP2.2,
3110,747SP-D-5,D,5,6,234960.656,8675.27856,0,750.14328,117.807676,0.611760659,CL,ANP2.2,
3111,747SP-D-5,D,5,7,234960.656,9921.45336,0,914.4,118.7851196,0.614707473,CL,ANP2.2,
3112,747SP-D-5,D,5,8,234960.656,12019.30032,0,1002.88344,134.3213284,0.589472308,CL,ANP2.2,
3113,747SP-D-5,D,5,9,234960.656,17864.75472,0,1676.4,138.8484356,0.600067912,CL,ANP2.2,
3114,747SP-D-5,D,5,10,234960.656,23691.15912,0,2286.0,143.1697652,0.607955604,CL,ANP2.2,
3115,747SP-D-5,D,5,11,234960.656,31855.01376,0,3048.0,148.8286492,0.61554022,CL,ANP2.2,
3116,747SP-D-6,D,6,1,254011.52,0.0,0,0.0,0.0,0.9408,TO,ANP2.2,
3117,747SP-D-6,D,6,2,254011.52,1605.29016,0,0.0,80.6648192,0.765594505,TO,ANP2.2,
3118,747SP-D-6,D,6,3,254011.52,3600.02328,0,304.8,81.8480404,0.773001099,TO,ANP2.2,
3119,747SP-D-6,D,6,4,254011.52,6937.94904,0,627.2784,99.1848032,0.74649978,CL,ANP2.2,
3120,747SP-D-6,D,6,5,254011.52,7242.74904,0,657.54504,99.3391364,0.642558681,CL,ANP2.2,
3121,747SP-D-6,D,6,6,254011.52,10665.19584,0,807.1104,121.3573396,0.607058901,CL,ANP2.2,
3122,747SP-D-6,D,6,7,254011.52,11593.61664,0,914.4,121.9746724,0.60897033,CL,ANP2.2,
3123,747SP-D-6,D,6,8,254011.52,13590.30048,0,997.6104,134.269884,0.589381978,CL,ANP2.2,
3124,747SP-D-6,D,6,9,254011.52,20219.24328,0,1676.4,138.8484356,0.600067912,CL,ANP2.2,
3125,747SP-D-6,D,6,10,254011.52,26802.86232,0,2286.0,143.1697652,0.607955604,CL,ANP2.2,
3126,747SP-D-6,D,6,11,254011.52,36074.63448,0,3048.0,148.8286492,0.61554022,CL,ANP2.2,
3127,747SP-D-7,D,7,1,283495.0,0.0,0,0.0,0.0,0.9408,TO,ANP2.2,
3128,747SP-D-7,D,7,2,283495.0,2025.7008,0,0.0,85.1919264,0.755705275,TO,ANP2.2,
3129,747SP-D-7,D,7,3,283495.0,4495.46472,0,304.8,86.4780364,0.763112088,TO,ANP2.2,
3130,747SP-D-7,D,7,4,283495.0,8901.59256,0,651.3576,103.5061328,0.73813033,CL,ANP2.2,
3131,747SP-D-7,D,7,5,283495.0,9206.39256,0,675.22344,103.660466,0.635238901,CL,ANP2.2,
3132,747SP-D-7,D,7,6,283495.0,14809.7748,0,924.88512,126.296002,0.601504835,CL,ANP2.2,
3133,747SP-D-7,D,7,7,283495.0,16536.3144,0,995.72064,134.269884,0.589349011,CL,ANP2.2,
3134,747SP-D-7,D,7,8,283495.0,24453.6468,0,1676.4,138.8484356,0.600067912,CL,ANP2.2,
3135,747SP-D-7,D,7,9,283495.0,32348.45448,0,2286.0,143.1697652,0.607955604,CL,ANP2.2,
3136,747SP-D-7,D,7,10,283495.0,43567.13664,0,3048.0,148.8286492,0.61554022,CL,ANP2.2,
3137,757PW-A-1,A,1,1,83098.0544,-34895.57664,0,1828.8,139.928768,0.012295561,AP,ANP2.2,
3138,757PW-A-1,A,1,2,83098.0544,-17752.58832,0,930.37152,86.8381472,0.011014099,AP,ANP2.2,
3139,757PW-A-1,A,1,3,83098.0544,-17447.78832,0,914.4,85.6034816,0.059015927,AP,ANP2.2,
3140,757PW-A-1,A,1,4,83098.0544,-9028.69416,0,473.17152,71.9707156,0.05595953,AP,ANP2.2,
3141,757PW-A-1,A,1,5,83098.0544,-8723.89416,0,457.2,71.4048272,0.177070757,AP,ANP2.2,
3142,757PW-A-1,A,1,6,83098.0544,-6120.71928,0,320.77152,69.8614952,0.174203133,AP,ANP2.2,
3143,757PW-A-1,A,1,7,83098.0544,-5815.91928,0,304.8,69.707162,0.213889817,AP,ANP2.2,
3144,757PW-A-1,A,1,8,83098.0544,-304.8,0,15.97152,70.6846056,0.206660052,AP,ANP2.2,
3145,757PW-A-1,A,1,9,83098.0544,0.0,0,0.0,70.73605,0.206298695,AP,ANP2.2,
3146,757PW-A-1,A,1,10,83098.0544,102.32136,0,0.0,65.1286104,0.4,AP,ANP2.2,
3147,757PW-A-1,A,1,11,83098.0544,920.89224,0,0.0,15.3304312,0.1,AP,ANP2.2,
3148,JET-SMALL-D-5,D,1,1,83098.0544,0.0,0,0.0,0.0,0.9473047,TO,ANP2.2,
3149,JET-SMALL-D-5,D,1,2,83098.0544,1099.35264,0,0.0,78.9157096,0.752959269,TO,ANP2.2,
3150,JET-SMALL-D-5,D,1,3,83098.0544,2924.89128,0,457.2,80.6648192,0.788522193,TO,ANP2.2,
3151,JET-SMALL-D-5,D,1,4,83098.0544,3229.69128,0,512.39928,80.8705968,0.631213316,CL,ANP2.2,
3152,JET-SMALL-D-5,D,1,5,83098.0544,5449.3668,0,914.4,82.5168176,0.644358225,CL,ANP2.2,
3153,JET-SMALL-D-5,D,1,6,83098.0544,7320.77784,0,1065.97704,101.345468,0.624881723,CL,ANP2.2,
3154,JET-SMALL-D-5,D,1,7,83098.0544,8496.4524,0,1160.70888,111.4285704,0.615112272,CL,ANP2.2,
3155,JET-SMALL-D-5,D,1,8,83098.0544,12076.08456,0,1437.07104,137.2022148,0.592196084,CL,ANP2.2,
3156,JET-SMALL-D-5,D,1,9,83098.0544,13725.38784,0,1676.4,138.8484356,0.600021932,CL,ANP2.2,
3157,JET-SMALL-D-5,D,1,10,83098.0544,18102.6816,0,2286.0,143.1697652,0.619955352,CL,ANP2.2,
3158,JET-SMALL-D-5,D,1,11,83098.0544,23973.5868,0,3048.0,148.8286492,0.644872063,CL,ANP2.2,
3159,757PW-D-2,D,2,1,86182.48,0.0,0,0.0,0.0,0.9473047,TO,ANP2.2,
3160,757PW-D-2,D,2,2,86182.48,1188.1104,0,0.0,80.3561528,0.749385117,TO,ANP2.2,
3161,757PW-D-2,D,2,3,86182.48,3120.63384,0,457.2,82.1567068,0.784948303,TO,ANP2.2,
3162,757PW-D-2,D,2,4,86182.48,3425.43384,0,509.3208,82.3624844,0.629063185,CL,ANP2.2,
3163,757PW-D-2,D,2,5,86182.48,5793.54696,0,914.4,84.0087052,0.642308355,CL,ANP2.2,
3164,757PW-D-2,D,2,6,86182.48,7714.06128,0,1061.3136,102.117134,0.62364517,CL,ANP2.2,
3165,757PW-D-2,D,2,7,86182.48,8945.30088,0,1154.7348,112.148792,0.613904961,CL,ANP2.2,
3166,757PW-D-2,D,2,8,86182.48,12603.7848,0,1424.178,137.1507704,0.591774413,CL,ANP2.2,
3167,757PW-D-2,D,2,9,86182.48,14431.73136,0,1676.4,138.8484356,0.600021932,CL,ANP2.2,
3168,757PW-D-2,D,2,10,86182.48,19040.27688,0,2286.0,143.1697652,0.619955352,CL,ANP2.2,
3169,757PW-D-2,D,2,11,86182.48,25227.01584,0,3048.0,148.8286492,0.644872063,CL,ANP2.2,
3170,757PW-D-3,D,3,1,89584.42,0.0,0,0.0,0.0,0.9473047,TO,ANP2.2,
3171,757PW-D-3,D,3,2,89584.42,1290.43176,0,0.0,81.9509292,0.74551671,TO,ANP2.2,
3172,757PW-D-3,D,3,3,89584.42,3344.69232,0,457.2,83.7514832,0.781079896,TO,ANP2.2,
3173,757PW-D-3,D,3,4,89584.42,3649.49232,0,504.93168,83.9572608,0.626700522,CL,ANP2.2,
3174,757PW-D-3,D,3,5,89584.42,6263.60952,0,914.4,85.654926,0.640089295,CL,ANP2.2,
3175,757PW-D-3,D,3,6,89584.42,8230.24008,0,1055.64432,102.9402444,0.622302872,CL,ANP2.2,
3176,757PW-D-3,D,3,7,89584.42,9498.51288,0,1146.87096,112.663236,0.612924282,CL,ANP2.2,
3177,757PW-D-3,D,3,8,89584.42,13267.09056,0,1409.97432,137.0478816,0.591309922,CL,ANP2.2,
3178,757PW-D-3,D,3,9,89584.42,15305.41008,0,1676.4,138.8484356,0.600021932,CL,ANP2.2,
3179,757PW-D-3,D,3,10,89584.42,20176.5408,0,2286.0,143.1697652,0.619955352,CL,ANP2.2,
3180,757PW-D-3,D,3,11,89584.42,26722.63896,0,3048.0,148.8286492,0.644872063,CL,ANP2.2,
3181,757PW-D-4,D,4,1,96433.6592,0.0,0,0.0,0.0,0.9473047,TO,ANP2.2,
3182,757PW-D-4,D,4,2,96433.6592,1510.5888,0,0.0,85.0375932,0.737944909,TO,ANP2.2,
3183,757PW-D-4,D,4,3,96433.6592,3822.954,0,457.2,86.8895916,0.773508094,TO,ANP2.2,
3184,757PW-D-4,D,4,4,96433.6592,4127.754,0,499.38432,87.0953692,0.622175979,CL,ANP2.2,
3185,757PW-D-4,D,4,5,96433.6592,7125.64488,0,914.4,88.8444788,0.635746214,CL,ANP2.2,
3186,757PW-D-4,D,4,6,96433.6592,9211.90944,0,1046.8356,104.8436872,0.619412794,CL,ANP2.2,
3187,757PW-D-4,D,4,7,96433.6592,10680.954,0,1140.62256,114.7724564,0.609828721,CL,ANP2.2,
3188,757PW-D-4,D,4,8,96433.6592,14494.764,0,1380.56112,136.842104,0.590347781,CL,ANP2.2,
3189,757PW-D-4,D,4,9,96433.6592,17008.78488,0,1676.4,138.8484356,0.600021932,CL,ANP2.2,
3190,757PW-D-4,D,4,10,96433.6592,22434.042,0,2286.0,143.1697652,0.619955352,CL,ANP2.2,
3191,757PW-D-4,D,4,11,96433.6592,29741.50008,0,3048.0,148.8286492,0.644872063,CL,ANP2.2,
3192,757PW-D-5,D,5,1,104734.3928,0.0,0,0.0,0.0,0.9473047,TO,ANP2.2,
3193,757PW-D-5,D,5,2,104734.3928,1803.37968,0,0.0,88.5872568,0.729120366,TO,ANP2.2,
3194,757PW-D-5,D,5,3,104734.3928,4454.53008,0,457.2,90.5935884,0.76468329,TO,ANP2.2,
3195,757PW-D-5,D,5,4,104734.3928,4759.33008,0,493.71504,90.7479216,0.616928198,CL,ANP2.2,
3196,757PW-D-5,D,5,5,104734.3928,8271.75384,0,914.4,92.59992,0.630684595,CL,ANP2.2,
3197,757PW-D-5,D,5,6,104734.3928,10516.48392,0,1037.66112,107.2101296,0.61585953,CL,ANP2.2,
3198,757PW-D-5,D,5,7,104734.3928,12271.58328,0,1135.38,117.4475652,0.606042559,CL,ANP2.2,
3199,757PW-D-5,D,5,8,104734.3928,16040.49624,0,1345.0824,136.584882,0.589187728,CL,ANP2.2,
3200,757PW-D-5,D,5,9,104734.3928,19219.22496,0,1676.4,138.8484356,0.600021932,CL,ANP2.2,
3201,757PW-D-5,D,5,10,104734.3928,25366.27896,0,2286.0,143.1697652,0.619955352,CL,ANP2.2,
3202,757PW-D-5,D,5,11,104734.3928,33671.16456,0,3048.0,148.8286492,0.644872063,CL,ANP2.2,
3203,757PW-D-6,D,6,1,110313.5744,0.0,0,0.0,0.0,0.9473047,TO,ANP2.2,
3204,757PW-D-6,D,6,2,110313.5744,2016.46536,0,0.0,90.9536992,0.723384334,TO,ANP2.2,
3205,757PW-D-6,D,6,3,110313.5744,4913.40648,0,457.2,92.9600308,0.75894752,TO,ANP2.2,
3206,757PW-D-6,D,6,4,110313.5744,5218.20648,0,490.39272,93.114364,0.613529765,CL,ANP2.2,
3207,757PW-D-6,D,6,5,110313.5744,9111.78264,0,914.4,95.0692512,0.627394517,CL,ANP2.2,
3208,757PW-D-6,D,6,6,110313.5744,11494.1604,0,1033.18056,108.9592392,0.613327415,CL,ANP2.2,
3209,757PW-D-6,D,6,7,110313.5744,13444.66704,0,1132.4844,119.2995636,0.603489817,CL,ANP2.2,
3210,757PW-D-6,D,6,8,110313.5744,17105.376,0,1319.66208,136.4305488,0.58835718,CL,ANP2.2,
3211,757PW-D-6,D,6,9,110313.5744,20807.14152,0,1676.4,138.8484356,0.600021932,CL,ANP2.2,
3212,757PW-D-6,D,6,10,110313.5744,27473.72712,0,2286.0,143.1697652,0.619955352,CL,ANP2.2,
3213,757PW-D-6,D,6,11,110313.5744,36500.562,0,3048.0,148.8286492,0.644872063,CL,ANP2.2,
3214,757PW-D-7,D,7,1,115665.96,0.0,0,0.0,0.0,0.9473047,TO,ANP2.2,
3215,757PW-D-7,D,7,2,115665.96,2233.45248,0,0.0,93.114364,0.718016449,TO,ANP2.2,
3216,757PW-D-7,D,7,3,115665.96,5381.48784,0,457.2,95.17214,0.753579634,TO,ANP2.2,
3217,757PW-D-7,D,7,4,115665.96,5686.28784,0,487.5276,95.3264732,0.61035718,CL,ANP2.2,
3218,757PW-D-7,D,7,5,115665.96,9976.13448,0,914.4,97.3328048,0.624315405,CL,ANP2.2,
3219,757PW-D-7,D,7,6,115665.96,12503.53608,0,1029.34008,110.6569044,0.610889295,CL,ANP2.2,
3220,757PW-D-7,D,7,7,115665.96,14668.83528,0,1130.44224,121.1001176,0.600965013,CL,ANP2.2,
3221,757PW-D-7,D,7,8,115665.96,18165.98856,0,1295.79624,136.2762156,0.587576762,CL,ANP2.2,
3222,757PW-D-7,D,7,9,115665.96,22416.24168,0,1676.4,138.8484356,0.600021932,CL,ANP2.2,
3223,757PW-D-7,D,7,10,115665.96,29609.88744,0,2286.0,143.1697652,0.619955352,CL,ANP2.2,
3224,757PW-D-7,D,7,11,115665.96,39372.72288,0,3048.0,148.8286492,0.644872063,CL,ANP2.2,
3225,757RR-A-1,A,1,1,83415.5688,-34895.57664,0,1828.8,139.928768,0.009679551,AP,ANP2.2,
3226,757RR-A-1,A,1,2,83415.5688,-17752.58832,0,930.37152,86.8381472,0.008670574,AP,ANP2.2,
3227,757RR-A-1,A,1,3,83415.5688,-17447.78832,0,914.4,85.6034816,0.050566334,AP,ANP2.2,
3228,757RR-A-1,A,1,4,83415.5688,-9028.69416,0,473.17152,72.0736044,0.047947382,AP,ANP2.2,
3229,757RR-A-1,A,1,5,83415.5688,-8723.89416,0,457.2,71.507716,0.167126185,AP,ANP2.2,
3230,757RR-A-1,A,1,6,83415.5688,-6120.71928,0,320.77152,70.1187172,0.164419701,AP,ANP2.2,
3231,757RR-A-1,A,1,7,83415.5688,-5815.91928,0,304.8,69.964384,0.20306384,AP,ANP2.2,
3232,757RR-A-1,A,1,8,83415.5688,-304.8,0,15.97152,70.9418276,0.1962,AP,ANP2.2,
3233,757RR-A-1,A,1,9,83415.5688,0.0,0,0.0,70.993272,0.195856858,AP,ANP2.2,
3234,757RR-A-1,A,1,10,83415.5688,98.20656,0,0.0,65.3858324,0.4,AP,ANP2.2,
3235,757RR-A-1,A,1,11,83415.5688,883.85904,0,0.0,15.3304312,0.1,AP,ANP2.2,
3236,757RR-D-1,D,1,1,83415.5688,0.0,0,0.0,0.0,0.943665337,TO,ANP2.2,
3237,757RR-D-1,D,1,2,83415.5688,1013.52096,0,0.0,79.3787092,0.795600748,TO,ANP2.2,
3238,757RR-D-1,D,1,3,83415.5688,2620.88376,0,457.2,81.1278188,0.815320698,TO,ANP2.2,
3239,757RR-D-1,D,1,4,83415.5688,2925.68376,0,516.57504,81.3850408,0.641669077,CL,ANP2.2,
3240,757RR-D-1,D,1,5,83415.5688,4968.20952,0,914.4,82.9798172,0.654601746,CL,ANP2.2,
3241,757RR-D-1,D,1,6,83415.5688,6724.58904,0,1069.75656,102.5801336,0.631132918,CL,ANP2.2,
3242,757RR-D-1,D,1,7,83415.5688,7677.39384,0,1152.26592,111.5314592,0.621018204,CL,ANP2.2,
3243,757RR-D-1,D,1,8,83415.5688,10968.89856,0,1428.1404,137.1507704,0.594431172,CL,ANP2.2,
3244,757RR-D-1,D,1,9,83415.5688,12565.89816,0,1676.4,138.8484356,0.602501247,CL,ANP2.2,
3245,757RR-D-1,D,1,10,83415.5688,16651.986,0,2286.0,143.1697652,0.622317706,CL,ANP2.2,
3246,757RR-D-1,D,1,11,83415.5688,22127.5656,0,3048.0,148.8286492,0.647088529,CL,ANP2.2,
3247,757RR-D-2,D,2,1,86726.7904,0.0,0,0.0,0.0,0.943665337,TO,ANP2.2,
3248,757RR-D-2,D,2,2,86726.7904,1099.59648,0,0.0,80.9220412,0.792690524,TO,ANP2.2,
3249,757RR-D-2,D,2,3,86726.7904,2802.84936,0,457.2,82.7225952,0.812410723,TO,ANP2.2,
3250,757RR-D-2,D,2,4,86726.7904,3107.64936,0,513.03936,82.9798172,0.639085786,CL,ANP2.2,
3251,757RR-D-2,D,2,5,86726.7904,5298.15552,0,914.4,84.5745936,0.652132918,CL,ANP2.2,
3252,757RR-D-2,D,2,6,86726.7904,7099.8588,0,1064.54448,103.403244,0.629668329,CL,ANP2.2,
3253,757RR-D-2,D,2,7,86726.7904,8196.89496,0,1154.43,113.0747912,0.618820948,CL,ANP2.2,
3254,757RR-D-2,D,2,8,86726.7904,11478.95088,0,1416.4056,137.099326,0.594049875,CL,ANP2.2,
3255,757RR-D-2,D,2,9,86726.7904,13242.3408,0,1676.4,138.8484356,0.602501247,CL,ANP2.2,
3256,757RR-D-2,D,2,10,86726.7904,17554.956,0,2286.0,143.1697652,0.622317706,CL,ANP2.2,
3257,757RR-D-2,D,2,11,86726.7904,23339.11512,0,3048.0,148.8286492,0.647088529,CL,ANP2.2,
3258,757RR-D-3,D,3,1,90310.1672,0.0,0,0.0,0.0,0.943665337,TO,ANP2.2,
3259,757RR-D-3,D,3,2,90310.1672,1197.01056,0,0.0,82.568262,0.789603242,TO,ANP2.2,
3260,757RR-D-3,D,3,3,90310.1672,3006.6996,0,457.2,84.4202604,0.809323192,TO,ANP2.2,
3261,757RR-D-3,D,3,4,90310.1672,3311.4996,0,509.56464,84.626038,0.636353117,CL,ANP2.2,
3262,757RR-D-3,D,3,5,90310.1672,5668.42656,0,914.4,86.3237032,0.649513716,CL,ANP2.2,
3263,757RR-D-3,D,3,6,90310.1672,7514.87448,0,1058.8752,104.3292432,0.628106234,CL,ANP2.2,
3264,757RR-D-3,D,3,7,90310.1672,8759.37288,0,1155.4968,114.5152344,0.616750374,CL,ANP2.2,
3265,757RR-D-3,D,3,8,90310.1672,11999.61024,0,1398.33096,136.9449928,0.593461845,CL,ANP2.2,
3266,757RR-D-3,D,3,9,90310.1672,13993.15464,0,1676.4,138.8484356,0.602501247,CL,ANP2.2,
3267,757RR-D-3,D,3,10,90310.1672,18557.96136,0,2286.0,143.1697652,0.622317706,CL,ANP2.2,
3268,757RR-D-3,D,3,11,90310.1672,24686.3616,0,3048.0,148.8286492,0.647088529,CL,ANP2.2,
3269,757RR-D-4,D,4,1,97612.9984,0.0,0,0.0,0.0,0.943665337,TO,ANP2.2,
3270,757RR-D-4,D,4,2,97612.9984,1409.30376,0,0.0,85.8607036,0.783495262,TO,ANP2.2,
3271,757RR-D-4,D,4,3,97612.9984,3445.33728,0,457.2,87.7641464,0.803215212,TO,ANP2.2,
3272,757RR-D-4,D,4,4,97612.9984,3750.13728,0,503.28576,87.969924,0.63096808,CL,ANP2.2,
3273,757RR-D-4,D,4,5,97612.9984,6468.22176,0,914.4,89.770478,0.64433192,CL,ANP2.2,
3274,757RR-D-4,D,4,6,97612.9984,8419.12464,0,1049.24352,106.232686,0.624797257,CL,ANP2.2,
3275,757RR-D-4,D,4,7,97612.9984,9773.50344,0,1142.72568,116.0585664,0.613905237,CL,ANP2.2,
3276,757RR-D-4,D,4,8,97612.9984,13099.26768,0,1366.14408,136.7392152,0.592415461,CL,ANP2.2,
3277,757RR-D-4,D,4,9,97612.9984,15578.7852,0,1676.4,138.8484356,0.602501247,CL,ANP2.2,
3278,757RR-D-4,D,4,10,97612.9984,20681.56392,0,2286.0,143.1697652,0.622317706,CL,ANP2.2,
3279,757RR-D-4,D,4,11,97612.9984,27452.54352,0,3048.0,148.8286492,0.647088529,CL,ANP2.2,
3280,757RR-D-5,D,5,1,106503.4016,0.0,0,0.0,0.0,0.943665337,TO,ANP2.2,
3281,757RR-D-5,D,5,2,106503.4016,1693.10304,0,0.0,89.6675892,0.7763601,TO,ANP2.2,
3282,757RR-D-5,D,5,3,106503.4016,4023.48192,0,457.2,91.6739208,0.796080299,TO,ANP2.2,
3283,757RR-D-5,D,5,4,106503.4016,4328.28192,0,496.91544,91.8796984,0.62470798,CL,ANP2.2,
3284,757RR-D-5,D,5,5,106503.4016,7531.27272,0,914.4,93.7316968,0.638279052,CL,ANP2.2,
3285,757RR-D-5,D,5,6,106503.4016,9629.15016,0,1039.73376,108.804906,0.620600249,CL,ANP2.2,
3286,757RR-D-5,D,5,7,106503.4016,11254.98384,0,1137.26976,118.8880084,0.609434913,CL,ANP2.2,
3287,757RR-D-5,D,5,8,106503.4016,14486.29056,0,1328.50128,136.4819932,0.591192269,CL,ANP2.2,
3288,757RR-D-5,D,5,9,106503.4016,17637.92256,0,1676.4,138.8484356,0.602501247,CL,ANP2.2,
3289,757RR-D-5,D,5,10,106503.4016,23443.44816,0,2286.0,143.1697652,0.622317706,CL,ANP2.2,
3290,757RR-D-5,D,5,11,106503.4016,31277.14344,0,3048.0,148.8286492,0.647088529,CL,ANP2.2,
3291,757RR-D-6,D,6,1,110313.5744,0.0,0,0.0,0.0,0.943665337,TO,ANP2.2,
3292,757RR-D-6,D,6,2,110313.5744,1823.34408,0,0.0,91.2623656,0.773393766,TO,ANP2.2,
3293,757RR-D-6,D,6,3,110313.5744,4286.89008,0,457.2,93.3201416,0.793113716,TO,ANP2.2,
3294,757RR-D-6,D,6,4,110313.5744,4591.69008,0,494.538,93.4744748,0.622113716,CL,ANP2.2,
3295,757RR-D-6,D,6,5,110313.5744,8019.80616,0,914.4,95.429362,0.635762594,CL,ANP2.2,
3296,757RR-D-6,D,6,6,110313.5744,10197.11448,0,1036.89912,109.9366828,0.618726185,CL,ANP2.2,
3297,757RR-D-6,D,6,7,110313.5744,11943.06984,0,1135.6848,120.122674,0.607521197,CL,ANP2.2,
3298,757RR-D-6,D,6,8,110313.5744,15095.61624,0,1312.56024,136.3791044,0.590674314,CL,ANP2.2,
3299,757RR-D-6,D,6,9,110313.5744,18566.98344,0,1676.4,138.8484356,0.602501247,CL,ANP2.2,
3300,757RR-D-6,D,6,10,110313.5744,24691.36032,0,2286.0,143.1697652,0.622317706,CL,ANP2.2,
3301,757RR-D-6,D,6,11,110313.5744,32966.406,0,3048.0,148.8286492,0.647088529,CL,ANP2.2,
3302,757RR-D-7,D,7,1,115665.96,0.0,0,0.0,0.0,0.943665337,TO,ANP2.2,
3303,757RR-D-7,D,7,2,115665.96,2015.21568,0,0.0,93.4744748,0.76931197,TO,ANP2.2,
3304,757RR-D-7,D,7,3,115665.96,4673.52888,0,457.2,95.5322508,0.78903192,TO,ANP2.2,
3305,757RR-D-7,D,7,4,115665.96,4978.32888,0,491.45952,95.686584,0.618550623,CL,ANP2.2,
3306,757RR-D-7,D,7,5,115665.96,8742.39552,0,914.4,97.6929156,0.632299751,CL,ANP2.2,
3307,757RR-D-7,D,7,6,115665.96,11032.236,0,1032.6624,111.5829036,0.616077805,CL,ANP2.2,
3308,757RR-D-7,D,7,7,115665.96,12960.67512,0,1133.00256,121.8717836,0.604761347,CL,ANP2.2,
3309,757RR-D-7,D,7,8,115665.96,16039.21608,0,1293.05304,136.2762156,0.590039152,CL,ANP2.2,
3310,757RR-D-7,D,7,9,115665.96,19967.26512,0,1676.4,138.8484356,0.602501247,CL,ANP2.2,
3311,757RR-D-7,D,7,10,115665.96,26559.0528,0,2286.0,143.1697652,0.622317706,CL,ANP2.2,
3312,757RR-D-7,D,7,11,115665.96,35483.38344,0,3048.0,148.8286492,0.647088529,CL,ANP2.2,
3313,767CF6-A-1,A,1,1,102965.384,-34895.57664,0,1828.8,139.928768,0.043654583,AP,ANP2.2,
3314,767CF6-A-1,A,1,2,102965.384,-17752.58832,0,930.37152,91.2623656,0.039106458,AP,ANP2.2,
3315,767CF6-A-1,A,1,3,102965.384,-17447.78832,0,914.4,90.1305888,0.050067083,AP,ANP2.2,
3316,767CF6-A-1,A,1,4,102965.384,-9028.69416,0,473.17152,75.4174904,0.047473958,AP,ANP2.2,
3317,767CF6-A-1,A,1,5,102965.384,-8723.89416,0,457.2,74.8001576,0.151906667,AP,ANP2.2,
3318,767CF6-A-1,A,1,6,102965.384,-6120.71928,0,320.77152,72.2279376,0.149446667,AP,ANP2.2,
3319,767CF6-A-1,A,1,7,102965.384,-5815.91928,0,304.8,71.9192712,0.190479583,AP,ANP2.2,
3320,767CF6-A-1,A,1,8,102965.384,-304.8,0,15.97152,70.9418276,0.184040833,AP,ANP2.2,
3321,767CF6-A-1,A,1,9,102965.384,0.0,0,0.0,70.8903832,0.183722292,AP,ANP2.2,
3322,767CF6-A-1,A,1,10,102965.384,99.85248,0,0.0,67.2378308,0.1,AP,ANP2.2,
3323,767CF6-A-1,A,1,11,102965.384,898.67232,0,0.0,15.3304312,0.1,AP,ANP2.2,
3324,767CF6-D-1,D,1,1,102965.384,0.0,0,0.0,0.0,0.933455833,TO,ANP2.2,
3325,767CF6-D-1,D,1,2,102965.384,1032.26616,0,0.0,71.3019384,0.793113125,TO,ANP2.2,
3326,767CF6-D-1,D,1,3,102965.384,2168.07288,0,304.8,72.3822708,0.803529792,TO,ANP2.2,
3327,767CF6-D-1,D,1,4,102965.384,2316.35808,0,325.40448,74.851602,0.79955625,CL,ANP2.2,
3328,767CF6-D-1,D,1,5,102965.384,2959.02888,0,407.15184,85.6034816,0.782208125,CL,ANP2.2,
3329,767CF6-D-1,D,1,6,102965.384,3170.9868,0,445.6176,85.7578148,0.667673542,CL,ANP2.2,
3330,767CF6-D-1,D,1,7,102965.384,4352.51352,0,484.08336,106.8500188,0.633494375,CL,ANP2.2,
3331,767CF6-D-1,D,1,8,102965.384,5105.52192,0,519.92784,117.550454,0.617204583,CL,ANP2.2,
3332,767CF6-D-1,D,1,9,102965.384,7212.84816,0,914.4,119.8140076,0.636213333,CL,ANP2.2,
3333,767CF6-D-1,D,1,10,102965.384,8405.622,0,964.57008,134.0641064,0.615208542,CL,ANP2.2,
3334,767CF6-D-1,D,1,11,102965.384,12540.63024,0,1676.4,138.8484356,0.649510417,CL,ANP2.2,
3335,767CF6-D-1,D,1,12,102965.384,16235.38536,0,2286.0,143.1697652,0.678885417,CL,ANP2.2,
3336,767CF6-D-1,D,1,13,102965.384,21087.98424,0,3048.0,148.8286492,0.715604167,CL,ANP2.2,
3337,767CF6-D-2,D,2,1,107047.712,0.0,0,0.0,0.0,0.933455833,TO,ANP2.2,
3338,767CF6-D-2,D,2,2,107047.712,1119.62184,0,0.0,72.7423816,0.790358125,TO,ANP2.2,
3339,767CF6-D-2,D,2,3,107047.712,2324.00856,0,304.8,73.7712696,0.800774792,TO,ANP2.2,
3340,767CF6-D-2,D,2,4,107047.712,2492.502,0,326.86752,76.4463784,0.796585208,CL,ANP2.2,
3341,767CF6-D-2,D,2,5,107047.712,3183.36168,0,409.77312,87.198258,0.779276875,CL,ANP2.2,
3342,767CF6-D-2,D,2,6,107047.712,3419.7036,0,450.22008,87.3525912,0.66519375,CL,ANP2.2,
3343,767CF6-D-2,D,2,7,107047.712,4668.56064,0,490.69752,107.9303512,0.63201125,CL,ANP2.2,
3344,767CF6-D-2,D,2,8,107047.712,5482.01088,0,529.04136,118.6307864,0.615842083,CL,ANP2.2,
3345,767CF6-D-2,D,2,9,107047.712,7656.1188,0,914.4,120.89434,0.634411667,CL,ANP2.2,
3346,767CF6-D-2,D,2,10,107047.712,8836.97496,0,963.86904,134.0641064,0.615175,CL,ANP2.2,
3347,767CF6-D-2,D,2,11,107047.712,13193.38992,0,1676.4,138.8484356,0.649510417,CL,ANP2.2,
3348,767CF6-D-2,D,2,12,107047.712,17083.64376,0,2286.0,143.1697652,0.678885417,CL,ANP2.2,
3349,767CF6-D-2,D,2,13,107047.712,22195.32264,0,3048.0,148.8286492,0.715604167,CL,ANP2.2,
3350,JET-LARGE-D-3,D,3,1,111266.1176,0.0,0,0.0,0.0,0.933455833,TO,ANP2.2,
3351,JET-LARGE-D-3,D,3,2,111266.1176,1213.866,0,0.0,74.1313804,0.787565833,TO,ANP2.2,
3352,JET-LARGE-D-3,D,3,3,111266.1176,2491.06944,0,304.8,75.2117128,0.7979825,TO,ANP2.2,
3353,JET-LARGE-D-3,D,3,4,111266.1176,2680.77696,0,328.20864,77.9897104,0.79361,CL,ANP2.2,
3354,JET-LARGE-D-3,D,3,5,111266.1176,3423.666,0,412.30296,88.74159,0.7763425,CL,ANP2.2,
3355,JET-LARGE-D-3,D,3,6,111266.1176,3695.30376,0,456.07224,88.9473676,0.662772083,CL,ANP2.2,
3356,JET-LARGE-D-3,D,3,7,111266.1176,5055.44328,0,499.81104,109.576572,0.629747917,CL,ANP2.2,
3357,JET-LARGE-D-3,D,3,8,111266.1176,5940.61296,0,540.92856,120.2770072,0.613713125,CL,ANP2.2,
3358,JET-LARGE-D-3,D,3,9,111266.1176,8170.49928,0,914.4,122.4891164,0.631709167,CL,ANP2.2,
3359,JET-LARGE-D-3,D,3,10,111266.1176,9282.92784,0,960.7296,134.0641064,0.61502375,CL,ANP2.2,
3360,JET-LARGE-D-3,D,3,11,111266.1176,13888.54728,0,1676.4,138.8484356,0.649510417,CL,ANP2.2,
3361,JET-LARGE-D-3,D,3,12,111266.1176,17985.30312,0,2286.0,143.1697652,0.678885417,CL,ANP2.2,
3362,JET-LARGE-D-3,D,3,13,111266.1176,23370.9972,0,3048.0,148.8286492,0.715604167,CL,ANP2.2,
3363,767CF6-D-4,D,4,1,118568.9488,0.0,0,0.0,0.0,0.933455833,TO,ANP2.2,
3364,767CF6-D-4,D,4,2,118568.9488,1386.71808,0,0.0,76.5492672,0.782854375,TO,ANP2.2,
3365,767CF6-D-4,D,4,3,118568.9488,2795.13792,0,304.8,77.681044,0.793271042,TO,ANP2.2,
3366,767CF6-D-4,D,4,4,118568.9488,3023.12832,0,330.31176,80.6133748,0.78864625,CL,ANP2.2,
3367,767CF6-D-4,D,4,5,118568.9488,3862.36464,0,416.53968,91.3652544,0.771451667,CL,ANP2.2,
3368,767CF6-D-4,D,4,6,118568.9488,4167.16464,0,460.8576,91.571032,0.658498958,CL,ANP2.2,
3369,767CF6-D-4,D,4,7,118568.9488,5779.67856,0,516.66648,112.3031252,0.626056458,CL,ANP2.2,
3370,767CF6-D-4,D,4,8,118568.9488,6801.33768,0,563.05704,123.0550048,0.610274375,CL,ANP2.2,
3371,767CF6-D-4,D,4,9,118568.9488,9107.51544,0,914.4,125.1642252,0.627205,CL,ANP2.2,
3372,767CF6-D-4,D,4,10,118568.9488,10068.51936,0,954.024,134.012662,0.614701042,CL,ANP2.2,
3373,767CF6-D-4,D,4,11,118568.9488,15130.97304,0,1676.4,138.8484356,0.649510417,CL,ANP2.2,
3374,767CF6-D-4,D,4,12,118568.9488,19596.6588,0,2286.0,143.1697652,0.678885417,CL,ANP2.2,
3375,767CF6-D-4,D,4,13,118568.9488,25472.7456,0,3048.0,148.8286492,0.715604167,CL,ANP2.2,
3376,767CF6-D-5,D,5,1,127731.5072,0.0,0,0.0,0.0,0.933455833,TO,ANP2.2,
3377,767CF6-D-5,D,5,2,127731.5072,1621.13976,0,0.0,79.4301536,0.777143542,TO,ANP2.2,
3378,767CF6-D-5,D,5,3,127731.5072,3204.24048,0,304.8,80.6133748,0.787560208,TO,ANP2.2,
3379,767CF6-D-5,D,5,4,127731.5072,3435.82752,0,327.90384,83.1855948,0.783528958,CL,ANP2.2,
3380,767CF6-D-5,D,5,5,127731.5072,4402.28736,0,416.93592,93.9889188,0.766429375,CL,ANP2.2,
3381,767CF6-D-5,D,5,6,127731.5072,4707.08736,0,456.16368,94.1946964,0.653768958,CL,ANP2.2,
3382,767CF6-D-5,D,5,7,127731.5072,6731.11176,0,535.47264,115.0296784,0.622457917,CL,ANP2.2,
3383,767CF6-D-5,D,5,8,127731.5072,7942.41744,0,589.20888,125.8330024,0.60703,CL,ANP2.2,
3384,767CF6-D-5,D,5,9,127731.5072,10328.4528,0,914.4,127.839334,0.622700833,CL,ANP2.2,
3385,767CF6-D-5,D,5,10,127731.5072,11097.88992,0,945.82488,133.9612176,0.614305625,CL,ANP2.2,
3386,767CF6-D-5,D,5,11,127731.5072,16766.31648,0,1676.4,138.8484356,0.649510417,CL,ANP2.2,
3387,767CF6-D-5,D,5,12,127731.5072,21716.66472,0,2286.0,143.1697652,0.678885417,CL,ANP2.2,
3388,767CF6-D-5,D,5,13,127731.5072,28238.74464,0,3048.0,148.8286492,0.715604167,CL,ANP2.2,
3389,767CF6-D-6,D,6,1,137574.4536,0.0,0,0.0,0.0,0.933455833,TO,ANP2.2,
3390,767CF6-D-6,D,6,2,137574.4536,1895.00256,0,0.0,82.4653732,0.771232708,TO,ANP2.2,
3391,767CF6-D-6,D,6,3,137574.4536,3679.78944,0,304.8,83.6485944,0.781649375,TO,ANP2.2,
3392,767CF6-D-6,D,6,4,137574.4536,3957.09648,0,329.3364,86.3237032,0.777535417,CL,ANP2.2,
3393,767CF6-D-6,D,6,5,137574.4536,5079.30912,0,421.20312,97.1270272,0.760533333,CL,ANP2.2,
3394,767CF6-D-6,D,6,6,137574.4536,5384.10912,0,455.73696,97.3328048,0.6483425,CL,ANP2.2,
3395,767CF6-D-6,D,6,7,137574.4536,7970.73336,0,564.00192,118.32212,0.618428125,CL,ANP2.2,
3396,767CF6-D-6,D,6,8,137574.4536,9430.54248,0,627.00408,129.2283328,0.603446875,CL,ANP2.2,
3397,767CF6-D-6,D,6,9,137574.4536,11799.23472,0,914.4,131.0803312,0.617295833,CL,ANP2.2,
3398,767CF6-D-6,D,6,10,137574.4536,12211.41576,0,931.04208,133.8583288,0.613593333,CL,ANP2.2,
3399,767CF6-D-6,D,6,11,137574.4536,18626.35848,0,1676.4,138.8484356,0.649510417,CL,ANP2.2,
3400,767CF6-D-6,D,6,12,137574.4536,24126.87072,0,2286.0,143.1697652,0.678885417,CL,ANP2.2,
3401,767CF6-D-6,D,6,13,137574.4536,31384.52448,0,3048.0,148.8286492,0.715604167,CL,ANP2.2,
3402,767CF6-D-7,D,7,1,143108.276,0.0,0,0.0,0.0,0.933455833,TO,ANP2.2,
3403,767CF6-D-7,D,7,2,143108.276,2059.10688,0,0.0,84.0601496,0.768002292,TO,ANP2.2,
3404,767CF6-D-7,D,7,3,143108.276,3964.3812,0,304.8,85.3462596,0.778418958,TO,ANP2.2,
3405,767CF6-D-7,D,7,4,143108.276,4253.27064,0,328.78776,87.8670352,0.774495,CL,ANP2.2,
3406,767CF6-D-7,D,7,5,143108.276,5469.69696,0,422.39184,98.7218036,0.757552292,CL,ANP2.2,
3407,767CF6-D-7,D,7,6,143108.276,5774.49696,0,454.57872,98.8761368,0.645584375,CL,ANP2.2,
3408,767CF6-D-7,D,7,7,143108.276,8736.42144,0,581.34504,120.0197852,0.616560625,CL,ANP2.2,
3409,767CF6-D-7,D,7,8,143108.276,10355.33616,0,650.26032,130.9774424,0.601864583,CL,ANP2.2,
3410,767CF6-D-7,D,7,9,143108.276,12673.67544,0,914.4,132.6751076,0.614593333,CL,ANP2.2,
3411,767CF6-D-7,D,7,10,143108.276,12854.42184,0,921.65424,133.8068844,0.613141042,CL,ANP2.2,
3412,767CF6-D-7,D,7,11,143108.276,19725.37584,0,1676.4,138.8484356,0.649510417,CL,ANP2.2,
3413,767CF6-D-7,D,7,12,143108.276,25549.67712,0,2286.0,143.1697652,0.678885417,CL,ANP2.2,
3414,767CF6-D-7,D,7,13,143108.276,33241.39656,0,3048.0,148.8286492,0.715604167,CL,ANP2.2,
3415,767JT9-A-1,A,1,1,103645.772,-34895.57664,0,1828.8,139.928768,0.003745208,AP,ANP2.2,
3416,767JT9-A-1,A,1,2,103645.772,-17752.58832,0,930.37152,91.2623656,0.003354375,AP,ANP2.2,
3417,767JT9-A-1,A,1,3,103645.772,-17447.78832,0,914.4,90.1305888,0.055731042,AP,ANP2.2,
3418,767JT9-A-1,A,1,4,103645.772,-9028.69416,0,473.17152,75.4174904,0.052844792,AP,ANP2.2,
3419,767JT9-A-1,A,1,5,103645.772,-8723.89416,0,457.2,74.8001576,0.154586875,AP,ANP2.2,
3420,767JT9-A-1,A,1,6,103645.772,-6120.71928,0,320.77152,72.2279376,0.152083333,AP,ANP2.2,
3421,767JT9-A-1,A,1,7,103645.772,-5815.91928,0,304.8,71.9192712,0.197322292,AP,ANP2.2,
3422,767JT9-A-1,A,1,8,103645.772,-304.8,0,15.97152,70.9418276,0.190652292,AP,ANP2.2,
3423,767JT9-A-1,A,1,9,103645.772,0.0,0,0.0,70.8903832,0.190321042,AP,ANP2.2,
3424,767JT9-A-1,A,1,10,103645.772,101.07168,0,0.0,67.2378308,0.1,AP,ANP2.2,
3425,767JT9-A-1,A,1,11,103645.772,909.64512,0,0.0,15.3304312,0.1,AP,ANP2.2,
3426,767JT9-D-1,D,1,1,103645.772,0.0,0,0.0,0.0,0.901137708,TO,ANP2.2,
3427,767JT9-D-1,D,1,2,103645.772,908.88312,0,0.0,71.5591604,0.789576875,TO,ANP2.2,
3428,767JT9-D-1,D,1,3,103645.772,2062.09392,0,304.8,72.6394928,0.807826875,TO,ANP2.2,
3429,767JT9-D-1,D,1,4,103645.772,2226.68592,0,327.14184,75.366046,0.805027292,CL,ANP2.2,
3430,767JT9-D-1,D,1,5,103645.772,2861.98056,0,405.9936,86.1179256,0.793790625,CL,ANP2.2,
3431,767JT9-D-1,D,1,6,103645.772,3036.81384,0,440.2836,86.2722588,0.703155417,CL,ANP2.2,
3432,767JT9-D-1,D,1,7,103645.772,4106.5704,0,474.5736,106.7985744,0.6762725,CL,ANP2.2,
3433,767JT9-D-1,D,1,8,103645.772,4798.9236,0,507.55296,117.4990096,0.663001875,CL,ANP2.2,
3434,767JT9-D-1,D,1,9,103645.772,6840.1692,0,914.4,119.8140076,0.676627917,CL,ANP2.2,
3435,767JT9-D-1,D,1,10,103645.772,7945.8312,0,960.91248,134.0641064,0.659497708,CL,ANP2.2,
3436,767JT9-D-1,D,1,11,103645.772,11887.0476,0,1676.4,138.8484356,0.68346125,CL,ANP2.2,
3437,767JT9-D-1,D,1,12,103645.772,15470.76408,0,2286.0,143.1697652,0.703877917,CL,ANP2.2,
3438,767JT9-D-1,D,1,13,103645.772,20281.94064,0,3048.0,148.8286492,0.72939875,CL,ANP2.2,
3439,767JT9-D-2,D,2,1,107773.4592,0.0,0,0.0,0.0,0.901137708,TO,ANP2.2,
3440,767JT9-D-2,D,2,2,107773.4592,985.44888,0,0.0,72.9481592,0.787377083,TO,ANP2.2,
3441,767JT9-D-2,D,2,3,107773.4592,2207.8188,0,304.8,74.0284916,0.805627083,TO,ANP2.2,
3442,767JT9-D-2,D,2,4,107773.4592,2392.92384,0,328.48296,76.9608224,0.80271375,CL,ANP2.2,
3443,767JT9-D-2,D,2,5,107773.4592,3075.03576,0,408.37104,87.712702,0.791538333,CL,ANP2.2,
3444,767JT9-D-2,D,2,6,107773.4592,3274.34448,0,445.22136,87.8670352,0.701163958,CL,ANP2.2,
3445,767JT9-D-2,D,2,7,107773.4592,4434.50472,0,482.07168,108.4447952,0.674367083,CL,ANP2.2,
3446,767JT9-D-2,D,2,8,107773.4592,5185.07472,0,517.30656,119.093786,0.661172083,CL,ANP2.2,
3447,767JT9-D-2,D,2,9,107773.4592,7291.51704,0,914.4,121.4602284,0.674471667,CL,ANP2.2,
3448,767JT9-D-2,D,2,10,107773.4592,8341.4616,0,958.2912,134.012662,0.659410625,CL,ANP2.2,
3449,767JT9-D-2,D,2,11,107773.4592,12506.34024,0,1676.4,138.8484356,0.68346125,CL,ANP2.2,
3450,767JT9-D-2,D,2,12,107773.4592,16282.29408,0,2286.0,143.1697652,0.703877917,CL,ANP2.2,
3451,767JT9-D-2,D,2,13,107773.4592,21355.01952,0,3048.0,148.8286492,0.72939875,CL,ANP2.2,
3452,767JT9-D-3,D,3,1,112037.224,0.0,0,0.0,0.0,0.901137708,TO,ANP2.2,
3453,767JT9-D-3,D,3,2,112037.224,1067.98872,0,0.0,74.3886024,0.785148542,TO,ANP2.2,
3454,767JT9-D-3,D,3,3,112037.224,2363.75448,0,304.8,75.5203792,0.803398542,TO,ANP2.2,
3455,767JT9-D-3,D,3,4,112037.224,2533.4976,0,325.34352,77.9897104,0.800930417,CL,ANP2.2,
3456,767JT9-D-3,D,3,5,112037.224,3263.55456,0,406.57272,88.74159,0.789835,CL,ANP2.2,
3457,767JT9-D-3,D,3,6,112037.224,3496.75704,0,447.23304,88.8959232,0.69979375,CL,ANP2.2,
3458,767JT9-D-3,D,3,7,112037.224,4783.6836,0,487.89336,110.0395716,0.672405417,CL,ANP2.2,
3459,767JT9-D-3,D,3,8,112037.224,5597.83488,0,525.56664,120.7400068,0.6592925,CL,ANP2.2,
3460,767JT9-D-3,D,3,9,112037.224,7778.67888,0,914.4,123.0550048,0.672315417,CL,ANP2.2,
3461,767JT9-D-3,D,3,10,112037.224,8759.83008,0,955.18224,134.012662,0.65930625,CL,ANP2.2,
3462,767JT9-D-3,D,3,11,112037.224,13164.4644,0,1676.4,138.8484356,0.68346125,CL,ANP2.2,
3463,767JT9-D-3,D,3,12,112037.224,17143.53696,0,2286.0,143.1697652,0.703877917,CL,ANP2.2,
3464,767JT9-D-3,D,3,13,112037.224,22493.23416,0,3048.0,148.8286492,0.72939875,CL,ANP2.2,
3465,767JT9-D-4,D,4,1,119566.8512,0.0,0,0.0,0.0,0.901137708,TO,ANP2.2,
3466,767JT9-D-4,D,4,2,119566.8512,1222.30896,0,0.0,76.8579336,0.781314375,TO,ANP2.2,
3467,767JT9-D-4,D,4,3,119566.8512,2652.9792,0,304.8,77.9897104,0.799564375,TO,ANP2.2,
3468,767JT9-D-4,D,4,4,119566.8512,2853.29376,0,326.7456,80.5619304,0.797025208,CL,ANP2.2,
3469,767JT9-D-4,D,4,5,119566.8512,3678.3264,0,410.01696,91.3652544,0.7860525,CL,ANP2.2,
3470,767JT9-D-4,D,4,6,119566.8512,3964.10688,0,455.12736,91.571032,0.696465,CL,ANP2.2,
3471,767JT9-D-4,D,4,7,119566.8512,5404.80504,0,500.23776,112.2002364,0.669944583,CL,ANP2.2,
3472,767JT9-D-4,D,4,8,119566.8512,6336.88344,0,542.60496,122.952116,0.656987917,CL,ANP2.2,
3473,767JT9-D-4,D,4,9,119566.8512,8625.90096,0,914.4,125.1642252,0.669440417,CL,ANP2.2,
3474,767JT9-D-4,D,4,10,119566.8512,9512.86896,0,950.976,133.9612176,0.659165417,CL,ANP2.2,
3475,767JT9-D-4,D,4,11,119566.8512,14349.28296,0,1676.4,138.8484356,0.68346125,CL,ANP2.2,
3476,767JT9-D-4,D,4,12,119566.8512,18699.08376,0,2286.0,143.1697652,0.703877917,CL,ANP2.2,
3477,767JT9-D-4,D,4,13,119566.8512,24555.6024,0,3048.0,148.8286492,0.72939875,CL,ANP2.2,
3478,767JT9-D-5,D,5,1,129092.2832,0.0,0,0.0,0.0,0.901137708,TO,ANP2.2,
3479,767JT9-D-5,D,5,2,129092.2832,1433.38296,0,0.0,79.8417088,0.776632917,TO,ANP2.2,
3480,767JT9-D-5,D,5,3,129092.2832,3045.28728,0,304.8,81.02493,0.794882917,TO,ANP2.2,
3481,767JT9-D-5,D,5,4,129092.2832,3284.6772,0,328.08672,83.7000388,0.792317292,CL,ANP2.2,
3482,767JT9-D-5,D,5,5,129092.2832,4241.1396,0,413.94888,94.5033628,0.781500417,CL,ANP2.2,
3483,767JT9-D-5,D,5,6,129092.2832,4545.9396,0,456.52944,94.7091404,0.692199167,CL,ANP2.2,
3484,767JT9-D-5,D,5,7,129092.2832,6336.42624,0,520.1412,115.4412336,0.666298333,CL,ANP2.2,
3485,767JT9-D-5,D,5,8,129092.2832,7445.3496,0,569.15304,126.2445576,0.653564792,CL,ANP2.2,
3486,767JT9-D-5,D,5,9,129092.2832,9827.8188,0,914.4,128.4052224,0.665127917,CL,ANP2.2,
3487,767JT9-D-5,D,5,10,129092.2832,10474.42152,0,940.7652,133.9097732,0.658823125,CL,ANP2.2,
3488,767JT9-D-5,D,5,11,129092.2832,15922.66056,0,1676.4,138.8484356,0.68346125,CL,ANP2.2,
3489,767JT9-D-5,D,5,12,129092.2832,20765.04864,0,2286.0,143.1697652,0.703877917,CL,ANP2.2,
3490,767JT9-D-5,D,5,13,129092.2832,27297.70512,0,3048.0,148.8286492,0.72939875,CL,ANP2.2,
3491,767JT9-D-6,D,6,1,139207.3848,0.0,0,0.0,0.0,0.901137708,TO,ANP2.2,
3492,767JT9-D-6,D,6,2,139207.3848,1677.13152,0,0.0,82.9283728,0.771847083,TO,ANP2.2,
3493,767JT9-D-6,D,6,3,139207.3848,3495.96456,0,304.8,84.1630384,0.790097083,TO,ANP2.2,
3494,767JT9-D-6,D,6,4,139207.3848,3775.34424,0,328.8792,86.8381472,0.787577917,CL,ANP2.2,
3495,767JT9-D-6,D,6,5,139207.3848,4886.00496,0,417.51504,97.6414712,0.776925625,CL,ANP2.2,
3496,767JT9-D-6,D,6,6,139207.3848,5190.80496,0,455.09688,97.8472488,0.687838333,CL,ANP2.2,
3497,767JT9-D-6,D,6,7,139207.3848,7456.56624,0,543.94608,118.7336752,0.662782917,CL,ANP2.2,
3498,767JT9-D-6,D,6,8,139207.3848,8785.61616,0,601.09608,129.5884436,0.650322708,CL,ANP2.2,
3499,767JT9-D-6,D,6,9,139207.3848,11212.34232,0,914.4,131.5947752,0.660815417,CL,ANP2.2,
3500,767JT9-D-6,D,6,10,139207.3848,11516.07552,0,926.62248,133.8068844,0.658350208,CL,ANP2.2,
3501,767JT9-D-6,D,6,11,139207.3848,17688.42792,0,1676.4,138.8484356,0.68346125,CL,ANP2.2,
3502,767JT9-D-6,D,6,12,139207.3848,23085.43008,0,2286.0,143.1697652,0.703877917,CL,ANP2.2,
3503,767JT9-D-6,D,6,13,139207.3848,30383.16504,0,3048.0,148.8286492,0.72939875,CL,ANP2.2,
3504,767JT9-D-7,D,7,1,143834.0232,0.0,0,0.0,0.0,0.901137708,TO,ANP2.2,
3505,767JT9-D-7,D,7,2,143834.0232,1795.39392,0,0.0,84.3173716,0.769716042,TO,ANP2.2,
3506,767JT9-D-7,D,7,3,143834.0232,3714.41472,0,304.8,85.5520372,0.787966042,TO,ANP2.2,
3507,767JT9-D-7,D,7,4,143834.0232,4033.60128,0,330.8604,88.3814792,0.785301667,CL,ANP2.2,
3508,767JT9-D-7,D,7,5,143834.0232,5221.86408,0,420.624,99.2362476,0.774718958,CL,ANP2.2,
3509,767JT9-D-7,D,7,6,143834.0232,5526.66408,0,456.22464,99.3905808,0.685719792,CL,ANP2.2,
3510,767JT9-D-7,D,7,7,143834.0232,7971.49536,0,554.24832,119.865452,0.661690625,CL,ANP2.2,
3511,767JT9-D-7,D,7,8,143834.0232,9409.66368,0,615.5436,130.7716648,0.649368958,CL,ANP2.2,
3512,767JT9-D-7,D,7,9,143834.0232,11843.58312,0,914.4,132.6751076,0.659377917,CL,ANP2.2,
3513,767JT9-D-7,D,7,10,143834.0232,12006.80352,0,920.9532,133.8068844,0.658159792,CL,ANP2.2,
3514,767JT9-D-7,D,7,11,143834.0232,18523.64088,0,1676.4,138.8484356,0.68346125,CL,ANP2.2,
3515,767JT9-D-7,D,7,12,143834.0232,24186.09336,0,2286.0,143.1697652,0.703877917,CL,ANP2.2,
3516,767JT9-D-7,D,7,13,143834.0232,31851.35616,0,3048.0,148.8286492,0.72939875,CL,ANP2.2,
3517,7773ER-A-1,A,1,1,228428.9312,-45990.14424,0,1828.8,139.8773236,0.025529478,AP,ANP2.2,
3518,7773ER-A-1,A,1,2,228428.9312,-28542.32544,0,914.4,133.7039956,0.022112087,AP,ANP2.2,
3519,7773ER-A-1,A,1,3,228428.9312,-22276.9176,0,914.4,112.663236,0.031424435,AP,ANP2.2,
3520,7773ER-A-1,A,1,4,228428.9312,-19234.80024,0,914.4,99.1848032,0.037395739,AP,ANP2.2,
3521,7773ER-A-1,A,1,5,228428.9312,-17447.78832,0,914.4,91.1594768,0.040950087,AP,ANP2.2,
3522,7773ER-A-1,A,1,6,228428.9312,-16007.82168,0,838.93152,81.02493,0.045022957,AP,ANP2.2,
3523,7773ER-A-1,A,1,7,228428.9312,-15703.02168,0,822.96,78.709932,0.201701391,AP,ANP2.2,
3524,7773ER-A-1,A,1,8,228428.9312,-304.8,0,15.97152,75.7776012,0.183120174,AP,ANP2.2,
3525,7773ER-A-1,A,1,9,228428.9312,0.0,0,0.0,75.7261568,0.182797304,AP,ANP2.2,
3526,7773ER-A-1,A,1,10,228428.9312,130.18008,0,0.0,72.0736044,0.1,AP,ANP2.2,
3527,7773ER-A-1,A,1,11,228428.9312,1171.4988,0,0.0,15.3304312,0.1,AP,ANP2.2,
3528,7773ER-D-1,D,1,1,228428.9312,0.0,0,0.0,0.0,0.976539043,TO,ANP2.2,
3529,7773ER-D-1,D,1,2,228428.9312,1131.99672,0,0.0,87.1468136,0.798818522,TO,ANP2.2,
3530,7773ER-D-1,D,1,3,228428.9312,2626.03488,0,457.2,89.1017008,0.805754696,TO,ANP2.2,
3531,7773ER-D-1,D,1,4,228428.9312,2930.83488,0,521.87856,89.4103672,0.642227391,CL,ANP2.2,
3532,7773ER-D-1,D,1,5,228428.9312,4780.3308,0,914.4,91.1080324,0.654612174,CL,ANP2.2,
3533,7773ER-D-1,D,1,6,228428.9312,6887.35224,0,1104.47328,113.3834576,0.619471826,CL,ANP2.2,
3534,7773ER-D-1,D,1,7,228428.9312,7505.7,0,1159.97736,119.093786,0.610845826,CL,ANP2.2,
3535,7773ER-D-1,D,1,8,228428.9312,8517.39216,0,1341.12,120.1741184,0.616434609,CL,ANP2.2,
3536,7773ER-D-1,D,1,9,228428.9312,11014.06992,0,1578.2544,138.1796584,0.59264287,CL,ANP2.2,
3537,7773ER-D-1,D,1,10,228428.9312,20508.83376,0,3048.0,148.8286492,0.635945304,CL,ANP2.2,
3538,7773ER-D-2,D,2,1,235459.6072,0.0,0,0.0,0.0,0.976539043,TO,ANP2.2,
3539,7773ER-D-2,D,2,2,235459.6072,1206.82512,0,0.0,88.484368,0.796104261,TO,ANP2.2,
3540,7773ER-D-2,D,2,3,235459.6072,2770.05288,0,457.2,90.4906996,0.803040435,TO,ANP2.2,
3541,7773ER-D-2,D,2,4,235459.6072,3074.85288,0,518.86104,90.7479216,0.639439739,CL,ANP2.2,
3542,7773ER-D-2,D,2,5,235459.6072,5029.8096,0,914.4,92.4970312,0.651920522,CL,ANP2.2,
3543,7773ER-D-2,D,2,6,235459.6072,7783.03752,0,1148.69976,119.0423416,0.610495565,CL,ANP2.2,
3544,7773ER-D-2,D,2,7,235459.6072,8481.30384,0,1207.40424,124.8041144,0.60196513,CL,ANP2.2,
3545,7773ER-D-2,D,2,8,235459.6072,9096.32928,0,1310.64,125.4728916,0.605149304,CL,ANP2.2,
3546,7773ER-D-2,D,2,9,235459.6072,10863.77304,0,1471.48296,137.4594368,0.589386348,CL,ANP2.2,
3547,7773ER-D-2,D,2,10,235459.6072,21414.36408,0,3048.0,148.8286492,0.635945304,CL,ANP2.2,
3548,7773ER-D-3,D,3,1,243170.6712,0.0,0,0.0,0.0,0.976539043,TO,ANP2.2,
3549,7773ER-D-3,D,3,2,243170.6712,1291.92528,0,0.0,89.9248112,0.793173565,TO,ANP2.2,
3550,7773ER-D-3,D,3,3,243170.6712,2932.45032,0,457.2,91.9311428,0.800109739,TO,ANP2.2,
3551,7773ER-D-3,D,3,4,243170.6712,3237.25032,0,515.78256,92.1883648,0.636435217,CL,ANP2.2,
3552,7773ER-D-3,D,3,5,243170.6712,5311.23144,0,914.4,93.9889188,0.649014261,CL,ANP2.2,
3553,7773ER-D-3,D,3,6,243170.6712,8042.63568,0,1136.26392,118.9908972,0.61011087,CL,ANP2.2,
3554,7773ER-D-3,D,3,7,243170.6712,8769.33984,0,1194.90744,124.75267,0.601578957,CL,ANP2.2,
3555,7773ER-D-3,D,3,8,243170.6712,9298.77744,0,1280.16,125.267114,0.604210609,CL,ANP2.2,
3556,7773ER-D-3,D,3,9,243170.6712,11130.16824,0,1440.45432,137.2536592,0.588437478,CL,ANP2.2,
3557,7773ER-D-3,D,3,10,243170.6712,22351.34976,0,3048.0,148.8286492,0.635945304,CL,ANP2.2,
3558,7773ER-D-4,D,4,1,256642.3536,0.0,0,0.0,0.0,0.976539043,TO,ANP2.2,
3559,7773ER-D-4,D,4,2,256642.3536,1448.16576,0,0.0,92.3941424,0.788162783,TO,ANP2.2,
3560,7773ER-D-4,D,4,3,256642.3536,3227.46624,0,457.2,94.4519184,0.795098957,TO,ANP2.2,
3561,7773ER-D-4,D,4,4,256642.3536,3532.26624,0,510.87528,94.7091404,0.631310348,CL,ANP2.2,
3562,7773ER-D-4,D,4,5,256642.3536,5823.26496,0,914.4,96.5611388,0.644045217,CL,ANP2.2,
3563,7773ER-D-4,D,4,6,256642.3536,8491.14888,0,1114.59264,118.836564,0.609438435,CL,ANP2.2,
3564,7773ER-D-4,D,4,7,256642.3536,9268.6632,0,1173.11424,124.5983368,0.600904,CL,ANP2.2,
3565,7773ER-D-4,D,4,8,256642.3536,9779.508,0,1249.68,125.0613364,0.603270783,CL,ANP2.2,
3566,7773ER-D-4,D,4,9,256642.3536,11732.91024,0,1409.42568,137.0478816,0.587487304,CL,ANP2.2,
3567,7773ER-D-4,D,4,10,256642.3536,24030.09672,0,3048.0,148.8286492,0.635945304,CL,ANP2.2,
3568,7773ER-D-5,D,5,1,273379.8984,0.0,0,0.0,0.0,0.976539043,TO,ANP2.2,
3569,7773ER-D-5,D,5,2,273379.8984,1655.91744,0,0.0,95.3779176,0.78211713,TO,ANP2.2,
3570,7773ER-D-5,D,5,3,273379.8984,3614.80608,0,457.2,97.487138,0.789053304,TO,ANP2.2,
3571,7773ER-D-5,D,5,4,273379.8984,3919.60608,0,505.54128,97.6929156,0.62514487,CL,ANP2.2,
3572,7773ER-D-5,D,5,5,273379.8984,6497.7264,0,914.4,99.6992472,0.638049913,CL,ANP2.2,
3573,7773ER-D-5,D,5,6,273379.8984,9037.99056,0,1087.64832,118.6822308,0.608601652,CL,ANP2.2,
3574,7773ER-D-5,D,5,7,273379.8984,9880.7016,0,1145.98704,124.4440036,0.600064087,CL,ANP2.2,
3575,7773ER-D-5,D,5,8,273379.8984,11961.20544,0,1303.90392,136.32766,0.584246087,CL,ANP2.2,
3576,7773ER-D-5,D,5,9,273379.8984,26178.93672,0,3048.0,148.8286492,0.635945304,CL,ANP2.2,
3577,7773ER-D-6,D,6,1,291478.2192,0.0,0,0.0,0.0,0.976539043,TO,ANP2.2,
3578,7773ER-D-6,D,6,2,291478.2192,1897.74576,0,0.0,98.4645816,0.775784609,TO,ANP2.2,
3579,7773ER-D-6,D,6,3,291478.2192,4060.698,0,457.2,100.6766908,0.78272087,TO,ANP2.2,
3580,7773ER-D-6,D,6,4,291478.2192,4365.498,0,500.51208,100.8824684,0.61870513,CL,ANP2.2,
3581,7773ER-D-6,D,6,5,291478.2192,7278.38016,0,914.4,102.9402444,0.631770261,CL,ANP2.2,
3582,7773ER-D-6,D,6,6,291478.2192,9614.85504,0,1058.53992,118.5278976,0.607696696,CL,ANP2.2,
3583,7773ER-D-6,D,6,7,291478.2192,10530.74856,0,1116.69576,124.2896704,0.599155826,CL,ANP2.2,
3584,7773ER-D-6,D,6,8,291478.2192,12787.51824,0,1274.09448,136.1218824,0.583328087,CL,ANP2.2,
3585,7773ER-D-6,D,6,9,291478.2192,28609.35096,0,3048.0,148.8286492,0.635945304,CL,ANP2.2,
3586,7773ER-D-7,D,7,1,310483.724,0.0,0,0.0,0.0,0.976539043,TO,ANP2.2,
3587,7773ER-D-7,D,7,2,310483.724,2171.30376,0,0.0,101.60269,0.769343043,TO,ANP2.2,
3588,7773ER-D-7,D,7,3,310483.724,4560.60048,0,457.2,103.8662436,0.776279217,TO,ANP2.2,
3589,7773ER-D-7,D,7,4,310483.724,4865.40048,0,495.9096,104.0720212,0.612170696,CL,ANP2.2,
3590,7773ER-D-7,D,7,5,310483.724,8160.59328,0,914.4,106.232686,0.625382261,CL,ANP2.2,
3591,7773ER-D-7,D,7,6,310483.724,10200.61968,0,1027.96848,118.3735644,0.606745478,CL,ANP2.2,
3592,7773ER-D-7,D,7,7,310483.724,11196.6756,0,1085.94144,124.0838928,0.598201043,CL,ANP2.2,
3593,7773ER-D-7,D,7,8,310483.724,13645.5912,0,1242.822,135.9161048,0.58236313,CL,ANP2.2,
3594,7773ER-D-7,D,7,9,310483.724,31275.71088,0,3048.0,148.8286492,0.635945304,CL,ANP2.2,
3595,7773ER-D-8,D,8,1,330623.2088,0.0,0,0.0,0.0,0.976539043,TO,ANP2.2,
3596,7773ER-D-8,D,8,2,330623.2088,2483.44944,0,0.0,104.8951316,0.762728696,TO,ANP2.2,
3597,7773ER-D-8,D,8,3,330623.2088,5299.4052,0,457.2,107.2101296,0.76966487,TO,ANP2.2,
3598,7773ER-D-8,D,8,4,330623.2088,5604.2052,0,489.56976,107.3644628,0.605410087,CL,ANP2.2,
3599,7773ER-D-8,D,8,5,330623.2088,9602.48016,0,914.4,109.6280164,0.61882313,CL,ANP2.2,
3600,7773ER-D-8,D,8,6,330623.2088,11224.29048,0,995.59872,118.1677868,0.605735826,CL,ANP2.2,
3601,7773ER-D-8,D,8,7,330623.2088,12309.22608,0,1053.35832,123.8781152,0.597187652,CL,ANP2.2,
3602,7773ER-D-8,D,8,8,330623.2088,15714.81744,0,1251.63072,138.6941024,0.577461217,CL,ANP2.2,
3603,7773ER-D-8,D,8,9,330623.2088,35261.88528,0,3048.0,151.8124244,0.630771391,CL,ANP2.2,
3604,7773ER-D-9,D,9,1,351533.8,0.0,0,0.0,0.0,0.976539043,TO,ANP2.2,
3605,7773ER-D-9,D,9,2,351533.8,2832.23208,0,0.0,108.1361288,0.756071043,TO,ANP2.2,
3606,7773ER-D-9,D,9,3,351533.8,5948.20248,0,457.2,110.5540156,0.763007217,TO,ANP2.2,
3607,7773ER-D-9,D,9,4,351533.8,6253.00248,0,485.94264,110.7083488,0.598692348,CL,ANP2.2,
3608,7773ER-D-9,D,9,5,351533.8,10794.3396,0,914.4,113.0233468,0.612220957,CL,ANP2.2,
3609,7773ER-D-9,D,9,6,351533.8,13179.30816,0,1019.52552,123.6723376,0.596134783,CL,ANP2.2,
3610,7773ER-D-9,D,9,7,351533.8,14470.71528,0,1080.39408,129.4341104,0.587680696,CL,ANP2.2,
3611,7773ER-D-9,D,9,8,351533.8,17631.24744,0,1245.04704,141.3692112,0.572084783,CL,ANP2.2,
3612,7773ER-D-9,D,9,9,351533.8,39504.48792,0,3048.0,154.7961996,0.625597478,CL,ANP2.2,
3613,7878R-A-1,A,1,1,155763.4928,-45736.82496,0,1828.8,139.3628796,0.014422429,AP,ANP2.2,
3614,7878R-A-1,A,1,2,155763.4928,-28289.00616,0,914.4,133.498218,0.010243714,AP,ANP2.2,
3615,7878R-A-1,A,1,3,155763.4928,-21971.14224,0,914.4,114.6181232,0.016293,AP,ANP2.2,
3616,7878R-A-1,A,1,4,155763.4928,-18955.54248,0,914.4,95.686584,0.022376857,AP,ANP2.2,
3617,7878R-A-1,A,1,5,155763.4928,-17447.78832,0,914.4,84.0087052,0.026140429,AP,ANP2.2,
3618,7878R-A-1,A,1,6,155763.4928,-16153.21128,0,846.55152,77.423822,0.027858571,AP,ANP2.2,
3619,7878R-A-1,A,1,7,155763.4928,-15848.41128,0,830.58,75.8290456,0.146577571,AP,ANP2.2,
3620,7878R-A-1,A,1,8,155763.4928,-304.8,0,15.97152,73.9256028,0.132951571,AP,ANP2.2,
3621,7878R-A-1,A,1,9,155763.4928,0.0,0,0.0,73.8741584,0.132727857,AP,ANP2.2,
3622,7878R-A-1,A,1,10,155763.4928,110.55096,0,0.0,69.2441624,0.1,AP,ANP2.2,
3623,7878R-A-1,A,1,11,155763.4928,994.95864,0,0.0,15.3304312,0.1,AP,ANP2.2,
3624,7878R-D-1,D,1,1,155763.4928,0.0,0,0.0,0.0,1.018039,TO,ANP2.2,
3625,7878R-D-1,D,1,2,155763.4928,919.64256,0,0.0,76.909378,0.817382143,TO,ANP2.2,
3626,7878R-D-1,D,1,3,155763.4928,2638.40976,0,457.2,78.6070432,0.831434143,TO,ANP2.2,
3627,7878R-D-1,D,1,4,155763.4928,2943.20976,0,522.09192,78.8642652,0.733649857,CL,ANP2.2,
3628,7878R-D-1,D,1,5,155763.4928,4785.69528,0,914.4,80.4075972,0.752592714,CL,ANP2.2,
3629,7878R-D-1,D,1,6,155763.4928,8533.97328,0,1241.54184,119.60823,0.688455571,CL,ANP2.2,
3630,7878R-D-1,D,1,7,155763.4928,9250.2228,0,1371.6,120.379896,0.693818143,CL,ANP2.2,
3631,7878R-D-1,D,1,8,155763.4928,11745.07176,0,1609.55736,138.385436,0.669327143,CL,ANP2.2,
3632,7878R-D-1,D,1,9,155763.4928,20970.57528,0,3048.0,148.8286492,0.710999143,CL,ANP2.2,
3633,7878R-D-2,D,2,1,160208.6944,0.0,0,0.0,0.0,1.018039,TO,ANP2.2,
3634,7878R-D-2,D,2,2,160208.6944,976.2744,0,0.0,77.9897104,0.814539143,TO,ANP2.2,
3635,7878R-D-2,D,2,3,160208.6944,2771.30256,0,457.2,79.73882,0.828591143,TO,ANP2.2,
3636,7878R-D-2,D,2,4,160208.6944,3076.10256,0,519.28776,79.9445976,0.731110286,CL,ANP2.2,
3637,7878R-D-2,D,2,5,160208.6944,5015.97168,0,914.4,81.539374,0.750195857,CL,ANP2.2,
3638,7878R-D-2,D,2,6,160208.6944,8822.64936,0,1233.3732,119.5567856,0.688111857,CL,ANP2.2,
3639,7878R-D-2,D,2,7,160208.6944,9437.58336,0,1341.12,120.1741184,0.692579714,CL,ANP2.2,
3640,7878R-D-2,D,2,8,160208.6944,12008.54088,0,1578.2544,138.1796584,0.668144857,CL,ANP2.2,
3641,7878R-D-2,D,2,9,160208.6944,21781.1604,0,3048.0,148.8286492,0.710999143,CL,ANP2.2,
3642,7878R-D-3,D,3,1,165062.1288,0.0,0,0.0,0.0,1.018039,TO,ANP2.2,
3643,7878R-D-3,D,3,2,165062.1288,1040.22144,0,0.0,79.1729316,0.811479714,TO,ANP2.2,
3644,7878R-D-3,D,3,3,165062.1288,2920.38024,0,457.2,80.9220412,0.825531571,TO,ANP2.2,
3645,7878R-D-3,D,3,4,165062.1288,3225.18024,0,516.39216,81.1792632,0.728384857,CL,ANP2.2,
3646,7878R-D-3,D,3,5,165062.1288,5274.2592,0,914.4,82.7225952,0.747616429,CL,ANP2.2,
3647,7878R-D-3,D,3,6,165062.1288,9140.19,0,1224.44256,119.5053412,0.687735714,CL,ANP2.2,
3648,7878R-D-3,D,3,7,165062.1288,9832.72608,0,1341.12,120.1741184,0.692579714,CL,ANP2.2,
3649,7878R-D-3,D,3,8,165062.1288,12504.69432,0,1578.2544,138.1796584,0.668144857,CL,ANP2.2,
3650,7878R-D-3,D,3,9,165062.1288,22680.59472,0,3048.0,148.8286492,0.710999143,CL,ANP2.2,
3651,7878R-D-4,D,4,1,173544.2992,0.0,0,0.0,0.0,1.018039,TO,ANP2.2,
3652,7878R-D-4,D,4,2,173544.2992,1157.35608,0,0.0,81.1792632,0.806238857,TO,ANP2.2,
3653,7878R-D-4,D,4,3,173544.2992,3191.19504,0,457.2,82.9798172,0.820290857,TO,ANP2.2,
3654,7878R-D-4,D,4,4,173544.2992,3495.99504,0,511.78968,83.1855948,0.723732714,CL,ANP2.2,
3655,7878R-D-4,D,4,5,173544.2992,5743.6512,0,914.4,84.8318156,0.743198,CL,ANP2.2,
3656,7878R-D-4,D,4,6,173544.2992,9701.08296,0,1208.8368,119.4024524,0.687076,CL,ANP2.2,
3657,7878R-D-4,D,4,7,173544.2992,10346.03976,0,1310.64,120.0197852,0.69133,CL,ANP2.2,
3658,7878R-D-4,D,4,8,173544.2992,13181.71608,0,1546.98192,137.9738808,0.666951,CL,ANP2.2,
3659,7878R-D-4,D,4,9,173544.2992,24292.95624,0,3048.0,148.8286492,0.710999143,CL,ANP2.2,
3660,7878R-D-5,D,5,1,184022.2744,0.0,0,0.0,0.0,1.018039,TO,ANP2.2,
3661,7878R-D-5,D,5,2,184022.2744,1311.5544,0,0.0,83.59715,0.799938714,TO,ANP2.2,
3662,7878R-D-5,D,5,3,184022.2744,3544.54968,0,457.2,85.4491484,0.813990571,TO,ANP2.2,
3663,7878R-D-5,D,5,4,184022.2744,3849.34968,0,506.76048,85.654926,0.718164714,CL,ANP2.2,
3664,7878R-D-5,D,5,5,184022.2744,6356.96976,0,914.4,87.3525912,0.737886429,CL,ANP2.2,
3665,7878R-D-5,D,5,6,184022.2744,10774.95432,0,1212.76872,121.6145616,0.682739143,CL,ANP2.2,
3666,7878R-D-5,D,5,7,184022.2744,11240.96304,0,1280.16,122.0261168,0.685565714,CL,ANP2.2,
3667,7878R-D-5,D,5,8,184022.2744,13911.19392,0,1485.99144,137.5623256,0.66459,CL,ANP2.2,
3668,7878R-D-5,D,5,9,184022.2744,26413.38888,0,3048.0,148.8286492,0.710999143,CL,ANP2.2,
3669,7878R-D-6,D,6,1,195089.9192,0.0,0,0.0,0.0,1.018039,TO,ANP2.2,
3670,7878R-D-6,D,6,2,195089.9192,1486.0524,0,0.0,86.0664812,0.793475857,TO,ANP2.2,
3671,7878R-D-6,D,6,3,195089.9192,3941.64312,0,457.2,87.969924,0.807527857,TO,ANP2.2,
3672,7878R-D-6,D,6,4,195089.9192,4246.44312,0,502.06656,88.1757016,0.712477429,CL,ANP2.2,
3673,7878R-D-6,D,6,5,195089.9192,7048.13424,0,914.4,89.9762556,0.732437571,CL,ANP2.2,
3674,7878R-D-6,D,6,6,195089.9192,11772.9,0,1204.17336,122.6434496,0.680121857,CL,ANP2.2,
3675,7878R-D-6,D,6,7,195089.9192,12115.28184,0,1249.68,122.9006716,0.682042,CL,ANP2.2,
3676,7878R-D-6,D,6,8,195089.9192,14782.038,0,1439.81424,137.2536592,0.662772857,CL,ANP2.2,
3677,7878R-D-6,D,6,9,195089.9192,28728.7716,0,3048.0,148.8286492,0.710999143,CL,ANP2.2,
3678,7878R-D-7,D,7,1,206792.5928,0.0,0,0.0,0.0,1.018039,TO,ANP2.2,
3679,7878R-D-7,D,7,2,206792.5928,1683.74568,0,0.0,88.5872568,0.786838571,TO,ANP2.2,
3680,7878R-D-7,D,7,3,206792.5928,4389.82104,0,457.2,90.5935884,0.800890571,TO,ANP2.2,
3681,7878R-D-7,D,7,4,206792.5928,4694.62104,0,497.67744,90.7479216,0.706659143,CL,ANP2.2,
3682,7878R-D-7,D,7,5,206792.5928,7831.65312,0,914.4,92.59992,0.726841857,CL,ANP2.2,
3683,7878R-D-7,D,7,6,206792.5928,13352.09928,0,1218.5904,125.9873356,0.673978429,CL,ANP2.2,
3684,7878R-D-7,D,7,7,206792.5928,13357.03704,0,1219.2,125.9873356,0.674003714,CL,ANP2.2,
3685,7878R-D-7,D,7,8,206792.5928,15548.94528,0,1363.0656,136.7392152,0.659696,CL,ANP2.2,
3686,7878R-D-7,D,7,9,206792.5928,31377.0264,0,3048.0,148.8286492,0.710999143,CL,ANP2.2,
3687,7878R-D-8,D,8,1,219357.0912,0.0,0,0.0,0.0,1.018039,TO,ANP2.2,
3688,7878R-D-8,D,8,2,219357.0912,1911.33984,0,0.0,91.2623656,0.779918429,TO,ANP2.2,
3689,7878R-D-8,D,8,3,219357.0912,4905.57312,0,457.2,93.2686972,0.793970429,TO,ANP2.2,
3690,7878R-D-8,D,8,4,219357.0912,5210.37312,0,493.56264,93.4744748,0.700614143,CL,ANP2.2,
3691,7878R-D-8,D,8,5,219357.0912,8739.04272,0,914.4,95.3779176,0.721007571,CL,ANP2.2,
3692,7878R-D-8,D,8,6,219357.0912,14383.78632,0,1195.33416,125.8330024,0.672991857,CL,ANP2.2,
3693,7878R-D-8,D,8,7,219357.0912,14598.67032,0,1219.2,125.9873356,0.674003714,CL,ANP2.2,
3694,7878R-D-8,D,8,8,219357.0912,16981.87104,0,1363.0656,136.7392152,0.659696,CL,ANP2.2,
3695,7878R-D-8,D,8,9,219357.0912,34258.3008,0,3048.0,148.8286492,0.710999143,CL,ANP2.2,
3696,7878R-D-9,D,9,1,227929.98,0.0,0,0.0,0.0,1.018039,TO,ANP2.2,
3697,7878R-D-9,D,9,2,227929.98,2075.93184,0,0.0,93.0114752,0.775309857,TO,ANP2.2,
3698,7878R-D-9,D,9,3,227929.98,5279.41032,0,457.2,95.1206956,0.789361857,TO,ANP2.2,
3699,7878R-D-9,D,9,4,227929.98,5584.21032,0,491.00232,95.2750288,0.696599,CL,ANP2.2,
3700,7878R-D-9,D,9,5,227929.98,9401.15976,0,914.4,97.229916,0.717122143,CL,ANP2.2,
3701,7878R-D-9,D,9,6,227929.98,15536.44848,0,1197.864,127.4792232,0.669721714,CL,ANP2.2,
3702,7878R-D-9,D,9,7,227929.98,15741.33504,0,1219.2,127.6335564,0.670626,CL,ANP2.2,
3703,7878R-D-9,D,9,8,227929.98,17858.8416,0,1339.80936,136.584882,0.65875,CL,ANP2.2,
3704,7878R-D-9,D,9,9,227929.98,36396.35088,0,3048.0,148.8286492,0.710999143,CL,ANP2.2,
3705,A300-622R-A-1,A,1,1,126416.0904,-39935.29224,0,1828.8,139.928768,1.72414e-05,AP,ANP2.2,
3706,A300-622R-A-1,A,1,2,126416.0904,-24076.70064,0,914.4,133.75544,1.72414e-05,AP,ANP2.2,
3707,A300-622R-A-1,A,1,3,126416.0904,-19678.83288,0,914.4,112.8175692,0.001852931,AP,ANP2.2,
3708,A300-622R-A-1,A,1,4,126416.0904,-17447.78832,0,914.4,99.03047,0.023100517,AP,ANP2.2,
3709,A300-622R-A-1,A,1,5,126416.0904,-14057.10168,0,736.7016,93.2686972,0.026438793,AP,ANP2.2,
3710,A300-622R-A-1,A,1,6,126416.0904,-10573.3596,0,554.1264,78.2983768,0.043516207,AP,ANP2.2,
3711,A300-622R-A-1,A,1,7,126416.0904,-9697.5168,0,508.22352,72.2279376,0.051441724,AP,ANP2.2,
3712,A300-622R-A-1,A,1,8,126416.0904,-9392.7168,0,492.252,69.964384,0.188965172,AP,ANP2.2,
3713,A300-622R-A-1,A,1,9,126416.0904,-290.80968,0,15.24,68.3696076,0.178511034,AP,ANP2.2,
3714,A300-622R-A-1,A,1,10,126416.0904,-145.3896,0,7.62,68.3696076,0.178349655,AP,ANP2.2,
3715,A300-622R-A-1,A,1,11,126416.0904,0.0,0,0.0,68.3181632,0.178217759,AP,ANP2.2,
3716,A300-622R-A-1,A,1,12,126416.0904,93.05544,0,0.0,66.7748312,0.1,AP,ANP2.2,
3717,A300-622R-A-1,A,1,13,126416.0904,837.52944,0,0.0,15.3304312,0.1,AP,ANP2.2,
3718,A300-622R-D-1,D,1,1,126416.0904,0.0,0,0.0,0.0,0.971327586,TO,ANP2.2,
3719,A300-622R-D-1,D,1,2,126416.0904,998.86008,0,0.0,78.9157096,0.836003621,TO,ANP2.2,
3720,A300-622R-D-1,D,1,3,126416.0904,2628.5952,0,457.2,80.6648192,0.846404655,TO,ANP2.2,
3721,A300-622R-D-1,D,1,4,126416.0904,2933.3952,0,515.14248,80.8705968,0.666354655,CL,ANP2.2,
3722,A300-622R-D-1,D,1,5,126416.0904,5033.34528,0,914.4,82.4653732,0.68123931,CL,ANP2.2,
3723,A300-622R-D-1,D,1,6,126416.0904,6265.59072,0,985.05264,99.4420252,0.659271207,CL,ANP2.2,
3724,A300-622R-D-1,D,1,7,126416.0904,7073.92032,0,1030.71168,110.0395716,0.645661724,CL,ANP2.2,
3725,A300-622R-D-1,D,1,8,126416.0904,9549.6888,0,1170.5844,135.4531052,0.614647414,CL,ANP2.2,
3726,A300-622R-D-1,D,1,9,126416.0904,12741.58488,0,1676.4,138.8484356,0.631402931,CL,ANP2.2,
3727,A300-622R-D-1,D,1,10,126416.0904,16809.44568,0,2286.0,143.1697652,0.649602069,CL,ANP2.2,
3728,A300-622R-D-1,D,1,11,126416.0904,22307.15376,0,3048.0,148.8286492,0.669286379,CL,ANP2.2,
3729,A300-622R-D-2,D,2,1,131677.7576,0.0,0,0.0,0.0,0.971327586,TO,ANP2.2,
3730,A300-622R-D-2,D,2,2,131677.7576,1087.374,0,0.0,80.510486,0.833216034,TO,ANP2.2,
3731,A300-622R-D-2,D,2,3,131677.7576,2818.82088,0,457.2,82.31104,0.843617069,TO,ANP2.2,
3732,A300-622R-D-2,D,2,4,131677.7576,3123.62088,0,511.51536,82.5168176,0.663709138,CL,ANP2.2,
3733,A300-622R-D-2,D,2,5,131677.7576,5384.01768,0,914.4,84.1630384,0.678732931,CL,ANP2.2,
3734,A300-622R-D-2,D,2,6,131677.7576,6755.95296,0,987.94824,101.5512456,0.656296207,CL,ANP2.2,
3735,A300-622R-D-2,D,2,7,131677.7576,7577.38896,0,1031.5956,111.5314592,0.643482759,CL,ANP2.2,
3736,A300-622R-D-2,D,2,8,131677.7576,10049.53032,0,1163.90928,135.4016608,0.614416034,CL,ANP2.2,
3737,A300-622R-D-2,D,2,9,131677.7576,13467.31368,0,1676.4,138.8484356,0.631402931,CL,ANP2.2,
3738,A300-622R-D-2,D,2,10,131677.7576,17770.4496,0,2286.0,143.1697652,0.649602069,CL,ANP2.2,
3739,A300-622R-D-2,D,2,11,131677.7576,23591.88576,0,3048.0,148.8286492,0.669286379,CL,ANP2.2,
3740,A300-622R-D-3,D,3,1,137166.2208,0.0,0,0.0,0.0,0.971327586,TO,ANP2.2,
3741,A300-622R-D-3,D,3,2,137166.2208,1183.93464,0,0.0,82.2081512,0.830367069,TO,ANP2.2,
3742,A300-622R-D-3,D,3,3,137166.2208,3024.34752,0,457.2,84.0087052,0.840768103,TO,ANP2.2,
3743,A300-622R-D-3,D,3,4,137166.2208,3329.14752,0,508.07112,84.2144828,0.661014483,CL,ANP2.2,
3744,A300-622R-D-3,D,3,5,137166.2208,5763.88992,0,914.4,85.912148,0.676171552,CL,ANP2.2,
3745,A300-622R-D-3,D,3,6,137166.2208,7294.0164,0,990.9048,103.7119104,0.653244828,CL,ANP2.2,
3746,A300-622R-D-3,D,3,7,137166.2208,8121.36552,0,1032.17472,113.0233468,0.641294138,CL,ANP2.2,
3747,A300-622R-D-3,D,3,8,137166.2208,10580.37,0,1156.68552,135.3502164,0.614166379,CL,ANP2.2,
3748,A300-622R-D-3,D,3,9,137166.2208,14245.62048,0,1676.4,138.8484356,0.631402931,CL,ANP2.2,
3749,A300-622R-D-3,D,3,10,137166.2208,18801.19176,0,2286.0,143.1697652,0.649602069,CL,ANP2.2,
3750,A300-622R-D-3,D,3,11,137166.2208,24970.8924,0,3048.0,148.8286492,0.669286379,CL,ANP2.2,
3751,A300-622R-D-4,D,4,1,147009.1672,0.0,0,0.0,0.0,0.971327586,TO,ANP2.2,
3752,A300-622R-D-4,D,4,2,147009.1672,1368.12528,0,0.0,85.0890376,0.825397069,TO,ANP2.2,
3753,A300-622R-D-4,D,4,3,147009.1672,3411.7788,0,457.2,86.9924804,0.835798103,TO,ANP2.2,
3754,A300-622R-D-4,D,4,4,147009.1672,3716.5788,0,502.55424,87.1468136,0.656334138,CL,ANP2.2,
3755,A300-622R-D-4,D,4,5,147009.1672,6483.58368,0,914.4,88.9473676,0.671703103,CL,ANP2.2,
3756,A300-622R-D-4,D,4,6,147009.1672,8327.68464,0,996.11688,107.4159072,0.647984828,CL,ANP2.2,
3757,A300-622R-D-4,D,4,7,147009.1672,9170.60904,0,1033.79016,115.8013444,0.637325517,CL,ANP2.2,
3758,A300-622R-D-4,D,4,8,147009.1672,11560.72872,0,1143.54864,135.2473276,0.613710172,CL,ANP2.2,
3759,A300-622R-D-4,D,4,9,147009.1672,15699.486,0,1676.4,138.8484356,0.631402931,CL,ANP2.2,
3760,A300-622R-D-4,D,4,10,147009.1672,20726.91816,0,2286.0,143.1697652,0.649602069,CL,ANP2.2,
3761,A300-622R-D-4,D,4,11,147009.1672,27549.98808,0,3048.0,148.8286492,0.669286379,CL,ANP2.2,
3762,A300-622R-D-5,D,5,1,160254.0536,0.0,0,0.0,0.0,0.971327586,TO,ANP2.2,
3763,A300-622R-D-5,D,5,2,160254.0536,1638.48288,0,0.0,88.8444788,0.818965,TO,ANP2.2,
3764,A300-622R-D-5,D,5,3,160254.0536,3973.28136,0,457.2,90.799366,0.829366034,TO,ANP2.2,
3765,A300-622R-D-5,D,5,4,160254.0536,4278.08136,0,496.30584,91.0051436,0.650309828,CL,ANP2.2,
3766,A300-622R-D-5,D,5,5,160254.0536,7537.03344,0,914.4,92.857142,0.66592,CL,ANP2.2,
3767,A300-622R-D-5,D,5,6,160254.0536,9878.81184,0,1003.00536,112.2516808,0.641205345,CL,ANP2.2,
3768,A300-622R-D-5,D,5,7,160254.0536,10744.5048,0,1036.50288,119.5053412,0.631975862,CL,ANP2.2,
3769,A300-622R-D-5,D,5,8,160254.0536,12946.34952,0,1125.44352,135.1444388,0.61308,CL,ANP2.2,
3770,A300-622R-D-5,D,5,9,160254.0536,17787.73176,0,1676.4,138.8484356,0.631402931,CL,ANP2.2,
3771,A300-622R-D-5,D,5,10,160254.0536,23492.49048,0,2286.0,143.1697652,0.649602069,CL,ANP2.2,
3772,A300-622R-D-5,D,5,11,160254.0536,31258.9164,0,3048.0,148.8286492,0.669286379,CL,ANP2.2,
3773,A300-622R-D-6,D,6,1,171684.572,0.0,0,0.0,0.0,0.971327586,TO,ANP2.2,
3774,A300-622R-D-6,D,6,2,171684.572,1892.86896,0,0.0,91.9311428,0.813624828,TO,ANP2.2,
3775,A300-622R-D-6,D,6,3,171684.572,4497.23256,0,457.2,93.9889188,0.824025862,TO,ANP2.2,
3776,A300-622R-D-6,D,6,4,171684.572,4802.03256,0,491.73384,94.143252,0.645331724,CL,ANP2.2,
3777,A300-622R-D-6,D,6,5,171684.572,8533.66848,0,914.4,96.0981392,0.661118621,CL,ANP2.2,
3778,A300-622R-D-6,D,6,6,171684.572,11389.27872,0,1008.97944,116.264344,0.635576552,CL,ANP2.2,
3779,A300-622R-D-6,D,6,7,171684.572,12262.50024,0,1038.88032,122.6434496,0.627481897,CL,ANP2.2,
3780,A300-622R-D-6,D,6,8,171684.572,14220.01728,0,1109.99016,135.04155,0.612540172,CL,ANP2.2,
3781,A300-622R-D-6,D,6,9,171684.572,19729.67352,0,1676.4,138.8484356,0.631402931,CL,ANP2.2,
3782,A300-622R-D-6,D,6,10,171684.572,26062.3812,0,2286.0,143.1697652,0.649602069,CL,ANP2.2,
3783,A300-622R-D-6,D,6,11,171684.572,34709.19144,0,3048.0,148.8286492,0.669286379,CL,ANP2.2,
3784,A300B4-203-A-1,A,1,1,118841.104,-34895.57664,0,1828.8,139.928768,0.040099429,AP,ANP2.2,
3785,A300B4-203-A-1,A,1,2,118841.104,-17752.58832,0,930.37152,86.0664812,0.035921714,AP,ANP2.2,
3786,A300B4-203-A-1,A,1,3,118841.104,-17447.78832,0,914.4,84.7803712,0.111466667,AP,ANP2.2,
3787,A300B4-203-A-1,A,1,4,118841.104,-9028.69416,0,473.17152,77.938266,0.105694095,AP,ANP2.2,
3788,A300B4-203-A-1,A,1,5,118841.104,-8723.89416,0,457.2,77.681044,0.147918476,AP,ANP2.2,
3789,A300B4-203-A-1,A,1,6,118841.104,-6120.71928,0,320.77152,73.2568256,0.145522857,AP,ANP2.2,
3790,A300B4-203-A-1,A,1,7,118841.104,-5815.91928,0,304.8,72.6909372,0.19650381,AP,ANP2.2,
3791,A300B4-203-A-1,A,1,8,118841.104,-304.8,0,15.97152,71.6620492,0.189861524,AP,ANP2.2,
3792,A300B4-203-A-1,A,1,9,118841.104,0.0,0,0.0,71.6106048,0.189531429,AP,ANP2.2,
3793,A300B4-203-A-1,A,1,10,118841.104,118.14048,0,0.0,67.9580524,0.4,AP,ANP2.2,
3794,A300B4-203-A-1,A,1,11,118841.104,1063.26432,0,0.0,15.3304312,0.1,AP,ANP2.2,
3795,A300B4-203-D-1,D,1,1,118841.104,0.0,0,0.0,0.0,0.939550667,TO,ANP2.2,
3796,A300B4-203-D-1,D,1,2,118841.104,1014.64872,0,0.0,76.2406008,0.826539619,TO,ANP2.2,
3797,A300B4-203-D-1,D,1,3,118841.104,2286.21336,0,304.8,77.3723776,0.823844571,TO,ANP2.2,
3798,A300B4-203-D-1,D,1,4,118841.104,3616.6044,0,513.37464,88.6387012,0.806830667,CL,ANP2.2,
3799,A300B4-203-D-1,D,1,5,118841.104,4526.61528,0,607.80168,99.5963584,0.79083581,CL,ANP2.2,
3800,A300B4-203-D-1,D,1,6,118841.104,4632.22848,0,627.126,99.6992472,0.695951238,CL,ANP2.2,
3801,A300B4-203-D-1,D,1,7,118841.104,5287.2132,0,646.4808,110.348238,0.682469905,CL,ANP2.2,
3802,A300B4-203-D-1,D,1,8,118841.104,6791.58408,0,914.4,111.7886812,0.680428381,CL,ANP2.2,
3803,A300B4-203-D-1,D,1,9,118841.104,8815.1208,0,1001.93856,134.3213284,0.65243181,CL,ANP2.2,
3804,A300B4-203-D-1,D,1,10,118841.104,13270.35192,0,1676.4,138.8484356,0.647389714,CL,ANP2.2,
3805,A300B4-203-D-1,D,1,11,118841.104,17838.02376,0,2286.0,143.1697652,0.642932762,CL,ANP2.2,
3806,A300B4-203-D-1,D,1,12,118841.104,24415.27248,0,3048.0,148.8286492,0.63749619,CL,ANP2.2,
3807,JET-LARGE-D-7,D,2,1,127005.76,0.0,0,0.0,0.0,0.939550667,TO,ANP2.2,
3808,JET-LARGE-D-7,D,2,2,127005.76,1164.21408,0,0.0,78.8128208,0.822722095,TO,ANP2.2,
3809,JET-LARGE-D-7,D,2,3,127005.76,2578.63848,0,304.8,79.996042,0.820027048,TO,ANP2.2,
3810,JET-LARGE-D-7,D,2,4,127005.76,4105.93032,0,520.53744,91.31381,0.802975238,CL,ANP2.2,
3811,JET-LARGE-D-7,D,2,5,127005.76,5153.34504,0,618.77448,102.3229116,0.786947429,CL,ANP2.2,
3812,JET-LARGE-D-7,D,2,6,127005.76,5286.26832,0,640.78104,102.4258004,0.692513524,CL,ANP2.2,
3813,JET-LARGE-D-7,D,2,7,127005.76,6040.09968,0,662.75712,113.0747912,0.679012,CL,ANP2.2,
3814,JET-LARGE-D-7,D,2,8,127005.76,7603.90656,0,914.4,114.46379,0.677095048,CL,ANP2.2,
3815,JET-LARGE-D-7,D,2,9,127005.76,9642.10416,0,1001.7252,134.3213284,0.652433524,CL,ANP2.2,
3816,JET-LARGE-D-7,D,2,10,127005.76,14550.17664,0,1676.4,138.8484356,0.647389714,CL,ANP2.2,
3817,JET-LARGE-D-7,D,2,11,127005.76,19597.51224,0,2286.0,143.1697652,0.642932762,CL,ANP2.2,
3818,JET-LARGE-D-7,D,2,12,127005.76,26898.23424,0,3048.0,148.8286492,0.63749619,CL,ANP2.2,
3819,A300B4-203-D-3,D,3,1,133809.64,0.0,0,0.0,0.0,0.939550667,TO,ANP2.2,
3820,A300B4-203-D-3,D,3,2,133809.64,1297.13736,0,0.0,80.9220412,0.819633524,TO,ANP2.2,
3821,A300B4-203-D-3,D,3,3,133809.64,2837.74896,0,304.8,82.1052624,0.816938476,TO,ANP2.2,
3822,A300B4-203-D-3,D,3,4,133809.64,4544.1108,0,526.45056,93.4230304,0.799889333,CL,ANP2.2,
3823,A300B4-203-D-3,D,3,5,133809.64,5718.38328,0,628.00992,104.432132,0.783832952,CL,ANP2.2,
3824,A300B4-203-D-3,D,3,6,133809.64,5878.73856,0,652.45488,104.5864652,0.689757524,CL,ANP2.2,
3825,A300B4-203-D-3,D,3,7,133809.64,6724.10136,0,676.89984,115.2869004,0.676237143,CL,ANP2.2,
3826,A300B4-203-D-3,D,3,8,133809.64,8325.42912,0,914.4,116.6244548,0.674428381,CL,ANP2.2,
3827,A300B4-203-D-3,D,3,9,133809.64,10354.33032,0,1000.6584,134.3213284,0.652441714,CL,ANP2.2,
3828,A300B4-203-D-3,D,3,10,133809.64,15665.958,0,1676.4,138.8484356,0.647389714,CL,ANP2.2,
3829,A300B4-203-D-3,D,3,11,133809.64,21136.78272,0,2286.0,143.1697652,0.642932762,CL,ANP2.2,
3830,A300B4-203-D-3,D,3,12,133809.64,29082.37008,0,3048.0,148.8286492,0.63749619,CL,ANP2.2,
3831,A300B4-203-D-4,D,4,1,146963.808,0.0,0,0.0,0.0,0.939550667,TO,ANP2.2,
3832,A300B4-203-D-4,D,4,2,146963.808,1575.75504,0,0.0,84.7803712,0.813877524,TO,ANP2.2,
3833,A300B4-203-D-4,D,4,3,146963.808,3381.32928,0,304.8,86.0664812,0.811182476,TO,ANP2.2,
3834,A300B4-203-D-4,D,4,4,146963.808,5555.46768,0,546.17112,97.74436,0.793648762,CL,ANP2.2,
3835,A300B4-203-D-4,D,4,5,146963.808,7021.89096,0,654.89328,108.804906,0.777530667,CL,ANP2.2,
3836,A300B4-203-D-4,D,4,6,146963.808,7252.47216,0,684.97704,108.9592392,0.684175238,CL,ANP2.2,
3837,A300B4-203-D-4,D,4,7,146963.808,8310.03672,0,715.09128,119.7111188,0.670612,CL,ANP2.2,
3838,A300B4-203-D-4,D,4,8,146963.808,9876.40392,0,914.4,120.89434,0.669095048,CL,ANP2.2,
3839,A300B4-203-D-4,D,4,9,146963.808,11770.614,0,993.67848,134.269884,0.652494476,CL,ANP2.2,
3840,A300B4-203-D-4,D,4,10,146963.808,17962.9308,0,1676.4,138.8484356,0.647389714,CL,ANP2.2,
3841,A300B4-203-D-4,D,4,11,146963.808,24321.57696,0,2286.0,143.1697652,0.642932762,CL,ANP2.2,
3842,A300B4-203-D-4,D,4,12,146963.808,33637.69752,0,3048.0,148.8286492,0.63749619,CL,ANP2.2,
3843,A300B4-203-D-5,D,5,1,161932.344,0.0,0,0.0,0.0,0.939550667,TO,ANP2.2,
3844,A300B4-203-D-5,D,5,2,161932.344,1927.82952,0,0.0,88.998812,0.807632571,TO,ANP2.2,
3845,A300B4-203-D-5,D,5,3,161932.344,4074.68832,0,304.8,90.3363664,0.804937524,TO,ANP2.2,
3846,A300B4-203-D-5,D,5,4,161932.344,6825.05112,0,562.41696,102.0142452,0.787438476,CL,ANP2.2,
3847,A300B4-203-D-5,D,5,5,161932.344,8692.7436,0,679.76496,113.17768,0.771245905,CL,ANP2.2,
3848,A300B4-203-D-5,D,5,6,161932.344,8997.5436,0,713.41488,113.3834576,0.678624571,CL,ANP2.2,
3849,A300B4-203-D-5,D,5,7,161932.344,10394.83824,0,756.33072,124.238226,0.66496381,CL,ANP2.2,
3850,A300B4-203-D-5,D,5,8,161932.344,11860.9872,0,914.4,125.1642252,0.663761714,CL,ANP2.2,
3851,A300B4-203-D-5,D,5,9,161932.344,13483.98624,0,981.27312,134.1669952,0.65258819,CL,ANP2.2,
3852,A300B4-203-D-5,D,5,10,161932.344,20845.21104,0,1676.4,138.8484356,0.647389714,CL,ANP2.2,
3853,A300B4-203-D-5,D,5,11,161932.344,28343.07768,0,2286.0,143.1697652,0.642932762,CL,ANP2.2,
3854,A300B4-203-D-5,D,5,12,161932.344,39455.50656,0,3048.0,148.8286492,0.63749619,CL,ANP2.2,
3855,A310-304-A-1,A,1,1,110358.9336,-40843.53528,0,1828.8,139.928768,1.86916e-05,AP,ANP2.2,
3856,A310-304-A-1,A,1,2,110358.9336,-24488.30256,0,914.4,133.75544,1.86916e-05,AP,ANP2.2,
3857,A310-304-A-1,A,1,3,110358.9336,-20082.47952,0,914.4,113.17768,0.003396075,AP,ANP2.2,
3858,A310-304-A-1,A,1,4,110358.9336,-17447.78832,0,914.4,96.6125832,0.016151589,AP,ANP2.2,
3859,A310-304-A-1,A,1,5,110358.9336,-14836.4448,0,777.5448,89.9762556,0.020242991,AP,ANP2.2,
3860,A310-304-A-1,A,1,6,110358.9336,-12486.80256,0,654.4056,78.195488,0.02848729,AP,ANP2.2,
3861,A310-304-A-1,A,1,7,110358.9336,-11936.66904,0,625.57152,73.6169364,0.031844673,AP,ANP2.2,
3862,A310-304-A-1,A,1,8,110358.9336,-11631.86904,0,609.6,70.9418276,0.194938318,AP,ANP2.2,
3863,A310-304-A-1,A,1,9,110358.9336,-290.80968,0,15.24,68.935496,0.181576262,AP,ANP2.2,
3864,A310-304-A-1,A,1,10,110358.9336,-145.3896,0,7.62,66.6719424,0.18141215,AP,ANP2.2,
3865,A310-304-A-1,A,1,11,110358.9336,0.0,0,0.0,64.3055,0.181276075,AP,ANP2.2,
3866,A310-304-A-1,A,1,12,110358.9336,92.32392,0,0.0,67.3407196,0.1,AP,ANP2.2,
3867,A310-304-A-1,A,1,13,110358.9336,831.06768,0,0.0,15.3304312,0.1,AP,ANP2.2,
3868,JET-LARGE-D-1,D,1,1,110358.9336,0.0,0,0.0,0.0,0.946236449,TO,ANP2.2,
3869,JET-LARGE-D-1,D,1,2,110358.9336,1022.39064,0,0.0,79.1729316,0.798285981,TO,ANP2.2,
3870,JET-LARGE-D-1,D,1,3,110358.9336,2596.40832,0,457.2,80.9734856,0.833133458,TO,ANP2.2,
3871,JET-LARGE-D-1,D,1,4,110358.9336,2901.20832,0,524.77416,81.2307076,0.694292336,CL,ANP2.2,
3872,JET-LARGE-D-1,D,1,5,110358.9336,4658.31936,0,914.4,82.7740396,0.728480561,CL,ANP2.2,
3873,JET-LARGE-D-1,D,1,6,110358.9336,5471.4648,0,970.9404,96.2524724,0.710371776,CL,ANP2.2,
3874,JET-LARGE-D-1,D,1,7,110358.9336,6206.7948,0,1019.95224,107.776018,0.694980187,CL,ANP2.2,
3875,JET-LARGE-D-1,D,1,8,110358.9336,8486.57688,0,1169.02992,135.4016608,0.661134579,CL,ANP2.2,
3876,JET-LARGE-D-1,D,1,9,110358.9336,11158.84992,0,1676.4,138.8484356,0.699468411,CL,ANP2.2,
3877,JET-LARGE-D-1,D,1,10,110358.9336,14423.41032,0,2286.0,143.1697652,0.739621869,CL,ANP2.2,
3878,JET-LARGE-D-1,D,1,11,110358.9336,18672.93192,0,3048.0,148.8286492,0.780750467,CL,ANP2.2,
3879,JET-LARGE-D-2,D,2,1,114758.776,0.0,0,0.0,0.0,0.946236449,TO,ANP2.2,
3880,JET-LARGE-D-2,D,2,2,114758.776,1109.56344,0,0.0,80.767708,0.795365607,TO,ANP2.2,
3881,JET-LARGE-D-2,D,2,3,114758.776,2778.31296,0,457.2,82.568262,0.830212897,TO,ANP2.2,
3882,JET-LARGE-D-2,D,2,4,114758.776,3083.11296,0,520.81176,82.825484,0.691099626,CL,ANP2.2,
3883,JET-LARGE-D-2,D,2,5,114758.776,4969.18488,0,914.4,84.4202604,0.725650467,CL,ANP2.2,
3884,JET-LARGE-D-2,D,2,6,114758.776,5862.34032,0,972.6168,98.1044708,0.707267477,CL,ANP2.2,
3885,JET-LARGE-D-2,D,2,7,114758.776,6609.1308,0,1019.64744,109.062128,0.692731776,CL,ANP2.2,
3886,JET-LARGE-D-2,D,2,8,114758.776,8908.2372,0,1162.72056,135.4016608,0.660629346,CL,ANP2.2,
3887,JET-LARGE-D-2,D,2,9,114758.776,11758.30008,0,1676.4,138.8484356,0.699468411,CL,ANP2.2,
3888,JET-LARGE-D-2,D,2,10,114758.776,15197.84616,0,2286.0,143.1697652,0.739621869,CL,ANP2.2,
3889,JET-LARGE-D-2,D,2,11,114758.776,19676.69928,0,3048.0,148.8286492,0.780750467,CL,ANP2.2,
3890,A310-304-D-3,D,3,1,119249.3368,0.0,0,0.0,0.0,0.946236449,TO,ANP2.2,
3891,A310-304-D-3,D,3,2,119249.3368,1202.52744,0,0.0,82.31104,0.792442056,TO,ANP2.2,
3892,A310-304-D-3,D,3,3,119249.3368,2970.30648,0,457.2,84.1630384,0.827289533,TO,ANP2.2,
3893,A310-304-D-3,D,3,4,119249.3368,3275.10648,0,517.0932,84.4202604,0.687926916,CL,ANP2.2,
3894,A310-304-D-3,D,3,5,119249.3368,5297.424,0,914.4,86.0664812,0.722817383,CL,ANP2.2,
3895,A310-304-D-3,D,3,6,119249.3368,6281.53176,0,974.47608,100.059358,0.704086542,CL,ANP2.2,
3896,A310-304-D-3,D,3,7,119249.3368,7037.58816,0,1019.46456,110.3996824,0.690398692,CL,ANP2.2,
3897,A310-304-D-3,D,3,8,119249.3368,9343.85736,0,1155.92352,135.3502164,0.660084112,CL,ANP2.2,
3898,A310-304-D-3,D,3,9,119249.3368,12384.29832,0,1676.4,138.8484356,0.699468411,CL,ANP2.2,
3899,A310-304-D-3,D,3,10,119249.3368,16006.38912,0,2286.0,143.1697652,0.739621869,CL,ANP2.2,
3900,A310-304-D-3,D,3,11,119249.3368,20724.69312,0,3048.0,148.8286492,0.780750467,CL,ANP2.2,
3901,A310-304-D-4,D,4,1,127323.2744,0.0,0,0.0,0.0,0.946236449,TO,ANP2.2,
3902,A310-304-D-4,D,4,2,127323.2744,1379.76864,0,0.0,85.0890376,0.787320935,TO,ANP2.2,
3903,A310-304-D-4,D,4,3,127323.2744,3332.31744,0,457.2,86.941036,0.822168224,TO,ANP2.2,
3904,A310-304-D-4,D,4,4,127323.2744,3637.11744,0,511.11912,87.198258,0.682419626,CL,ANP2.2,
3905,A310-304-D-4,D,4,5,127323.2744,5916.89952,0,914.4,88.8959232,0.717854766,CL,ANP2.2,
3906,A310-304-D-4,D,4,6,127323.2744,7077.69984,0,977.73744,103.403244,0.698614953,CL,ANP2.2,
3907,A310-304-D-4,D,4,7,127323.2744,7848.63048,0,1019.34264,112.7661248,0.686311028,CL,ANP2.2,
3908,A310-304-D-4,D,4,8,127323.2744,10147.12728,0,1143.97536,135.2473276,0.659125607,CL,ANP2.2,
3909,A310-304-D-4,D,4,9,127323.2744,13546.86648,0,1676.4,138.8484356,0.699468411,CL,ANP2.2,
3910,A310-304-D-4,D,4,10,127323.2744,17507.65104,0,2286.0,143.1697652,0.739621869,CL,ANP2.2,
3911,A310-304-D-4,D,4,11,127323.2744,22670.96304,0,3048.0,148.8286492,0.780750467,CL,ANP2.2,
3912,A310-304-D-5,D,5,1,138073.4048,0.0,0,0.0,0.0,0.946236449,TO,ANP2.2,
3913,A310-304-D-5,D,5,2,138073.4048,1636.22736,0,0.0,88.5872568,0.780748037,TO,ANP2.2,
3914,A310-304-D-5,D,5,3,138073.4048,3849.38016,0,457.2,90.542144,0.815595514,TO,ANP2.2,
3915,A310-304-D-5,D,5,4,138073.4048,4154.18016,0,504.35256,90.7479216,0.675431963,CL,ANP2.2,
3916,A310-304-D-5,D,5,5,138073.4048,6804.59904,0,914.4,92.59992,0.711485234,CL,ANP2.2,
3917,A310-304-D-5,D,5,6,138073.4048,8244.47424,0,982.46184,107.776018,0.691502991,CL,ANP2.2,
3918,A310-304-D-5,D,5,7,138073.4048,9032.32128,0,1019.89128,116.007122,0.680797757,CL,ANP2.2,
3919,A310-304-D-5,D,5,8,138073.4048,11254.92288,0,1127.51616,135.1444388,0.657801308,CL,ANP2.2,
3920,A310-304-D-5,D,5,9,138073.4048,15176.47968,0,1676.4,138.8484356,0.699468411,CL,ANP2.2,
3921,A310-304-D-5,D,5,10,138073.4048,19610.80152,0,2286.0,143.1697652,0.739621869,CL,ANP2.2,
3922,A310-304-D-5,D,5,11,138073.4048,25397.73432,0,3048.0,148.8286492,0.780750467,CL,ANP2.2,
3923,A310-304-D-6,D,6,1,156988.1912,0.0,0,0.0,0.0,0.946236449,TO,ANP2.2,
3924,A310-304-D-6,D,6,2,156988.1912,2145.3348,0,0.0,94.4519184,0.769776449,TO,ANP2.2,
3925,A310-304-D-6,D,6,3,156988.1912,4863.846,0,457.2,96.5611388,0.804623925,TO,ANP2.2,
3926,A310-304-D-6,D,6,4,156988.1912,5168.646,0,494.87328,96.715472,0.663931589,CL,ANP2.2,
3927,A310-304-D-6,D,6,5,156988.1912,8563.11216,0,914.4,98.7218036,0.700853271,CL,ANP2.2,
3928,A310-304-D-6,D,6,6,156988.1912,10612.8312,0,990.81336,115.0296784,0.679780935,CL,ANP2.2,
3929,A310-304-D-6,D,6,7,156988.1912,11430.54864,0,1022.1468,121.666006,0.671256449,CL,ANP2.2,
3930,A310-304-D-6,D,6,8,156988.1912,13334.02464,0,1098.16392,134.9386612,0.655425234,CL,ANP2.2,
3931,A310-304-D-6,D,6,9,156988.1912,18301.62456,0,1676.4,138.8484356,0.699468411,CL,ANP2.2,
3932,A310-304-D-6,D,6,10,156988.1912,23639.43456,0,2286.0,143.1697652,0.739621869,CL,ANP2.2,
3933,A310-304-D-6,D,6,11,156988.1912,30620.75664,0,3048.0,148.8286492,0.780750467,CL,ANP2.2,
3934,A319-131-A-1,A,1,1,57107.2328,-41796.64488,0,1828.8,139.928768,0.002544545,AP,ANP2.2,
3935,A319-131-A-1,A,1,2,57107.2328,-24912.70608,0,914.4,133.75544,4.54545e-05,AP,ANP2.2,
3936,A319-131-A-1,A,1,3,57107.2328,-18899.18496,0,914.4,105.6667976,0.008684545,AP,ANP2.2,
3937,A319-131-A-1,A,1,4,57107.2328,-17447.78832,0,914.4,97.0241384,0.013973636,AP,ANP2.2,
3938,A319-131-A-1,A,1,5,57107.2328,-15179.58864,0,795.528,89.2045896,0.016552273,AP,ANP2.2,
3939,A319-131-A-1,A,1,6,57107.2328,-12294.87,0,644.3472,73.051048,0.023574091,AP,ANP2.2,
3940,A319-131-A-1,A,1,7,57107.2328,-11767.99272,0,616.73232,68.678274,0.025750909,AP,ANP2.2,
3941,A319-131-A-1,A,1,8,57107.2328,-11463.19272,0,600.7608,66.0031652,0.223793636,AP,ANP2.2,
3942,A319-131-A-1,A,1,9,57107.2328,-290.80968,0,15.24,64.2026112,0.208675,AP,ANP2.2,
3943,A319-131-A-1,A,1,10,57107.2328,-145.3896,0,7.62,64.1511668,0.208486364,AP,ANP2.2,
3944,A319-131-A-1,A,1,11,57107.2328,0.0,0,0.0,64.1511668,0.208334545,AP,ANP2.2,
3945,A319-131-A-1,A,1,12,57107.2328,46.42104,0,0.0,62.6078348,0.4,AP,ANP2.2,
3946,A319-131-A-1,A,1,13,57107.2328,417.75888,0,0.0,15.3304312,0.1,AP,ANP2.2,
3947,JET-SMALL-D-2,D,1,1,57107.2328,0.0,0,0.0,0.0,0.975376818,TO,ANP2.2,
3948,JET-SMALL-D-2,D,1,2,57107.2328,912.23592,0,0.0,68.421052,0.845802727,TO,ANP2.2,
3949,JET-SMALL-D-2,D,1,3,57107.2328,2938.48536,0,457.2,69.964384,0.868317727,TO,ANP2.2,
3950,JET-SMALL-D-2,D,1,4,57107.2328,3243.28536,0,502.37136,70.1187172,0.674115909,CL,ANP2.2,
3951,JET-SMALL-D-2,D,1,5,57107.2328,6023.03088,0,914.4,71.507716,0.683695909,CL,ANP2.2,
3952,JET-SMALL-D-2,D,1,6,57107.2328,8206.00848,0,1026.62736,97.5900268,0.726626364,CL,ANP2.2,
3953,JET-SMALL-D-2,D,1,7,57107.2328,8984.8944,0,1066.40376,105.9240196,0.740310909,CL,ANP2.2,
3954,JET-SMALL-D-2,D,1,8,57107.2328,10331.62272,0,1140.01296,121.0486732,0.764939091,CL,ANP2.2,
3955,JET-SMALL-D-2,D,1,9,57107.2328,11813.98704,0,1224.6864,135.813216,0.771194545,CL,ANP2.2,
3956,JET-SMALL-D-2,D,1,10,57107.2328,14501.13432,0,1676.4,138.8484356,0.792023636,CL,ANP2.2,
3957,JET-SMALL-D-2,D,1,11,57107.2328,18314.0604,0,2286.0,143.1697652,0.813877273,CL,ANP2.2,
3958,JET-SMALL-D-2,D,1,12,57107.2328,23513.9484,0,3048.0,148.8286492,0.831594545,CL,ANP2.2,
3959,A319-131-D-2,D,2,1,59420.552,0.0,0,0.0,0.0,0.975376818,TO,ANP2.2,
3960,A319-131-D-2,D,2,2,59420.552,990.66096,0,0.0,69.8100508,0.843204091,TO,ANP2.2,
3961,A319-131-D-2,D,2,3,59420.552,3142.57944,0,457.2,71.3533828,0.865719545,TO,ANP2.2,
3962,A319-131-D-2,D,2,4,59420.552,3447.37944,0,499.90248,71.507716,0.676324091,CL,ANP2.2,
3963,A319-131-D-2,D,2,5,59420.552,6405.46344,0,914.4,72.9481592,0.685961364,CL,ANP2.2,
3964,A319-131-D-2,D,2,6,59420.552,8800.55136,0,1029.73632,99.6478028,0.729909545,CL,ANP2.2,
3965,A319-131-D-2,D,2,7,59420.552,9586.53912,0,1067.68392,107.4673516,0.742790909,CL,ANP2.2,
3966,A319-131-D-2,D,2,8,59420.552,10941.95424,0,1138.06224,121.8717836,0.764957273,CL,ANP2.2,
3967,A319-131-D-2,D,2,9,59420.552,12419.89896,0,1218.438,135.7617716,0.770886818,CL,ANP2.2,
3968,A319-131-D-2,D,2,10,59420.552,15294.07152,0,1676.4,138.8484356,0.792023636,CL,ANP2.2,
3969,A319-131-D-2,D,2,11,59420.552,19319.80896,0,2286.0,143.1697652,0.813877273,CL,ANP2.2,
3970,A319-131-D-2,D,2,12,59420.552,24815.47488,0,3048.0,148.8286492,0.831594545,CL,ANP2.2,
3971,A319-131-D-3,D,3,1,61915.308,0.0,0,0.0,0.0,0.975376818,TO,ANP2.2,
3972,A319-131-D-3,D,3,2,61915.308,1079.11392,0,0.0,71.250494,0.840458182,TO,ANP2.2,
3973,A319-131-D-3,D,3,3,61915.308,3371.02704,0,457.2,72.8452704,0.862973182,TO,ANP2.2,
3974,A319-131-D-3,D,3,4,61915.308,3675.82704,0,497.46408,72.9481592,0.678661364,CL,ANP2.2,
3975,A319-131-D-3,D,3,5,61915.308,6832.76256,0,914.4,74.4914912,0.688355455,CL,ANP2.2,
3976,A319-131-D-3,D,3,6,61915.308,9457.39536,0,1032.69288,101.6541344,0.733105,CL,ANP2.2,
3977,A319-131-D-3,D,3,7,61915.308,10262.67696,0,1069.42128,109.1135724,0.745366818,CL,ANP2.2,
3978,A319-131-D-3,D,3,8,61915.308,11627.63232,0,1136.69064,122.694894,0.765013182,CL,ANP2.2,
3979,A319-131-D-3,D,3,9,61915.308,13095.33576,0,1212.61632,135.7103272,0.770600455,CL,ANP2.2,
3980,A319-131-D-3,D,3,10,61915.308,16173.7548,0,1676.4,138.8484356,0.792023636,CL,ANP2.2,
3981,A319-131-D-3,D,3,11,61915.308,20435.19408,0,2286.0,143.1697652,0.813877273,CL,ANP2.2,
3982,A319-131-D-3,D,3,12,61915.308,26259.34296,0,3048.0,148.8286492,0.831594545,CL,ANP2.2,
3983,A319-131-D-4,D,4,1,66269.7912,0.0,0,0.0,0.0,0.975376818,TO,ANP2.2,
3984,A319-131-D-4,D,4,2,66269.7912,1243.09632,0,0.0,73.7198252,0.835794091,TO,ANP2.2,
3985,A319-131-D-4,D,4,3,66269.7912,3791.62056,0,457.2,75.366046,0.858309545,TO,ANP2.2,
3986,A319-131-D-4,D,4,4,66269.7912,4096.42056,0,493.6236,75.4689348,0.682638182,CL,ANP2.2,
3987,A319-131-D-4,D,4,5,66269.7912,7617.77496,0,914.4,77.0637112,0.692421818,CL,ANP2.2,
3988,A319-131-D-4,D,4,6,66269.7912,10690.76856,0,1038.02688,105.1523536,0.738721818,CL,ANP2.2,
3989,A319-131-D-4,D,4,7,66269.7912,11515.92312,0,1072.16448,111.9430144,0.749825,CL,ANP2.2,
3990,A319-131-D-4,D,4,8,66269.7912,12901.33056,0,1134.58752,124.3925592,0.765149091,CL,ANP2.2,
3991,A319-131-D-4,D,4,9,66269.7912,14305.87944,0,1201.24728,135.6588828,0.770038182,CL,ANP2.2,
3992,A319-131-D-4,D,4,10,66269.7912,17770.72392,0,1676.4,138.8484356,0.792023636,CL,ANP2.2,
3993,A319-131-D-4,D,4,11,66269.7912,22459.98048,0,2286.0,143.1697652,0.813877273,CL,ANP2.2,
3994,A319-131-D-4,D,4,12,66269.7912,28882.63464,0,3048.0,148.8286492,0.831594545,CL,ANP2.2,
3995,A319-131-D-5,D,5,1,75477.7088,0.0,0,0.0,0.0,0.975376818,TO,ANP2.2,
3996,A319-131-D-5,D,5,2,75477.7088,1630.80192,0,0.0,78.6584876,0.826412273,TO,ANP2.2,
3997,A319-131-D-5,D,5,3,75477.7088,2313.15768,0,32.33928,86.9924804,0.812402727,TO,ANP2.2,
3998,A319-131-D-5,D,5,4,75477.7088,5330.3424,0,457.2,88.7930344,0.83341,TO,ANP2.2,
3999,A319-131-D-5,D,5,5,75477.7088,5635.1424,0,488.01528,88.8959232,0.704215909,CL,ANP2.2,
4000,A319-131-D-5,D,5,6,75477.7088,9854.00112,0,914.4,90.799366,0.71413,CL,ANP2.2,
4001,A319-131-D-5,D,5,7,75477.7088,12965.2776,0,1018.24536,112.2002364,0.749500909,CL,ANP2.2,
4002,A319-131-D-5,D,5,8,75477.7088,13827.16056,0,1047.62808,117.7562316,0.758634091,CL,ANP2.2,
4003,A319-131-D-5,D,5,9,75477.7088,15261.70176,0,1101.79104,128.1480004,0.764067727,CL,ANP2.2,
4004,A319-131-D-5,D,5,10,75477.7088,16338.10296,0,1144.95072,135.2473276,0.767230909,CL,ANP2.2,
4005,A319-131-D-5,D,5,11,75477.7088,20999.01312,0,1676.4,138.8484356,0.792023636,CL,ANP2.2,
4006,A319-131-D-5,D,5,12,75477.7088,26669.02464,0,2286.0,143.1697652,0.813877273,CL,ANP2.2,
4007,A319-131-D-5,D,5,13,75477.7088,34475.3184,0,3048.0,148.8286492,0.831594545,CL,ANP2.2,
4008,A320-211-A-1,A,1,1,60509.1728,-39140.77008,0,1828.8,139.928768,4e-05,AP,ANP2.2,
4009,A320-211-A-1,A,1,2,60509.1728,-24190.48248,0,914.4,133.75544,4e-05,AP,ANP2.2,
4010,A320-211-A-1,A,1,3,60509.1728,-19120.80504,0,914.4,107.5702404,0.0051468,AP,ANP2.2,
4011,A320-211-A-1,A,1,4,60509.1728,-17447.78832,0,914.4,97.487138,0.0162848,AP,ANP2.2,
4012,A320-211-A-1,A,1,5,60509.1728,-15202.84488,0,796.7472,92.3941424,0.0204072,AP,ANP2.2,
4013,A320-211-A-1,A,1,6,60509.1728,-11294.54688,0,591.9216,74.2342692,0.0379408,AP,ANP2.2,
4014,A320-211-A-1,A,1,7,60509.1728,-10907.23752,0,571.62192,71.764938,0.0404836,AP,ANP2.2,
4015,A320-211-A-1,A,1,8,60509.1728,-10602.43752,0,555.6504,69.707162,0.1783552,AP,ANP2.2,
4016,A320-211-A-1,A,1,9,60509.1728,-290.80968,0,15.24,67.906608,0.1672104,AP,ANP2.2,
4017,A320-211-A-1,A,1,10,60509.1728,-145.3896,0,7.62,67.8551636,0.1670596,AP,ANP2.2,
4018,A320-211-A-1,A,1,11,60509.1728,0.0,0,0.0,67.8551636,0.16694,AP,ANP2.2,
4019,A320-211-A-1,A,1,12,60509.1728,92.5068,0,0.0,66.3118316,0.4,AP,ANP2.2,
4020,A320-211-A-1,A,1,13,60509.1728,832.59168,0,0.0,15.3304312,0.1,AP,ANP2.2,
4021,JET-SMALL-D-3,D,1,1,60509.1728,0.0,0,0.0,0.0,0.9469876,TO,ANP2.2,
4022,JET-SMALL-D-3,D,1,2,60509.1728,1018.15392,0,0.0,73.822714,0.8146804,TO,ANP2.2,
4023,JET-SMALL-D-3,D,1,3,60509.1728,2949.33624,0,457.2,75.4689348,0.8318936,TO,ANP2.2,
4024,JET-SMALL-D-3,D,1,4,60509.1728,3254.13624,0,506.54712,75.623268,0.6622084,CL,ANP2.2,
4025,JET-SMALL-D-3,D,1,5,60509.1728,5773.85688,0,914.4,77.1666,0.672804,CL,ANP2.2,
4026,JET-SMALL-D-3,D,1,6,60509.1728,7628.9916,0,1004.59032,100.0079136,0.6678712,CL,ANP2.2,
4027,JET-SMALL-D-3,D,1,7,60509.1728,8404.00656,0,1041.68448,108.290462,0.6662204,CL,ANP2.2,
4028,JET-SMALL-D-3,D,1,8,60509.1728,9893.41176,0,1118.52456,123.3122268,0.6635608,CL,ANP2.2,
4029,JET-SMALL-D-3,D,1,9,60509.1728,11281.74528,0,1189.60392,135.555994,0.6616696,CL,ANP2.2,
4030,JET-SMALL-D-3,D,1,10,60509.1728,14575.56648,0,1676.4,138.8484356,0.675222,CL,ANP2.2,
4031,JET-SMALL-D-3,D,1,11,60509.1728,18966.39336,0,2286.0,143.1697652,0.6930528,CL,ANP2.2,
4032,JET-SMALL-D-3,D,1,12,60509.1728,24913.10232,0,3048.0,148.8286492,0.7166872,CL,ANP2.2,
4033,JET-MEDIUM-D-3,D,2,1,63140.0064,0.0,0,0.0,0.0,0.9469876,TO,ANP2.2,
4034,JET-MEDIUM-D-3,D,2,2,63140.0064,1112.48952,0,0.0,75.4174904,0.8118348,TO,ANP2.2,
4035,JET-MEDIUM-D-3,D,2,3,63140.0064,3171.444,0,457.2,77.0637112,0.829048,TO,ANP2.2,
4036,JET-MEDIUM-D-3,D,2,4,63140.0064,3476.244,0,503.43816,77.2694888,0.661586,CL,ANP2.2,
4037,JET-MEDIUM-D-3,D,2,5,63140.0064,6186.09888,0,914.4,78.8128208,0.6722608,CL,ANP2.2,
4038,JET-MEDIUM-D-3,D,2,6,63140.0064,8243.19408,0,1007.15064,102.1685784,0.6672392,CL,ANP2.2,
4039,JET-MEDIUM-D-3,D,2,7,63140.0064,9037.71624,0,1043.178,109.9881272,0.6657168,CL,ANP2.2,
4040,JET-MEDIUM-D-3,D,2,8,63140.0064,10554.6144,0,1117.12248,124.238226,0.6632252,CL,ANP2.2,
4041,JET-MEDIUM-D-3,D,2,9,63140.0064,11916.55224,0,1183.02024,135.5045496,0.6614912,CL,ANP2.2,
4042,JET-MEDIUM-D-3,D,2,10,63140.0064,15459.12072,0,1676.4,138.8484356,0.675222,CL,ANP2.2,
4043,JET-MEDIUM-D-3,D,2,11,63140.0064,20124.66384,0,2286.0,143.1697652,0.6930528,CL,ANP2.2,
4044,JET-MEDIUM-D-3,D,2,12,63140.0064,26451.4584,0,3048.0,148.8286492,0.7166872,CL,ANP2.2,
4045,A320-211-D-3,D,3,1,65861.5584,0.0,0,0.0,0.0,0.9469876,TO,ANP2.2,
4046,A320-211-D-3,D,3,2,65861.5584,1214.74992,0,0.0,77.0122668,0.8089528,TO,ANP2.2,
4047,A320-211-D-3,D,3,3,65861.5584,3410.34624,0,457.2,78.709932,0.826166,TO,ANP2.2,
4048,A320-211-D-3,D,3,4,65861.5584,3715.14624,0,500.4816,78.9157096,0.6609608,CL,ANP2.2,
4049,A320-211-D-3,D,3,5,65861.5584,6629.91816,0,914.4,80.510486,0.6717104,CL,ANP2.2,
4050,A320-211-D-3,D,3,6,65861.5584,8912.38248,0,1010.04624,104.3292432,0.666616,CL,ANP2.2,
4051,A320-211-D-3,D,3,7,65861.5584,9737.35416,0,1045.464,111.7886812,0.6652004,CL,ANP2.2,
4052,A320-211-D-3,D,3,8,65861.5584,11272.84512,0,1116.14712,125.1642252,0.6628832,CL,ANP2.2,
4053,A320-211-D-3,D,3,9,65861.5584,12593.2692,0,1176.528,135.4531052,0.6613144,CL,ANP2.2,
4054,A320-211-D-3,D,3,10,65861.5584,16403.574,0,1676.4,138.8484356,0.675222,CL,ANP2.2,
4055,A320-211-D-3,D,3,11,65861.5584,21363.1272,0,2286.0,143.1697652,0.6930528,CL,ANP2.2,
4056,A320-211-D-3,D,3,12,65861.5584,28097.988,0,3048.0,148.8286492,0.7166872,CL,ANP2.2,
4057,A320-211-D-4,D,4,1,70714.9928,0.0,0,0.0,0.0,0.9469876,TO,ANP2.2,
4058,A320-211-D-4,D,4,2,70714.9928,1409.05992,0,0.0,79.7902644,0.8039572,TO,ANP2.2,
4059,A320-211-D-4,D,4,3,70714.9928,3860.32248,0,457.2,81.5908184,0.8211704,TO,ANP2.2,
4060,A320-211-D-4,D,4,4,70714.9928,4165.12248,0,495.81816,81.7451516,0.6598884,CL,ANP2.2,
4061,A320-211-D-4,D,4,5,70714.9928,7468.30104,0,914.4,83.3913724,0.6707568,CL,ANP2.2,
4062,A320-211-D-4,D,4,6,70714.9928,10216.95696,0,1016.38608,108.1875732,0.665542,CL,ANP2.2,
4063,A320-211-D-4,D,4,7,70714.9928,11094.04944,0,1050.67608,114.978234,0.6643072,CL,ANP2.2,
4064,A320-211-D-4,D,4,8,70714.9928,12660.87384,0,1115.81184,127.067668,0.6622608,CL,ANP2.2,
4065,A320-211-D-4,D,4,9,70714.9928,13851.7884,0,1165.15896,135.4016608,0.6610052,CL,ANP2.2,
4066,A320-211-D-4,D,4,10,70714.9928,18170.59104,0,1676.4,138.8484356,0.675222,CL,ANP2.2,
4067,A320-211-D-4,D,4,11,70714.9928,23681.10072,0,2286.0,143.1697652,0.6930528,CL,ANP2.2,
4068,A320-211-D-4,D,4,12,70714.9928,31184.05752,0,3048.0,148.8286492,0.7166872,CL,ANP2.2,
4069,A320-211-D-5,D,5,1,77019.9216,0.0,0,0.0,0.0,0.9469876,TO,ANP2.2,
4070,A320-211-D-5,D,5,2,77019.9216,1684.56864,0,0.0,83.2884836,0.7977172,TO,ANP2.2,
4071,A320-211-D-5,D,5,3,77019.9216,4493.69688,0,457.2,85.140482,0.81493,TO,ANP2.2,
4072,A320-211-D-5,D,5,4,77019.9216,4798.49688,0,490.69752,85.2948152,0.6585664,CL,ANP2.2,
4073,A320-211-D-5,D,5,5,77019.9216,8655.61896,0,914.4,87.0439248,0.6695652,CL,ANP2.2,
4074,A320-211-D-5,D,5,6,77019.9216,11812.46304,0,1023.24408,110.2453492,0.66506,CL,ANP2.2,
4075,A320-211-D-5,D,5,7,77019.9216,12825.40488,0,1060.88688,116.7273436,0.6640388,CL,ANP2.2,
4076,A320-211-D-5,D,5,8,77019.9216,14590.4712,0,1130.13744,128.1994448,0.662316,CL,ANP2.2,
4077,A320-211-D-5,D,5,9,77019.9216,15823.11288,0,1178.53968,135.5045496,0.6613688,CL,ANP2.2,
4078,A320-211-D-5,D,5,10,77019.9216,20608.8996,0,1676.4,138.8484356,0.675222,CL,ANP2.2,
4079,A320-211-D-5,D,5,11,77019.9216,26891.49816,0,2286.0,143.1697652,0.6930528,CL,ANP2.2,
4080,A320-211-D-5,D,5,12,77019.9216,35478.38472,0,3048.0,148.8286492,0.7166872,CL,ANP2.2,
4081,A320-232-A-1,A,1,1,60282.3768,-43572.40968,0,1828.8,139.928768,0.006730943,AP,ANP2.2,
4082,A320-232-A-1,A,1,2,60282.3768,-24876.16056,0,914.4,133.75544,3.77358e-05,AP,ANP2.2,
4083,A320-232-A-1,A,1,3,60282.3768,-18843.8028,0,914.4,106.2841304,0.010081509,AP,ANP2.2,
4084,A320-232-A-1,A,1,4,60282.3768,-17447.78832,0,914.4,98.1559152,0.013824528,AP,ANP2.2,
4085,A320-232-A-1,A,1,5,60282.3768,-15197.0232,0,796.4424,91.9311428,0.014803774,AP,ANP2.2,
4086,A320-232-A-1,A,1,6,60282.3768,-11823.8016,0,619.6584,75.0059352,0.019662264,AP,ANP2.2,
4087,A320-232-A-1,A,1,7,60282.3768,-10883.98128,0,570.40272,71.507716,0.020421887,AP,ANP2.2,
4088,A320-232-A-1,A,1,8,60282.3768,-10579.18128,0,554.4312,70.3244948,0.186126415,AP,ANP2.2,
4089,A320-232-A-1,A,1,9,60282.3768,-290.80968,0,15.24,68.5239408,0.174521509,AP,ANP2.2,
4090,A320-232-A-1,A,1,10,60282.3768,-145.3896,0,7.62,68.5239408,0.174364151,AP,ANP2.2,
4091,A320-232-A-1,A,1,11,60282.3768,0.0,0,0.0,68.4724964,0.174236604,AP,ANP2.2,
4092,A320-232-A-1,A,1,12,60282.3768,94.7928,0,0.0,66.9291644,0.4,AP,ANP2.2,
4093,A320-232-A-1,A,1,13,60282.3768,853.25712,0,0.0,15.3304312,0.1,AP,ANP2.2,
4094,A320-232-D-1,D,1,1,60282.3768,0.0,0,0.0,0.0,0.93466717,TO,ANP2.2,
4095,A320-232-D-1,D,1,2,60282.3768,964.692,0,0.0,73.822714,0.797241132,TO,ANP2.2,
4096,A320-232-D-1,D,1,3,60282.3768,2777.85576,0,457.2,75.4689348,0.815320755,TO,ANP2.2,
4097,A320-232-D-1,D,1,4,60282.3768,3082.65576,0,500.3292,75.623268,0.565672453,CL,ANP2.2,
4098,A320-232-D-1,D,1,5,60282.3768,6008.27856,0,914.4,77.1666,0.574020755,CL,ANP2.2,
4099,A320-232-D-1,D,1,6,60282.3768,8084.3628,0,1011.05208,99.6478028,0.592555094,CL,ANP2.2,
4100,A320-232-D-1,D,1,7,60282.3768,8904.64056,0,1049.36544,107.776018,0.599251698,CL,ANP2.2,
4101,A320-232-D-1,D,1,8,60282.3768,10344.11952,0,1120.35336,122.1290056,0.605889434,CL,ANP2.2,
4102,A320-232-D-1,D,1,9,60282.3768,11900.6112,0,1198.9308,135.6074384,0.605363774,CL,ANP2.2,
4103,A320-232-D-1,D,1,10,60282.3768,15168.28056,0,1676.4,138.8484356,0.623119245,CL,ANP2.2,
4104,A320-232-D-1,D,1,11,60282.3768,19562.5212,0,2286.0,143.1697652,0.641912075,CL,ANP2.2,
4105,A320-232-D-1,D,1,12,60282.3768,25516.1796,0,3048.0,148.8286492,0.659290189,CL,ANP2.2,
4106,A320-232-D-2,D,2,1,62822.492,0.0,0,0.0,0.0,0.93466717,TO,ANP2.2,
4107,A320-232-D-2,D,2,2,62822.492,1051.46856,0,0.0,75.366046,0.794375472,TO,ANP2.2,
4108,A320-232-D-2,D,2,3,62822.492,2979.8772,0,457.2,77.0637112,0.812455094,TO,ANP2.2,
4109,A320-232-D-2,D,2,4,62822.492,3284.6772,0,497.79936,77.2180444,0.566833585,CL,ANP2.2,
4110,A320-232-D-2,D,2,5,62822.492,6412.04712,0,914.4,78.7613764,0.57523283,CL,ANP2.2,
4111,A320-232-D-2,D,2,6,62822.492,8690.36616,0,1013.49048,101.6541344,0.594095094,CL,ANP2.2,
4112,A320-232-D-2,D,2,7,62822.492,9526.73736,0,1050.3408,109.31935,0.60044,CL,ANP2.2,
4113,A320-232-D-2,D,2,8,62822.492,10979.38368,0,1118.1588,122.9006716,0.605568302,CL,ANP2.2,
4114,A320-232-D-2,D,2,9,62822.492,12530.08416,0,1192.53,135.555994,0.60510717,CL,ANP2.2,
4115,A320-232-D-2,D,2,10,62822.492,16035.86328,0,1676.4,138.8484356,0.623119245,CL,ANP2.2,
4116,A320-232-D-2,D,2,11,62822.492,20692.35384,0,2286.0,143.1697652,0.641912075,CL,ANP2.2,
4117,A320-232-D-2,D,2,12,62822.492,27008.6328,0,3048.0,148.8286492,0.659290189,CL,ANP2.2,
4118,A320-232-D-3,D,3,1,65407.9664,0.0,0,0.0,0.0,0.93466717,TO,ANP2.2,
4119,A320-232-D-3,D,3,2,65407.9664,1143.9144,0,0.0,76.909378,0.791517736,TO,ANP2.2,
4120,A320-232-D-3,D,3,3,65407.9664,3193.11528,0,457.2,78.6070432,0.809597358,TO,ANP2.2,
4121,A320-232-D-3,D,3,4,65407.9664,3497.91528,0,495.42192,78.7613764,0.567994717,CL,ANP2.2,
4122,A320-232-D-3,D,3,5,65407.9664,6838.37088,0,914.4,80.3561528,0.576441509,CL,ANP2.2,
4123,A320-232-D-3,D,3,6,65407.9664,9349.46568,0,1016.38608,103.7633548,0.595725283,CL,ANP2.2,
4124,A320-232-D-3,D,3,7,65407.9664,10199.15664,0,1051.68192,111.0170152,0.601715849,CL,ANP2.2,
4125,A320-232-D-3,D,3,8,65407.9664,11664.87888,0,1116.42144,123.8266708,0.605234717,CL,ANP2.2,
4126,A320-232-D-3,D,3,9,65407.9664,13187.69016,0,1185.76344,135.555994,0.604835472,CL,ANP2.2,
4127,A320-232-D-3,D,3,10,65407.9664,16948.80024,0,1676.4,138.8484356,0.623119245,CL,ANP2.2,
4128,A320-232-D-3,D,3,11,65407.9664,21880.55568,0,2286.0,143.1697652,0.641912075,CL,ANP2.2,
4129,A320-232-D-3,D,3,12,65407.9664,28578.56616,0,3048.0,148.8286492,0.659290189,CL,ANP2.2,
4130,A320-232-D-4,D,4,1,69989.2456,0.0,0,0.0,0.0,0.93466717,TO,ANP2.2,
4131,A320-232-D-4,D,4,2,69989.2456,1317.9552,0,0.0,79.5330424,0.786589434,TO,ANP2.2,
4132,A320-232-D-4,D,4,3,69989.2456,3590.57448,0,457.2,81.3335964,0.804669057,TO,ANP2.2,
4133,A320-232-D-4,D,4,4,69989.2456,3895.37448,0,491.67288,81.4364852,0.570003396,CL,ANP2.2,
4134,A320-232-D-4,D,4,5,69989.2456,7634.26464,0,914.4,83.1341504,0.578526415,CL,ANP2.2,
4135,A320-232-D-4,D,4,6,69989.2456,10609.26504,0,1022.08584,107.4673516,0.598580755,CL,ANP2.2,
4136,A320-232-D-4,D,4,7,69989.2456,11480.26152,0,1054.7604,114.0007904,0.603994717,CL,ANP2.2,
4137,A320-232-D-4,D,4,8,69989.2456,12979.6032,0,1114.98888,125.6786692,0.604650943,CL,ANP2.2,
4138,A320-232-D-4,D,4,9,69989.2456,14393.23512,0,1173.81528,135.4531052,0.604355472,CL,ANP2.2,
4139,A320-232-D-4,D,4,10,69989.2456,18636.02064,0,1676.4,138.8484356,0.623119245,CL,ANP2.2,
4140,A320-232-D-4,D,4,11,69989.2456,24077.64552,0,2286.0,143.1697652,0.641912075,CL,ANP2.2,
4141,A320-232-D-4,D,4,12,69989.2456,31485.65712,0,3048.0,148.8286492,0.659290189,CL,ANP2.2,
4142,A320-232-D-5,D,5,1,78017.824,0.0,0,0.0,0.0,0.93466717,TO,ANP2.2,
4143,A320-232-D-5,D,5,2,78017.824,1655.00304,0,0.0,84.0087052,0.778326792,TO,ANP2.2,
4144,A320-232-D-5,D,5,3,78017.824,4351.38576,0,457.2,85.8607036,0.796406415,TO,ANP2.2,
4145,A320-232-D-5,D,5,4,78017.824,4656.18576,0,486.156,85.9635924,0.57338717,CL,ANP2.2,
4146,A320-232-D-5,D,5,5,78017.824,9166.43328,0,914.4,87.7641464,0.582021509,CL,ANP2.2,
4147,A320-232-D-5,D,5,6,78017.824,13067.93424,0,1031.32128,113.3834576,0.603159623,CL,ANP2.2,
4148,A320-232-D-5,D,5,7,78017.824,13977.6708,0,1060.0944,118.836564,0.604237736,CL,ANP2.2,
4149,A320-232-D-5,D,5,8,78017.824,15532.9128,0,1113.40392,128.8167776,0.603676226,CL,ANP2.2,
4150,A320-232-D-5,D,5,9,78017.824,16644.6708,0,1153.2108,135.298772,0.603523019,CL,ANP2.2,
4151,A320-232-D-5,D,5,10,78017.824,21828.67872,0,1676.4,138.8484356,0.623119245,CL,ANP2.2,
4152,A320-232-D-5,D,5,11,78017.824,28239.62856,0,2286.0,143.1697652,0.641912075,CL,ANP2.2,
4153,A320-232-D-5,D,5,12,78017.824,37007.71872,0,3048.0,148.8286492,0.659290189,CL,ANP2.2,
4154,A321-232-A-1,A,1,1,71123.2256,-40620.26928,0,1828.8,139.928768,0.002625667,AP,ANP2.2,
4155,A321-232-A-1,A,1,2,71123.2256,-23736.36096,0,914.4,133.75544,3.33333e-05,AP,ANP2.2,
4156,A321-232-A-1,A,1,3,71123.2256,-19297.92432,0,914.4,112.9719024,0.005120333,AP,ANP2.2,
4157,A321-232-A-1,A,1,4,71123.2256,-17447.78832,0,914.4,102.4772448,0.009916,AP,ANP2.2,
4158,A321-232-A-1,A,1,5,71123.2256,-14714.31144,0,771.144,93.0629196,0.012207333,AP,ANP2.2,
4159,A321-232-A-1,A,1,6,71123.2256,-12405.39048,0,650.1384,79.1214872,0.016836,AP,ANP2.2,
4160,A321-232-A-1,A,1,7,71123.2256,-11954.1036,0,626.48592,75.5203792,0.018133333,AP,ANP2.2,
4161,A321-232-A-1,A,1,8,71123.2256,-11649.3036,0,610.5144,72.9996036,0.183781667,AP,ANP2.2,
4162,A321-232-A-1,A,1,9,71123.2256,-290.80968,0,15.24,70.9418276,0.171165333,AP,ANP2.2,
4163,A321-232-A-1,A,1,10,71123.2256,-145.3896,0,7.62,70.8903832,0.171010667,AP,ANP2.2,
4164,A321-232-A-1,A,1,11,71123.2256,0.0,0,0.0,70.8903832,0.170885667,AP,ANP2.2,
4165,A321-232-A-1,A,1,12,71123.2256,105.21696,0,0.0,69.3470512,0.4,AP,ANP2.2,
4166,A321-232-A-1,A,1,13,71123.2256,946.95264,0,0.0,15.3304312,0.1,AP,ANP2.2,
4167,JET-SMALL-D-4,D,1,1,71123.2256,0.0,0,0.0,0.0,0.95516,TO,ANP2.2,
4168,JET-SMALL-D-4,D,1,2,71123.2256,1141.35408,0,0.0,79.0700428,0.817467667,TO,ANP2.2,
4169,JET-SMALL-D-4,D,1,3,71123.2256,3056.50392,0,457.2,80.8705968,0.829634,TO,ANP2.2,
4170,JET-SMALL-D-4,D,1,4,71123.2256,3361.30392,0,504.38304,81.02493,0.639729333,CL,ANP2.2,
4171,JET-SMALL-D-4,D,1,5,71123.2256,6010.32072,0,914.4,82.6711508,0.655600667,CL,ANP2.2,
4172,JET-SMALL-D-4,D,1,6,71123.2256,8051.01768,0,1009.1928,104.7407984,0.630257333,CL,ANP2.2,
4173,JET-SMALL-D-4,D,1,7,71123.2256,9014.94768,0,1052.6268,113.5377908,0.620495333,CL,ANP2.2,
4174,JET-SMALL-D-4,D,1,8,71123.2256,10486.43064,0,1120.5972,126.7590016,0.605978333,CL,ANP2.2,
4175,JET-SMALL-D-4,D,1,9,71123.2256,11589.34944,0,1171.194,135.4531052,0.596818667,CL,ANP2.2,
4176,JET-SMALL-D-4,D,1,10,71123.2256,15406.02456,0,1676.4,138.8484356,0.614934,CL,ANP2.2,
4177,JET-SMALL-D-4,D,1,11,71123.2256,20266.42632,0,2286.0,143.1697652,0.635437,CL,ANP2.2,
4178,JET-SMALL-D-4,D,1,12,71123.2256,26815.66392,0,3048.0,148.8286492,0.658981,CL,ANP2.2,
4179,JET-MEDIUM-D-4,D,2,1,74071.5736,0.0,0,0.0,0.0,0.95516,TO,ANP2.2,
4180,JET-MEDIUM-D-4,D,2,2,74071.5736,1242.2124,0,0.0,80.7162636,0.814642667,TO,ANP2.2,
4181,JET-MEDIUM-D-4,D,2,3,74071.5736,3280.28808,0,457.2,82.5168176,0.826809,TO,ANP2.2,
4182,JET-MEDIUM-D-4,D,2,4,74071.5736,3585.08808,0,501.2436,82.6711508,0.637335333,CL,ANP2.2,
4183,JET-MEDIUM-D-4,D,2,5,74071.5736,6443.59392,0,914.4,84.368816,0.65333,CL,ANP2.2,
4184,JET-MEDIUM-D-4,D,2,6,74071.5736,8721.36432,0,1012.81992,106.9014632,0.627529333,CL,ANP2.2,
4185,JET-MEDIUM-D-4,D,2,7,74071.5736,9699.68088,0,1053.9984,115.0811228,0.618469667,CL,ANP2.2,
4186,JET-MEDIUM-D-4,D,2,8,74071.5736,11184.36168,0,1118.49408,127.582112,0.604825667,CL,ANP2.2,
4187,JET-MEDIUM-D-4,D,2,9,74071.5736,12242.96256,0,1164.36648,135.4016608,0.596567,CL,ANP2.2,
4188,JET-MEDIUM-D-4,D,2,10,74071.5736,16343.86368,0,1676.4,138.8484356,0.614934,CL,ANP2.2,
4189,JET-MEDIUM-D-4,D,2,11,74071.5736,21502.63416,0,2286.0,143.1697652,0.635437,CL,ANP2.2,
4190,JET-MEDIUM-D-4,D,2,12,74071.5736,28462.92504,0,3048.0,148.8286492,0.658981,CL,ANP2.2,
4191,A321-232-D-3,D,3,1,77110.64,0.0,0,0.0,0.0,0.95516,TO,ANP2.2,
4192,A321-232-D-3,D,3,2,77110.64,1350.96504,0,0.0,82.3624844,0.811789,TO,ANP2.2,
4193,A321-232-D-3,D,3,3,77110.64,3519.9828,0,457.2,84.1630384,0.823955333,TO,ANP2.2,
4194,A321-232-D-3,D,3,4,77110.64,3824.7828,0,498.28704,84.368816,0.634924667,CL,ANP2.2,
4195,A321-232-D-3,D,3,5,77110.64,6910.54752,0,914.4,86.0664812,0.651036333,CL,ANP2.2,
4196,A321-232-D-3,D,3,6,77110.64,9452.0004,0,1016.44704,109.062128,0.6248,CL,ANP2.2,
4197,A321-232-D-3,D,3,7,77110.64,10447.782,0,1055.5224,116.7273436,0.616377667,CL,ANP2.2,
4198,A321-232-D-3,D,3,8,77110.64,11941.24104,0,1116.42144,128.4052224,0.603603,CL,ANP2.2,
4199,A321-232-D-3,D,3,9,77110.64,12937.8456,0,1157.20368,135.3502164,0.596302333,CL,ANP2.2,
4200,A321-232-D-3,D,3,10,77110.64,17347.66152,0,1676.4,138.8484356,0.614934,CL,ANP2.2,
4201,A321-232-D-3,D,3,11,77110.64,22825.28328,0,2286.0,143.1697652,0.635437,CL,ANP2.2,
4202,A321-232-D-3,D,3,12,77110.64,30226.254,0,3048.0,148.8286492,0.658981,CL,ANP2.2,
4203,A321-232-D-4,D,4,1,82599.1032,0.0,0,0.0,0.0,0.95516,TO,ANP2.2,
4204,A321-232-D-4,D,4,2,82599.1032,1559.72256,0,0.0,85.2433708,0.806774667,TO,ANP2.2,
4205,A321-232-D-4,D,4,3,82599.1032,3977.12184,0,457.2,87.1468136,0.818940667,TO,ANP2.2,
4206,A321-232-D-4,D,4,4,82599.1032,4281.92184,0,493.56264,87.3011468,0.630706333,CL,ANP2.2,
4207,A321-232-D-4,D,4,5,82599.1032,7810.5,0,914.4,89.1017008,0.647005667,CL,ANP2.2,
4208,A321-232-D-4,D,4,6,82599.1032,10890.07728,0,1022.96976,112.8690136,0.620031,CL,ANP2.2,
4209,A321-232-D-4,D,4,7,82599.1032,11918.5944,0,1058.63136,119.6596744,0.612626,CL,ANP2.2,
4210,A321-232-D-4,D,4,8,82599.1032,13433.96856,0,1113.8916,130.154332,0.601217667,CL,ANP2.2,
4211,A321-232-D-4,D,4,9,82599.1032,14256.8676,0,1144.31064,135.2473276,0.595826,CL,ANP2.2,
4212,A321-232-D-4,D,4,10,82599.1032,19265.0364,0,1676.4,138.8484356,0.614934,CL,ANP2.2,
4213,A321-232-D-4,D,4,11,82599.1032,25350.09408,0,2286.0,143.1697652,0.635437,CL,ANP2.2,
4214,A321-232-D-4,D,4,12,82599.1032,33594.20256,0,3048.0,148.8286492,0.658981,CL,ANP2.2,
4215,A321-232-D-5,D,5,1,93485.3112,0.0,0,0.0,0.0,0.95516,TO,ANP2.2,
4216,A321-232-D-5,D,5,2,93485.3112,2021.64696,0,0.0,90.6964772,0.797298667,TO,ANP2.2,
4217,A321-232-D-5,D,5,3,93485.3112,4983.38856,0,457.2,92.7028088,0.809465,TO,ANP2.2,
4218,A321-232-D-5,D,5,4,93485.3112,5288.18856,0,485.88168,92.8056976,0.622785667,CL,ANP2.2,
4219,A321-232-D-5,D,5,5,93485.3112,9843.88176,0,914.4,94.7605848,0.639389,CL,ANP2.2,
4220,A321-232-D-5,D,5,6,93485.3112,12871.76496,0,1000.07928,112.8175692,0.619101333,CL,ANP2.2,
4221,A321-232-D-5,D,5,7,93485.3112,13892.50968,0,1028.66952,118.32212,0.613081667,CL,ANP2.2,
4222,A321-232-D-5,D,5,8,93485.3112,15329.73312,0,1071.58536,126.8618904,0.603655,CL,ANP2.2,
4223,A321-232-D-5,D,5,9,93485.3112,16895.27736,0,1119.46944,135.0929944,0.594906667,CL,ANP2.2,
4224,A321-232-D-5,D,5,10,93485.3112,23258.2212,0,1676.4,138.8484356,0.614934,CL,ANP2.2,
4225,A321-232-D-5,D,5,11,93485.3112,30684.88656,0,2286.0,143.1697652,0.635437,CL,ANP2.2,
4226,A321-232-D-5,D,5,12,93485.3112,40808.94048,0,3048.0,148.8286492,0.658981,CL,ANP2.2,
4227,JET-MEDIUM-A-1,A,1,1,166468.264,-43250.9676,0,1828.8,139.928768,1.48148e-05,AP,ANP2.2,
4228,JET-MEDIUM-A-1,A,1,2,166468.264,-26367.05928,0,914.4,133.75544,1.48148e-05,AP,ANP2.2,
4229,JET-MEDIUM-A-1,A,1,3,166468.264,-20472.22728,0,914.4,107.4673516,1.48148e-05,AP,ANP2.2,
4230,JET-MEDIUM-A-1,A,1,4,166468.264,-17447.78832,0,914.4,88.7930344,0.004812,AP,ANP2.2,
4231,JET-MEDIUM-A-1,A,1,5,166468.264,-14813.18856,0,776.3256,81.8480404,0.009234222,AP,ANP2.2,
4232,JET-MEDIUM-A-1,A,1,6,166468.264,-13330.1232,0,698.6016,74.3886024,0.014329481,AP,ANP2.2,
4233,JET-MEDIUM-A-1,A,1,7,166468.264,-12774.168,0,669.46272,71.0447164,0.016645926,AP,ANP2.2,
4234,JET-MEDIUM-A-1,A,1,8,166468.264,-12469.368,0,653.4912,69.1412736,0.138499111,AP,ANP2.2,
4235,JET-MEDIUM-A-1,A,1,9,166468.264,-290.80968,0,15.24,67.0320532,0.128325778,AP,ANP2.2,
4236,JET-MEDIUM-A-1,A,1,10,166468.264,-145.3896,0,7.62,67.0320532,0.128209778,AP,ANP2.2,
4237,JET-MEDIUM-A-1,A,1,11,166468.264,0.0,0,0.0,66.9806088,0.128125778,AP,ANP2.2,
4238,JET-MEDIUM-A-1,A,1,12,166468.264,64.12992,0,0.0,65.4372768,0.1,AP,ANP2.2,
4239,JET-MEDIUM-A-1,A,1,13,166468.264,577.23024,0,0.0,15.3304312,0.1,AP,ANP2.2,
4240,A330-301-D-1,D,1,1,166468.264,0.0,0,0.0,0.0,0.910036296,TO,ANP2.2,
4241,A330-301-D-1,D,1,2,166468.264,1092.8604,0,0.0,76.6007116,0.802559852,TO,ANP2.2,
4242,A330-301-D-1,D,1,3,166468.264,3033.522,0,457.2,78.2983768,0.815282222,TO,ANP2.2,
4243,A330-301-D-1,D,1,4,166468.264,3338.322,0,500.11584,78.45271,0.584404296,CL,ANP2.2,
4244,A330-301-D-1,D,1,5,166468.264,6279.85536,0,914.4,80.0989308,0.599712741,CL,ANP2.2,
4245,A330-301-D-1,D,1,6,166468.264,7294.0164,0,959.9676,91.5195876,0.60948637,CL,ANP2.2,
4246,A330-301-D-1,D,1,7,166468.264,8450.4276,0,1009.52808,103.7119104,0.619898667,CL,ANP2.2,
4247,A330-301-D-1,D,1,8,166468.264,9347.24064,0,1052.13912,113.2291244,0.628091556,CL,ANP2.2,
4248,A330-301-D-1,D,1,9,166468.264,11797.83264,0,1179.21024,135.5045496,0.648096,CL,ANP2.2,
4249,A330-301-D-1,D,1,10,166468.264,15095.8296,0,1676.4,138.8484356,0.666374963,CL,ANP2.2,
4250,A330-301-D-1,D,1,11,166468.264,19348.15536,0,2286.0,143.1697652,0.688699556,CL,ANP2.2,
4251,A330-301-D-1,D,1,12,166468.264,25029.50544,0,3048.0,148.8286492,0.71646963,CL,ANP2.2,
4252,JET-MEDIUM-D-6,D,2,1,171684.572,0.0,0,0.0,0.0,0.910036296,TO,ANP2.2,
4253,JET-MEDIUM-D-6,D,2,2,171684.572,1164.85416,0,0.0,77.7839328,0.800889037,TO,ANP2.2,
4254,JET-MEDIUM-D-6,D,2,3,171684.572,3193.3896,0,457.2,79.5330424,0.813611407,TO,ANP2.2,
4255,JET-MEDIUM-D-6,D,2,4,171684.572,3498.1896,0,498.28704,79.6873756,0.585232444,CL,ANP2.2,
4256,JET-MEDIUM-D-6,D,2,5,171684.572,6584.19816,0,914.4,81.3335964,0.600608593,CL,ANP2.2,
4257,JET-MEDIUM-D-6,D,2,6,171684.572,7667.15256,0,960.45528,92.9085864,0.610504593,CL,ANP2.2,
4258,JET-MEDIUM-D-6,D,2,7,171684.572,8837.91984,0,1008.4308,104.6379096,0.620512444,CL,ANP2.2,
4259,JET-MEDIUM-D-6,D,2,8,171684.572,9745.6752,0,1050.06648,113.7950128,0.628438667,CL,ANP2.2,
4260,JET-MEDIUM-D-6,D,2,9,171684.572,12231.13632,0,1174.15056,135.4531052,0.647909481,CL,ANP2.2,
4261,JET-MEDIUM-D-6,D,2,10,171684.572,15701.25384,0,1676.4,138.8484356,0.666374963,CL,ANP2.2,
4262,JET-MEDIUM-D-6,D,2,11,171684.572,20133.13728,0,2286.0,143.1697652,0.688699556,CL,ANP2.2,
4263,JET-MEDIUM-D-6,D,2,12,171684.572,26057.8092,0,3048.0,148.8286492,0.71646963,CL,ANP2.2,
4264,JET-MEDIUM-D-7,D,3,1,177127.676,0.0,0,0.0,0.0,0.910036296,TO,ANP2.2,
4265,JET-MEDIUM-D-7,D,3,2,177127.676,1242.54768,0,0.0,79.0185984,0.799172296,TO,ANP2.2,
4266,JET-MEDIUM-D-7,D,3,3,177127.676,3364.62624,0,457.2,80.767708,0.811894667,TO,ANP2.2,
4267,JET-MEDIUM-D-7,D,3,4,177127.676,3669.42624,0,496.5192,80.9220412,0.586086519,CL,ANP2.2,
4268,JET-MEDIUM-D-7,D,3,5,177127.676,6909.9684,0,914.4,82.6197064,0.601528889,CL,ANP2.2,
4269,JET-MEDIUM-D-7,D,3,6,177127.676,8071.13448,0,961.1868,94.3490296,0.611571259,CL,ANP2.2,
4270,JET-MEDIUM-D-7,D,3,7,177127.676,9250.9848,0,1007.45544,105.5639088,0.621131407,CL,ANP2.2,
4271,JET-MEDIUM-D-7,D,3,8,177127.676,10169.8044,0,1048.17672,114.3609012,0.628791852,CL,ANP2.2,
4272,JET-MEDIUM-D-7,D,3,9,177127.676,12691.23192,0,1169.30424,135.4016608,0.647730815,CL,ANP2.2,
4273,JET-MEDIUM-D-7,D,3,10,177127.676,16343.5284,0,1676.4,138.8484356,0.666374963,CL,ANP2.2,
4274,JET-MEDIUM-D-7,D,3,11,177127.676,20966.43,0,2286.0,143.1697652,0.688699556,CL,ANP2.2,
4275,JET-MEDIUM-D-7,D,3,12,177127.676,27150.2124,0,3048.0,148.8286492,0.71646963,CL,ANP2.2,
4276,JET-LARGE-D-4,D,4,1,186743.8264,0.0,0,0.0,0.0,0.910036296,TO,ANP2.2,
4277,JET-LARGE-D-4,D,4,2,186743.8264,1386.26088,0,0.0,81.1278188,0.796202667,TO,ANP2.2,
4278,JET-LARGE-D-4,D,4,3,186743.8264,3678.44832,0,457.2,82.9283728,0.808925037,TO,ANP2.2,
4279,JET-LARGE-D-4,D,4,4,186743.8264,3983.24832,0,493.59312,83.082706,0.587571259,CL,ANP2.2,
4280,JET-LARGE-D-4,D,4,5,186743.8264,7506.6144,0,914.4,84.8318156,0.603121037,CL,ANP2.2,
4281,JET-LARGE-D-4,D,4,6,186743.8264,8820.02808,0,962.34504,96.972694,0.61346237,CL,ANP2.2,
4282,JET-LARGE-D-4,D,4,7,186743.8264,10032.61392,0,1006.602,107.3644628,0.622409037,CL,ANP2.2,
4283,JET-LARGE-D-4,D,4,8,186743.8264,10978.22544,0,1046.10408,115.6984556,0.629678222,CL,ANP2.2,
4284,JET-LARGE-D-4,D,4,9,186743.8264,13514.07,0,1160.00784,135.3502164,0.647388,CL,ANP2.2,
4285,JET-LARGE-D-4,D,4,10,186743.8264,17507.59008,0,1676.4,138.8484356,0.666374963,CL,ANP2.2,
4286,JET-LARGE-D-4,D,4,11,186743.8264,22477.35408,0,2286.0,143.1697652,0.688699556,CL,ANP2.2,
4287,JET-LARGE-D-4,D,4,12,186743.8264,29132.81448,0,3048.0,148.8286492,0.71646963,CL,ANP2.2,
4288,A330-301-D-5,D,5,1,199217.6064,0.0,0,0.0,0.0,0.910036296,TO,ANP2.2,
4289,A330-301-D-5,D,5,2,199217.6064,1585.05144,0,0.0,83.8029276,0.79246237,TO,ANP2.2,
4290,A330-301-D-5,D,5,3,199217.6064,4107.72864,0,457.2,85.654926,0.805184741,TO,ANP2.2,
4291,A330-301-D-5,D,5,4,199217.6064,4412.52864,0,490.2708,85.8092592,0.589452889,CL,ANP2.2,
4292,A330-301-D-5,D,5,5,199217.6064,8322.96024,0,914.4,87.6098132,0.605126519,CL,ANP2.2,
4293,A330-301-D-5,D,5,6,199217.6064,9852.69048,0,963.86904,100.1622468,0.615828593,CL,ANP2.2,
4294,A330-301-D-5,D,5,7,199217.6064,11130.534,0,1006.96776,109.833794,0.62419363,CL,ANP2.2,
4295,A330-301-D-5,D,5,8,199217.6064,12109.58208,0,1045.03728,117.6018984,0.630986222,CL,ANP2.2,
4296,A330-301-D-5,D,5,9,199217.6064,14614.21512,0,1148.27304,135.298772,0.646956,CL,ANP2.2,
4297,A330-301-D-5,D,5,10,199217.6064,19076.42616,0,1676.4,138.8484356,0.666374963,CL,ANP2.2,
4298,A330-301-D-5,D,5,11,199217.6064,24515.2164,0,2286.0,143.1697652,0.688699556,CL,ANP2.2,
4299,A330-301-D-5,D,5,12,199217.6064,31810.36056,0,3048.0,148.8286492,0.71646963,CL,ANP2.2,
4300,A330-301-D-6,D,6,1,212780.0072,0.0,0,0.0,0.0,0.910036296,TO,ANP2.2,
4301,A330-301-D-6,D,6,2,212780.0072,1817.2176,0,0.0,86.6323696,0.788526074,TO,ANP2.2,
4302,A330-301-D-6,D,6,3,212780.0072,4604.27832,0,457.2,88.5358124,0.801248444,TO,ANP2.2,
4303,A330-301-D-6,D,6,4,212780.0072,4909.07832,0,487.0704,88.6901456,0.591445481,CL,ANP2.2,
4304,A330-301-D-6,D,6,5,212780.0072,9268.78512,0,914.4,90.542144,0.607236889,CL,ANP2.2,
4305,A330-301-D-6,D,6,6,212780.0072,11055.4008,0,965.454,103.5061328,0.618273778,CL,ANP2.2,
4306,A330-301-D-6,D,6,7,212780.0072,12416.88144,0,1008.18696,112.4574584,0.626124,CL,ANP2.2,
4307,A330-301-D-6,D,6,8,212780.0072,13428.02496,0,1044.5496,119.60823,0.632430963,CL,ANP2.2,
4308,A330-301-D-6,D,6,9,212780.0072,15853.07472,0,1135.77624,135.1958832,0.646495111,CL,ANP2.2,
4309,A330-301-D-6,D,6,10,212780.0072,20861.70072,0,1676.4,138.8484356,0.666374963,CL,ANP2.2,
4310,A330-301-D-6,D,6,11,212780.0072,26836.69512,0,2286.0,143.1697652,0.688699556,CL,ANP2.2,
4311,A330-301-D-6,D,6,12,212780.0072,34866.01104,0,3048.0,148.8286492,0.71646963,CL,ANP2.2,
4312,A330-301-D-7,D,7,1,216998.4128,0.0,0,0.0,0.0,0.910036296,TO,ANP2.2,
4313,A330-301-D-7,D,7,2,216998.4128,1892.83848,0,0.0,87.45548,0.787327556,TO,ANP2.2,
4314,A330-301-D-7,D,7,3,216998.4128,4765.27368,0,457.2,89.4103672,0.800049926,TO,ANP2.2,
4315,A330-301-D-7,D,7,4,216998.4128,5070.07368,0,486.156,89.513256,0.592054519,CL,ANP2.2,
4316,A330-301-D-7,D,7,5,216998.4128,9576.08448,0,914.4,91.4166988,0.607879556,CL,ANP2.2,
4317,A330-301-D-7,D,7,6,216998.4128,11450.90928,0,966.0636,104.5350208,0.619027704,CL,ANP2.2,
4318,A330-301-D-7,D,7,7,216998.4128,12837.20064,0,1008.61368,113.2805688,0.626718222,CL,ANP2.2,
4319,A330-301-D-7,D,7,8,216998.4128,13867.08936,0,1044.73248,120.3284516,0.632938815,CL,ANP2.2,
4320,A330-301-D-7,D,7,9,216998.4128,16246.69344,0,1131.75288,135.1958832,0.646347556,CL,ANP2.2,
4321,A330-301-D-7,D,7,10,216998.4128,21435.02952,0,1676.4,138.8484356,0.666374963,CL,ANP2.2,
4322,A330-301-D-7,D,7,11,216998.4128,27582.75408,0,2286.0,143.1697652,0.688699556,CL,ANP2.2,
4323,A330-301-D-7,D,7,12,216998.4128,35849.2044,0,3048.0,148.8286492,0.71646963,CL,ANP2.2,
4324,JET-LARGE-A-1,A,1,1,167466.1664,-48957.70752,0,1828.8,139.928768,0.006487764,AP,ANP2.2,
4325,JET-LARGE-A-1,A,1,2,167466.1664,-27140.79408,0,914.4,133.75544,0.00219789,AP,ANP2.2,
4326,JET-LARGE-A-1,A,1,3,167466.1664,-20894.71056,0,914.4,111.2227928,0.009915471,AP,ANP2.2,
4327,JET-LARGE-A-1,A,1,4,167466.1664,-17447.78832,0,914.4,93.3201416,0.01605654,AP,ANP2.2,
4328,JET-LARGE-A-1,A,1,5,167466.1664,-14638.69056,0,767.1816,87.6612576,0.017129677,AP,ANP2.2,
4329,JET-LARGE-A-1,A,1,6,167466.1664,-14138.51376,0,740.9688,85.7578148,0.017620113,AP,ANP2.2,
4330,JET-LARGE-A-1,A,1,7,167466.1664,-12289.04832,0,644.0424,77.423822,0.019967651,AP,ANP2.2,
4331,JET-LARGE-A-1,A,1,8,167466.1664,-11576.06016,0,606.67392,73.2053812,0.02121294,AP,ANP2.2,
4332,JET-LARGE-A-1,A,1,9,167466.1664,-11271.26016,0,590.7024,71.3533828,0.143731927,AP,ANP2.2,
4333,JET-LARGE-A-1,A,1,10,167466.1664,-290.80968,0,15.24,69.3984956,0.134183966,AP,ANP2.2,
4334,JET-LARGE-A-1,A,1,11,167466.1664,-145.3896,0,7.62,69.3984956,0.134062729,AP,ANP2.2,
4335,JET-LARGE-A-1,A,1,12,167466.1664,0.0,0,0.0,69.3470512,0.133972996,AP,ANP2.2,
4336,JET-LARGE-A-1,A,1,13,167466.1664,115.2144,0,0.0,67.8037192,0.1,AP,ANP2.2,
4337,JET-LARGE-A-1,A,1,14,167466.1664,1037.11248,0,0.0,15.3304312,0.1,AP,ANP2.2,
4338,A330-343-D-1,D,1,1,167466.1664,0.0,0,0.0,0.0,0.983065682,TO,ANP2.2,
4339,A330-343-D-1,D,1,2,167466.1664,1026.32256,0,0.0,76.2406008,0.819679466,TO,ANP2.2,
4340,A330-343-D-1,D,1,3,167466.1664,2798.064,0,457.2,77.938266,0.837372293,TO,ANP2.2,
4341,A330-343-D-1,D,1,4,167466.1664,3102.864,0,506.5776,78.1440436,0.617708439,CL,ANP2.2,
4342,A330-343-D-1,D,1,5,167466.1664,5619.99384,0,914.4,79.6873756,0.631553165,CL,ANP2.2,
4343,A330-343-D-1,D,1,6,167466.1664,6748.08912,0,972.58632,93.7831412,0.629182841,CL,ANP2.2,
4344,A330-343-D-1,D,1,7,167466.1664,7996.03176,0,1032.99768,107.6731292,0.626980309,CL,ANP2.2,
4345,A330-343-D-1,D,1,8,167466.1664,8963.64984,0,1083.53352,118.064898,0.625541772,CL,ANP2.2,
4346,A330-343-D-1,D,1,9,167466.1664,10830.6108,0,1181.95344,135.5045496,0.623685373,CL,ANP2.2,
4347,A330-343-D-1,D,1,10,167466.1664,14049.20736,0,1676.4,138.8484356,0.641022504,CL,ANP2.2,
4348,A330-343-D-1,D,1,11,167466.1664,18218.47512,0,2286.0,143.1697652,0.662920534,CL,ANP2.2,
4349,A330-343-D-1,D,1,12,167466.1664,23774.79624,0,3048.0,148.8286492,0.691104641,CL,ANP2.2,
4350,A330-343-D-2,D,2,1,172727.8336,0.0,0,0.0,0.0,0.983065682,TO,ANP2.2,
4351,A330-343-D-2,D,2,2,172727.8336,1095.20736,0,0.0,77.423822,0.81713263,TO,ANP2.2,
4352,A330-343-D-2,D,2,3,172727.8336,2949.42768,0,457.2,79.1729316,0.834825316,TO,ANP2.2,
4353,A330-343-D-2,D,2,4,172727.8336,3254.22768,0,504.38304,79.3272648,0.617241772,CL,ANP2.2,
4354,A330-343-D-2,D,2,5,172727.8336,5902.39104,0,914.4,80.9734856,0.631160197,CL,ANP2.2,
4355,A330-343-D-2,D,2,6,172727.8336,7108.45416,0,972.89112,95.2235844,0.628736146,CL,ANP2.2,
4356,A330-343-D-2,D,2,7,172727.8336,8370.81384,0,1031.41272,108.547684,0.626654712,CL,ANP2.2,
4357,A330-343-D-2,D,2,8,172727.8336,9346.41768,0,1080.45504,118.5278976,0.625282982,CL,ANP2.2,
4358,A330-343-D-2,D,2,9,172727.8336,11236.17768,0,1176.3756,135.4531052,0.62349128,CL,ANP2.2,
4359,A330-343-D-2,D,2,10,172727.8336,14625.3708,0,1676.4,138.8484356,0.641022504,CL,ANP2.2,
4360,A330-343-D-2,D,2,11,172727.8336,18969.13656,0,2286.0,143.1697652,0.662920534,CL,ANP2.2,
4361,A330-343-D-2,D,2,12,172727.8336,24760.97664,0,3048.0,148.8286492,0.691104641,CL,ANP2.2,
4362,A330-343-D-3,D,3,1,178216.2968,0.0,0,0.0,0.0,0.983065682,TO,ANP2.2,
4363,A330-343-D-3,D,3,2,178216.2968,1169.67,0,0.0,78.6584876,0.814516878,TO,ANP2.2,
4364,A330-343-D-3,D,3,3,178216.2968,3111.64224,0,457.2,80.4075972,0.832209705,TO,ANP2.2,
4365,A330-343-D-3,D,3,4,178216.2968,3416.44224,0,502.24944,80.6133748,0.616766245,CL,ANP2.2,
4366,A330-343-D-3,D,3,5,178216.2968,6204.87456,0,914.4,82.2081512,0.63075654,CL,ANP2.2,
4367,A330-343-D-3,D,3,6,178216.2968,7499.54304,0,973.50072,96.715472,0.628283404,CL,ANP2.2,
4368,A330-343-D-3,D,3,7,178216.2968,8782.29384,0,1030.43736,109.4736832,0.626316878,CL,ANP2.2,
4369,A330-343-D-3,D,3,8,178216.2968,9766.27968,0,1077.98616,119.1452304,0.625011955,CL,ANP2.2,
4370,A330-343-D-3,D,3,9,178216.2968,11666.95152,0,1170.79776,135.4531052,0.623298172,CL,ANP2.2,
4371,A330-343-D-3,D,3,10,178216.2968,15237.83592,0,1676.4,138.8484356,0.641022504,CL,ANP2.2,
4372,A330-343-D-3,D,3,11,178216.2968,19766.98104,0,2286.0,143.1697652,0.662920534,CL,ANP2.2,
4373,A330-343-D-3,D,3,12,178216.2968,25809.33624,0,3048.0,148.8286492,0.691104641,CL,ANP2.2,
4374,A330-343-D-4,D,4,1,187923.1656,0.0,0,0.0,0.0,0.983065682,TO,ANP2.2,
4375,A330-343-D-4,D,4,2,187923.1656,1307.80536,0,0.0,80.767708,0.809987623,TO,ANP2.2,
4376,A330-343-D-4,D,4,3,187923.1656,3409.67568,0,457.2,82.568262,0.82768045,TO,ANP2.2,
4377,A330-343-D-4,D,4,4,187923.1656,3714.47568,0,498.77472,82.7225952,0.615950914,CL,ANP2.2,
4378,A330-343-D-4,D,4,5,187923.1656,6760.49448,0,914.4,84.4202604,0.630057665,CL,ANP2.2,
4379,A330-343-D-4,D,4,6,187923.1656,8239.87176,0,975.93912,99.4420252,0.627520956,CL,ANP2.2,
4380,A330-343-D-4,D,4,7,187923.1656,9557.06496,0,1030.28496,111.2742372,0.625753446,CL,ANP2.2,
4381,A330-343-D-4,D,4,8,187923.1656,10552.938,0,1075.21248,120.2255628,0.624561041,CL,ANP2.2,
4382,A330-343-D-4,D,4,9,187923.1656,12452.05536,0,1161.95856,135.3502164,0.622991421,CL,ANP2.2,
4383,A330-343-D-4,D,4,10,187923.1656,16350.96552,0,1676.4,138.8484356,0.641022504,CL,ANP2.2,
4384,A330-343-D-4,D,4,11,187923.1656,21216.64032,0,2286.0,143.1697652,0.662920534,CL,ANP2.2,
4385,A330-343-D-4,D,4,12,187923.1656,27714.702,0,3048.0,148.8286492,0.691104641,CL,ANP2.2,
4386,A330-343-D-5,D,5,1,200442.3048,0.0,0,0.0,0.0,0.983065682,TO,ANP2.2,
4387,A330-343-D-5,D,5,2,200442.3048,1498.33584,0,0.0,83.4428168,0.804315471,TO,ANP2.2,
4388,A330-343-D-5,D,5,3,200442.3048,3815.7912,0,457.2,85.2948152,0.822008298,TO,ANP2.2,
4389,A330-343-D-5,D,5,4,200442.3048,4120.5912,0,494.8428,85.4491484,0.614942897,CL,ANP2.2,
4390,A330-343-D-5,D,5,5,200442.3048,7518.25776,0,914.4,87.198258,0.629182278,CL,ANP2.2,
4391,A330-343-D-5,D,5,6,200442.3048,9260.37264,0,979.0176,102.7859112,0.626577778,CL,ANP2.2,
4392,A330-343-D-5,D,5,7,200442.3048,10635.75216,0,1031.07744,113.6406796,0.625035443,CL,ANP2.2,
4393,A330-343-D-5,D,5,8,200442.3048,11652.41256,0,1073.07888,121.923228,0.623962447,CL,ANP2.2,
4394,A330-343-D-5,D,5,9,200442.3048,13496.3916,0,1150.4676,135.298772,0.622594233,CL,ANP2.2,
4395,A330-343-D-5,D,5,10,200442.3048,17845.15608,0,1676.4,138.8484356,0.641022504,CL,ANP2.2,
4396,A330-343-D-5,D,5,11,200442.3048,23162.17872,0,2286.0,143.1697652,0.662920534,CL,ANP2.2,
4397,A330-343-D-5,D,5,12,200442.3048,30273.16272,0,3048.0,148.8286492,0.691104641,CL,ANP2.2,
4398,A330-343-D-6,D,6,1,214095.424,0.0,0,0.0,0.0,0.983065682,TO,ANP2.2,
4399,A330-343-D-6,D,6,2,214095.424,1722.18096,0,0.0,86.2208144,0.798327989,TO,ANP2.2,
4400,A330-343-D-6,D,6,3,214095.424,4287.95688,0,457.2,88.1242572,0.816020675,TO,ANP2.2,
4401,A330-343-D-6,D,6,4,214095.424,4592.75688,0,491.06328,88.2785904,0.613892546,CL,ANP2.2,
4402,A330-343-D-6,D,6,5,214095.424,8401.5072,0,914.4,90.1305888,0.628258368,CL,ANP2.2,
4403,A330-343-D-6,D,6,6,214095.424,10422.11784,0,981.09024,105.9240196,0.625650633,CL,ANP2.2,
4404,A330-343-D-6,D,6,7,214095.424,11850.65448,0,1030.40688,115.8527888,0.624319269,CL,ANP2.2,
4405,A330-343-D-6,D,6,8,214095.424,12872.58792,0,1068.7812,123.3122268,0.623357947,CL,ANP2.2,
4406,A330-343-D-6,D,6,9,214095.424,14671.06032,0,1137.87936,135.1958832,0.622158509,CL,ANP2.2,
4407,A330-343-D-6,D,6,10,214095.424,19547.34216,0,1676.4,138.8484356,0.641022504,CL,ANP2.2,
4408,A330-343-D-6,D,6,11,214095.424,25380.5436,0,2286.0,143.1697652,0.662920534,CL,ANP2.2,
4409,A330-343-D-6,D,6,12,214095.424,33194.91456,0,3048.0,148.8286492,0.691104641,CL,ANP2.2,
4410,A330-343-D-7,D,7,1,233010.2104,0.0,0,0.0,0.0,0.983065682,TO,ANP2.2,
4411,A330-343-D-7,D,7,2,233010.2104,2060.50896,0,0.0,89.9762556,0.790340084,TO,ANP2.2,
4412,A330-343-D-7,D,7,3,233010.2104,4995.70248,0,457.2,91.9311428,0.808032911,TO,ANP2.2,
4413,A330-343-D-7,D,7,4,233010.2104,5300.50248,0,486.6132,92.085476,0.612510127,CL,ANP2.2,
4414,A330-343-D-7,D,7,5,233010.2104,9732.75168,0,914.4,94.0403632,0.627025879,CL,ANP2.2,
4415,A330-343-D-7,D,7,6,233010.2104,11762.78064,0,972.22056,107.518796,0.624838537,CL,ANP2.2,
4416,A330-343-D-7,D,7,7,233010.2104,13225.1196,0,1016.84328,116.264344,0.623699015,CL,ANP2.2,
4417,A330-343-D-7,D,7,8,233010.2104,14233.61136,0,1050.37128,122.8492272,0.622840928,CL,ANP2.2,
4418,A330-343-D-7,D,7,9,233010.2104,16319.72352,0,1122.09072,135.0929944,0.621612236,CL,ANP2.2,
4419,A330-343-D-7,D,7,10,233010.2104,21978.2136,0,1676.4,138.8484356,0.641022504,CL,ANP2.2,
4420,A330-343-D-7,D,7,11,233010.2104,28571.61672,0,2286.0,143.1697652,0.662920534,CL,ANP2.2,
4421,A330-343-D-7,D,7,12,233010.2104,37426.6968,0,3048.0,148.8286492,0.691104641,CL,ANP2.2,
4422,A340-211-A-1,A,1,1,167602.244,-40816.77384,0,1828.8,139.928768,3.20513e-05,AP,ANP2.2,
4423,A340-211-A-1,A,1,2,167602.244,-24958.21272,0,914.4,133.75544,3.20513e-05,AP,ANP2.2,
4424,A340-211-A-1,A,1,3,167602.244,-20724.5712,0,914.4,113.7950128,3.20513e-05,AP,ANP2.2,
4425,A340-211-A-1,A,1,4,167602.244,-17447.78832,0,914.4,93.9374744,0.0147125,AP,ANP2.2,
4426,A340-211-A-1,A,1,5,167602.244,-14371.1676,0,753.1608,85.0890376,0.024040064,AP,ANP2.2,
4427,A340-211-A-1,A,1,6,167602.244,-13586.0028,0,712.0128,81.4879296,0.028159936,AP,ANP2.2,
4428,A340-211-A-1,A,1,7,167602.244,-12015.70368,0,629.7168,73.051048,0.037952564,AP,ANP2.2,
4429,A340-211-A-1,A,1,8,167602.244,-11754.0024,0,616.0008,71.3533828,0.039989423,AP,ANP2.2,
4430,A340-211-A-1,A,1,9,167602.244,-11492.27064,0,602.2848,69.6042732,0.178995513,AP,ANP2.2,
4431,A340-211-A-1,A,1,10,167602.244,-290.80968,0,15.24,67.649386,0.166872756,AP,ANP2.2,
4432,A340-211-A-1,A,1,11,167602.244,-145.3896,0,7.62,67.649386,0.166721795,AP,ANP2.2,
4433,A340-211-A-1,A,1,12,167602.244,0.0,0,0.0,67.5979416,0.166606731,AP,ANP2.2,
4434,A340-211-A-1,A,1,13,167602.244,116.37264,0,0.0,66.0546096,0.1,AP,ANP2.2,
4435,A340-211-A-1,A,1,14,167602.244,1047.47568,0,0.0,15.3304312,0.1,AP,ANP2.2,
4436,A340-211-D-1,D,1,1,167602.244,0.0,0,0.0,0.0,0.959995192,TO,ANP2.2,
4437,A340-211-D-1,D,1,2,167602.244,1044.2448,0,0.0,69.5528288,0.825914744,TO,ANP2.2,
4438,A340-211-D-1,D,1,3,167602.244,3262.122,0,457.2,71.1476052,0.839969231,TO,ANP2.2,
4439,A340-211-D-1,D,1,4,167602.244,3566.922,0,507.73584,71.3019384,0.751468269,CL,ANP2.2,
4440,A340-211-D-1,D,1,5,167602.244,6019.43424,0,914.4,72.7423816,0.765732692,CL,ANP2.2,
4441,A340-211-D-1,D,1,6,167602.244,7839.9132,0,1009.92432,95.3264732,0.730835897,CL,ANP2.2,
4442,A340-211-D-1,D,1,7,167602.244,9445.53864,0,1083.62496,111.5314592,0.706316667,CL,ANP2.2,
4443,A340-211-D-1,D,1,8,167602.244,10636.6056,0,1139.92152,123.2607824,0.688851923,CL,ANP2.2,
4444,A340-211-D-1,D,1,9,167602.244,12122.93232,0,1210.69608,135.7103272,0.670994872,CL,ANP2.2,
4445,A340-211-D-1,D,1,10,167602.244,15503.28624,0,1676.4,138.8484356,0.688154167,CL,ANP2.2,
4446,A340-211-D-1,D,1,11,167602.244,20159.1672,0,2286.0,143.1697652,0.711407051,CL,ANP2.2,
4447,A340-211-D-1,D,1,12,167602.244,26383.6404,0,3048.0,148.8286492,0.741735256,CL,ANP2.2,
4448,A340-211-D-2,D,2,1,173090.7072,0.0,0,0.0,0.0,0.959995192,TO,ANP2.2,
4449,A340-211-D-2,D,2,2,173090.7072,1116.69576,0,0.0,70.6846056,0.823737179,TO,ANP2.2,
4450,A340-211-D-2,D,2,3,173090.7072,3447.8976,0,457.2,72.279382,0.837791667,TO,ANP2.2,
4451,A340-211-D-2,D,2,4,173090.7072,3752.6976,0,505.14504,72.4337152,0.749339103,CL,ANP2.2,
4452,A340-211-D-2,D,2,5,173090.7072,6353.556,0,914.4,73.9256028,0.763692949,CL,ANP2.2,
4453,A340-211-D-2,D,2,6,173090.7072,8332.19568,0,1011.69216,96.972694,0.728127244,CL,ANP2.2,
4454,A340-211-D-2,D,2,7,173090.7072,9957.63312,0,1082.55816,112.3545696,0.704892628,CL,ANP2.2,
4455,A340-211-D-2,D,2,8,173090.7072,11154.88752,0,1136.69064,123.5694488,0.688180769,CL,ANP2.2,
4456,A340-211-D-2,D,2,9,173090.7072,12667.39656,0,1205.81928,135.6588828,0.670817949,CL,ANP2.2,
4457,A340-211-D-2,D,2,10,173090.7072,16236.5436,0,1676.4,138.8484356,0.688154167,CL,ANP2.2,
4458,A340-211-D-2,D,2,11,173090.7072,21105.08352,0,2286.0,143.1697652,0.711407051,CL,ANP2.2,
4459,A340-211-D-2,D,2,12,173090.7072,27618.65952,0,3048.0,148.8286492,0.741735256,CL,ANP2.2,
4460,A340-211-D-3,D,3,1,178760.6072,0.0,0,0.0,0.0,0.959995192,TO,ANP2.2,
4461,A340-211-D-3,D,3,2,178760.6072,1194.26736,0,0.0,71.8678268,0.821523397,TO,ANP2.2,
4462,A340-211-D-3,D,3,3,178760.6072,3645.92616,0,457.2,73.4626032,0.835577885,TO,ANP2.2,
4463,A340-211-D-3,D,3,4,178760.6072,3950.72616,0,502.67616,73.6169364,0.747179487,CL,ANP2.2,
4464,A340-211-D-3,D,3,5,178760.6072,6710.56824,0,914.4,75.108824,0.761619231,CL,ANP2.2,
4465,A340-211-D-3,D,3,6,178760.6072,8837.73696,0,1012.48464,98.3616928,0.725752885,CL,ANP2.2,
4466,A340-211-D-3,D,3,7,178760.6072,10475.214,0,1080.30264,112.920458,0.703795513,CL,ANP2.2,
4467,A340-211-D-3,D,3,8,178760.6072,11680.21032,0,1132.4844,123.723782,0.687750962,CL,ANP2.2,
4468,A340-211-D-3,D,3,9,178760.6072,13238.86608,0,1200.82056,135.6588828,0.670636218,CL,ANP2.2,
4469,A340-211-D-3,D,3,10,178760.6072,17009.69928,0,1676.4,138.8484356,0.688154167,CL,ANP2.2,
4470,A340-211-D-3,D,3,11,178760.6072,22103.12064,0,2286.0,143.1697652,0.711407051,CL,ANP2.2,
4471,A340-211-D-3,D,3,12,178760.6072,28922.86824,0,3048.0,148.8286492,0.741735256,CL,ANP2.2,
4472,A340-211-D-4,D,4,1,188966.4272,0.0,0,0.0,0.0,0.959995192,TO,ANP2.2,
4473,A340-211-D-4,D,4,2,188966.4272,1340.87616,0,0.0,73.8741584,0.817625321,TO,ANP2.2,
4474,A340-211-D-4,D,4,3,188966.4272,4018.81848,0,457.2,75.5203792,0.831679808,TO,ANP2.2,
4475,A340-211-D-4,D,4,4,188966.4272,4323.61848,0,498.59184,75.6747124,0.743387179,CL,ANP2.2,
4476,A340-211-D-4,D,4,5,188966.4272,7385.12112,0,914.4,77.2180444,0.757967628,CL,ANP2.2,
4477,A340-211-D-4,D,4,6,188966.4272,9835.16448,0,1014.984,101.1396904,0.721130449,CL,ANP2.2,
4478,A340-211-D-4,D,4,7,188966.4272,11513.14944,0,1078.3824,114.4123456,0.701138782,CL,ANP2.2,
4479,A340-211-D-4,D,4,8,188966.4272,12719.27352,0,1126.60176,124.3411148,0.686430769,CL,ANP2.2,
4480,A340-211-D-4,D,4,9,188966.4272,14311.7316,0,1191.52416,135.555994,0.670299038,CL,ANP2.2,
4481,A340-211-D-4,D,4,10,188966.4272,18466.12512,0,1676.4,138.8484356,0.688154167,CL,ANP2.2,
4482,A340-211-D-4,D,4,11,188966.4272,23978.28072,0,2286.0,143.1697652,0.711407051,CL,ANP2.2,
4483,A340-211-D-4,D,4,12,188966.4272,31369.58928,0,3048.0,148.8286492,0.741735256,CL,ANP2.2,
4484,A340-211-D-5,D,5,1,202302.032,0.0,0,0.0,0.0,0.959995192,TO,ANP2.2,
4485,A340-211-D-5,D,5,2,202302.032,1546.12848,0,0.0,76.4463784,0.8126875,TO,ANP2.2,
4486,A340-211-D-5,D,5,3,202302.032,4539.6912,0,457.2,78.1440436,0.826741987,TO,ANP2.2,
4487,A340-211-D-5,D,5,4,202302.032,4844.4912,0,493.9284,78.2983768,0.738600321,CL,ANP2.2,
4488,A340-211-D-5,D,5,5,202302.032,8333.62824,0,914.4,79.8931532,0.753342308,CL,ANP2.2,
4489,A340-211-D-5,D,5,6,202302.032,11295.30888,0,1020.04368,104.7407984,0.715121474,CL,ANP2.2,
4490,A340-211-D-5,D,5,7,202302.032,13018.9224,0,1077.89472,116.521566,0.697518269,CL,ANP2.2,
4491,A340-211-D-5,D,5,8,202302.032,14240.59128,0,1122.02976,125.4728916,0.684232692,CL,ANP2.2,
4492,A340-211-D-5,D,5,9,202302.032,15810.92088,0,1180.338,135.5045496,0.66989391,CL,ANP2.2,
4493,A340-211-D-5,D,5,10,202302.032,20495.78832,0,1676.4,138.8484356,0.688154167,CL,ANP2.2,
4494,A340-211-D-5,D,5,11,202302.032,26583.98544,0,2286.0,143.1697652,0.711407051,CL,ANP2.2,
4495,A340-211-D-5,D,5,12,202302.032,34764.69552,0,3048.0,148.8286492,0.741735256,CL,ANP2.2,
4496,A340-211-D-6,D,6,1,216635.5392,0.0,0,0.0,0.0,0.959995192,TO,ANP2.2,
4497,A340-211-D-6,D,6,2,216635.5392,1784.20776,0,0.0,79.1214872,0.807558333,TO,ANP2.2,
4498,A340-211-D-6,D,6,3,216635.5392,5145.20688,0,457.2,80.8705968,0.821612821,TO,ANP2.2,
4499,A340-211-D-6,D,6,4,216635.5392,5450.00688,0,489.60024,80.9734856,0.733645513,CL,ANP2.2,
4500,A340-211-D-6,D,6,5,216635.5392,9447.4284,0,914.4,82.6711508,0.7485375,CL,ANP2.2,
4501,A340-211-D-6,D,6,6,216635.5392,12829.70256,0,1019.34264,107.1072408,0.71103141,CL,ANP2.2,
4502,A340-211-D-6,D,6,7,216635.5392,14589.89208,0,1071.85968,117.6018984,0.695453205,CL,ANP2.2,
4503,A340-211-D-6,D,6,8,216635.5392,15808.84824,0,1111.6056,125.6272248,0.683488141,CL,ANP2.2,
4504,A340-211-D-6,D,6,9,216635.5392,17503.17048,0,1168.78608,135.4016608,0.669475641,CL,ANP2.2,
4505,A340-211-D-6,D,6,10,216635.5392,22803.79488,0,1676.4,138.8484356,0.688154167,CL,ANP2.2,
4506,A340-211-D-6,D,6,11,216635.5392,29551.09152,0,2286.0,143.1697652,0.711407051,CL,ANP2.2,
4507,A340-211-D-6,D,6,12,216635.5392,38639.40456,0,3048.0,148.8286492,0.741735256,CL,ANP2.2,
4508,A340-211-D-7,D,7,1,259998.9344,0.0,0,0.0,0.0,0.959995192,TO,ANP2.2,
4509,A340-211-D-7,D,7,2,259998.9344,2617.04328,0,0.0,86.6323696,0.792997115,TO,ANP2.2,
4510,A340-211-D-7,D,7,3,259998.9344,7313.79792,0,457.2,88.5872568,0.807051603,TO,ANP2.2,
4511,A340-211-D-7,D,7,4,259998.9344,7618.59792,0,479.51136,88.6901456,0.719657372,CL,ANP2.2,
4512,A340-211-D-7,D,7,5,259998.9344,13561.86264,0,914.4,90.5935884,0.734897756,CL,ANP2.2,
4513,A340-211-D-7,D,7,6,259998.9344,16906.00632,0,984.53448,106.9529076,0.709785897,CL,ANP2.2,
4514,A340-211-D-7,D,7,7,259998.9344,18632.97264,0,1021.56768,114.46379,0.698545513,CL,ANP2.2,
4515,A340-211-D-7,D,7,8,259998.9344,20418.67392,0,1062.13656,121.151562,0.688914103,CL,ANP2.2,
4516,A340-211-D-7,D,7,9,259998.9344,21614.40432,0,1090.75728,127.0162236,0.680149679,CL,ANP2.2,
4517,A340-211-D-7,D,7,10,259998.9344,23498.19024,0,1138.5804,135.1958832,0.668384615,CL,ANP2.2,
4518,A340-211-D-7,D,7,11,259998.9344,30964.38816,0,1676.4,138.8484356,0.688154167,CL,ANP2.2,
4519,A340-211-D-7,D,7,12,259998.9344,40006.31064,0,2286.0,143.1697652,0.711407051,CL,ANP2.2,
4520,A340-211-D-7,D,7,13,259998.9344,52291.06128,0,3048.0,148.8286492,0.741735256,CL,ANP2.2,
4521,A340-642-A-1,A,1,1,237727.5672,-43891.962,0,1828.8,139.928768,1.78571e-05,AP,ANP2.2,
4522,A340-642-A-1,A,1,2,237727.5672,-25195.6824,0,914.4,133.75544,1.78571e-05,AP,ANP2.2,
4523,A340-642-A-1,A,1,3,237727.5672,-20414.92488,0,914.4,113.4863464,0.014666071,AP,ANP2.2,
4524,A340-642-A-1,A,1,4,237727.5672,-17447.78832,0,914.4,100.831024,0.02728875,AP,ANP2.2,
4525,A340-642-A-1,A,1,5,237727.5672,-13568.56824,0,711.0984,94.3490296,0.030934821,AP,ANP2.2,
4526,A340-642-A-1,A,1,6,237727.5672,-12742.71264,0,667.8168,91.571032,0.033106071,AP,ANP2.2,
4527,A340-642-A-1,A,1,7,237727.5672,-10497.7692,0,550.164,81.7451516,0.041276786,AP,ANP2.2,
4528,A340-642-A-1,A,1,8,237727.5672,-9901.09272,0,518.89152,78.967154,0.043612143,AP,ANP2.2,
4529,A340-642-A-1,A,1,9,237727.5672,-9596.29272,0,502.92,77.4752664,0.132285536,AP,ANP2.2,
4530,A340-642-A-1,A,1,10,237727.5672,-290.80968,0,15.24,75.7261568,0.124807143,AP,ANP2.2,
4531,A340-642-A-1,A,1,11,237727.5672,-145.3896,0,7.62,75.6747124,0.124694464,AP,ANP2.2,
4532,A340-642-A-1,A,1,12,237727.5672,0.0,0,0.0,75.623268,0.124606786,AP,ANP2.2,
4533,A340-642-A-1,A,1,13,237727.5672,85.55736,0,0.0,74.1313804,0.1,AP,ANP2.2,
4534,A340-642-A-1,A,1,14,237727.5672,770.0772,0,0.0,15.3304312,0.1,AP,ANP2.2,
4535,A340-642-D-1,D,1,1,237727.5672,0.0,0,0.0,0.0,0.98724,TO,ANP2.2,
4536,A340-642-D-1,D,1,2,237727.5672,1112.9772,0,0.0,83.6485944,0.807859286,TO,ANP2.2,
4537,A340-642-D-1,D,1,3,237727.5672,1484.28456,0,34.35096,91.7253652,0.791865893,TO,ANP2.2,
4538,A340-642-D-1,D,1,4,237727.5672,2457.96816,0,304.8,92.9085864,0.799706786,TO,ANP2.2,
4539,A340-642-D-1,D,1,5,237727.5672,2810.256,0,334.8228,99.5963584,0.786728393,CL,ANP2.2,
4540,A340-642-D-1,D,1,6,237727.5672,4446.75768,0,461.19288,125.7301136,0.736714821,CL,ANP2.2,
4541,A340-642-D-1,D,1,7,237727.5672,4751.55768,0,514.28904,126.0902244,0.5863375,CL,ANP2.2,
4542,A340-642-D-1,D,1,8,237727.5672,7047.85992,0,914.4,128.5595556,0.597715893,CL,ANP2.2,
4543,A340-642-D-1,D,1,9,237727.5672,7628.65632,0,948.96432,133.9612176,0.591030179,CL,ANP2.2,
4544,A340-642-D-1,D,1,10,237727.5672,12144.17688,0,1676.4,138.8484356,0.611761964,CL,ANP2.2,
4545,A340-642-D-1,D,1,11,237727.5672,16198.62648,0,2286.0,143.1697652,0.6291775,CL,ANP2.2,
4546,A340-642-D-1,D,1,12,237727.5672,21661.00824,0,3048.0,148.8286492,0.651000536,CL,ANP2.2,
4547,A340-642-D-2,D,2,1,245257.1944,0.0,0,0.0,0.0,0.98724,TO,ANP2.2,
4548,A340-642-D-2,D,2,2,245257.1944,1188.72,0,0.0,84.9347044,0.805040536,TO,ANP2.2,
4549,A340-642-D-2,D,2,3,245257.1944,1499.616,0,27.8892,91.3652544,0.792334821,TO,ANP2.2,
4550,A340-642-D-2,D,2,4,245257.1944,2537.88672,0,304.8,92.59992,0.800365536,TO,ANP2.2,
4551,A340-642-D-2,D,2,5,245257.1944,3012.24696,0,342.77808,101.2425792,0.783551071,CL,ANP2.2,
4552,A340-642-D-2,D,2,6,245257.1944,4682.97768,0,467.19744,126.4503352,0.735455536,CL,ANP2.2,
4553,A340-642-D-2,D,2,7,245257.1944,4987.77768,0,518.03808,126.7590016,0.585415714,CL,ANP2.2,
4554,A340-642-D-2,D,2,8,245257.1944,7365.06528,0,914.4,129.2283328,0.596688036,CL,ANP2.2,
4555,A340-642-D-2,D,2,9,245257.1944,7892.6436,0,944.7276,133.9612176,0.590909464,CL,ANP2.2,
4556,A340-642-D-2,D,2,10,245257.1944,12628.1688,0,1676.4,138.8484356,0.611761964,CL,ANP2.2,
4557,A340-642-D-2,D,2,11,245257.1944,16858.85376,0,2286.0,143.1697652,0.6291775,CL,ANP2.2,
4558,A340-642-D-2,D,2,12,245257.1944,22562.57616,0,3048.0,148.8286492,0.651000536,CL,ANP2.2,
4559,A340-642-D-3,D,3,1,253013.6176,0.0,0,0.0,0.0,0.98724,TO,ANP2.2,
4560,A340-642-D-3,D,3,2,253013.6176,1269.61392,0,0.0,86.2722588,0.802181964,TO,ANP2.2,
4561,A340-642-D-3,D,3,3,253013.6176,1511.83848,0,21.09216,91.056588,0.792792143,TO,ANP2.2,
4562,A340-642-D-3,D,3,4,253013.6176,2619.87792,0,304.8,92.2912536,0.801024107,TO,ANP2.2,
4563,A340-642-D-3,D,3,5,253013.6176,3227.71008,0,350.76384,102.8888,0.780374643,CL,ANP2.2,
4564,A340-642-D-3,D,3,6,253013.6176,4936.3884,0,473.53728,127.2220012,0.734095,CL,ANP2.2,
4565,A340-642-D-3,D,3,7,253013.6176,5241.1884,0,522.15288,127.5306676,0.584425536,CL,ANP2.2,
4566,A340-642-D-3,D,3,8,253013.6176,7700.83296,0,914.4,129.9999988,0.595581071,CL,ANP2.2,
4567,A340-642-D-3,D,3,9,253013.6176,8163.1536,0,940.1556,133.9097732,0.590779107,CL,ANP2.2,
4568,A340-642-D-3,D,3,10,253013.6176,13132.82616,0,1676.4,138.8484356,0.611761964,CL,ANP2.2,
4569,A340-642-D-3,D,3,11,253013.6176,17548.79904,0,2286.0,143.1697652,0.6291775,CL,ANP2.2,
4570,A340-642-D-3,D,3,12,253013.6176,23506.72464,0,3048.0,148.8286492,0.651000536,CL,ANP2.2,
4571,A340-642-D-4,D,4,1,266712.096,0.0,0,0.0,0.0,0.98724,TO,ANP2.2,
4572,A340-642-D-4,D,4,2,266712.096,1419.54504,0,0.0,88.5872568,0.797238214,TO,ANP2.2,
4573,A340-642-D-4,D,4,3,266712.096,1530.4008,0,9.144,90.5935884,0.7933175,TO,ANP2.2,
4574,A340-642-D-4,D,4,4,266712.096,2768.346,0,304.8,91.8796984,0.801902321,TO,ANP2.2,
4575,A340-642-D-4,D,4,5,266712.096,3630.28992,0,364.90656,105.718242,0.774956786,CL,ANP2.2,
4576,A340-642-D-4,D,4,6,266712.096,5386.63896,0,482.92512,128.4566668,0.731941607,CL,ANP2.2,
4577,A340-642-D-4,D,4,7,266712.096,5691.43896,0,528.00504,128.7138888,0.582852321,CL,ANP2.2,
4578,A340-642-D-4,D,4,8,266712.096,8305.1904,0,914.4,131.18322,0.593841607,CL,ANP2.2,
4579,A340-642-D-4,D,4,9,266712.096,8652.72336,0,932.90136,133.8583288,0.590573214,CL,ANP2.2,
4580,A340-642-D-4,D,4,10,266712.096,14045.97648,0,1676.4,138.8484356,0.611761964,CL,ANP2.2,
4581,A340-642-D-4,D,4,11,266712.096,18798.93624,0,2286.0,143.1697652,0.6291775,CL,ANP2.2,
4582,A340-642-D-4,D,4,12,266712.096,25220.3712,0,3048.0,148.8286492,0.651000536,CL,ANP2.2,
4583,A340-642-D-5,D,5,1,285127.9312,0.0,0,0.0,0.0,0.98724,TO,ANP2.2,
4584,A340-642-D-5,D,5,2,285127.9312,1635.5568,0,0.0,91.571032,0.790788214,TO,ANP2.2,
4585,A340-642-D-5,D,5,3,285127.9312,1690.32936,0,4.23672,92.4455868,0.78911,TO,ANP2.2,
4586,A340-642-D-5,D,5,4,285127.9312,3079.242,0,304.8,93.7831412,0.797840536,TO,ANP2.2,
4587,A340-642-D-5,D,5,5,285127.9312,4189.71984,0,375.23928,109.4736832,0.767454643,CL,ANP2.2,
4588,A340-642-D-5,D,5,6,285127.9312,5991.94128,0,485.30256,130.154332,0.728494821,CL,ANP2.2,
4589,A340-642-D-5,D,5,7,285127.9312,6296.74128,0,526.14576,130.411554,0.58027,CL,ANP2.2,
4590,A340-642-D-5,D,5,8,285127.9312,9193.3776,0,914.4,132.8808852,0.591311429,CL,ANP2.2,
4591,A340-642-D-5,D,5,9,285127.9312,9335.1096,0,922.41624,133.8068844,0.590274464,CL,ANP2.2,
4592,A340-642-D-5,D,5,10,285127.9312,15336.43872,0,1676.4,138.8484356,0.611761964,CL,ANP2.2,
4593,A340-642-D-5,D,5,11,285127.9312,20563.30152,0,2286.0,143.1697652,0.6291775,CL,ANP2.2,
4594,A340-642-D-5,D,5,12,285127.9312,27639.1116,0,3048.0,148.8286492,0.651000536,CL,ANP2.2,
4595,A340-642-D-6,D,6,1,304496.3096,0.0,0,0.0,0.0,0.98724,TO,ANP2.2,
4596,A340-642-D-6,D,6,2,304496.3096,1880.89032,0,0.0,94.657696,0.784225536,TO,ANP2.2,
4597,A340-642-D-6,D,6,3,304496.3096,1898.05056,0,1.15824,94.914918,0.783749643,TO,ANP2.2,
4598,A340-642-D-6,D,6,4,304496.3096,3449.97024,0,304.8,96.3039168,0.792571429,TO,ANP2.2,
4599,A340-642-D-6,D,6,5,304496.3096,4708.51992,0,377.37288,111.9944588,0.762245714,CL,ANP2.2,
4600,A340-642-D-6,D,6,6,304496.3096,6538.29528,0,479.298,130.8231092,0.72679125,CL,ANP2.2,
4601,A340-642-D-6,D,6,7,304496.3096,6843.09528,0,516.45312,131.0803312,0.5788875,CL,ANP2.2,
4602,A340-642-D-6,D,6,8,304496.3096,10107.59472,0,914.4,133.6525512,0.590204464,CL,ANP2.2,
4603,A340-642-D-6,D,6,9,304496.3096,10142.89056,0,917.2956,133.75544,0.590128571,CL,ANP2.2,
4604,A340-642-D-6,D,6,10,304496.3096,16778.9352,0,1676.4,138.8484356,0.611761964,CL,ANP2.2,
4605,A340-642-D-6,D,6,11,304496.3096,22532.24856,0,2286.0,143.1697652,0.6291775,CL,ANP2.2,
4606,A340-642-D-6,D,6,12,304496.3096,30338.38992,0,3048.0,148.8286492,0.651000536,CL,ANP2.2,
4607,A340-642-D-7,D,7,1,367999.1896,0.0,0,0.0,0.0,0.98724,TO,ANP2.2,
4608,A340-642-D-7,D,7,2,367999.1896,2819.64384,0,0.0,104.0720212,0.764057857,TO,ANP2.2,
4609,A340-642-D-7,D,7,3,367999.1896,5084.79552,0,304.8,105.6153532,0.772913393,TO,ANP2.2,
4610,A340-642-D-7,D,7,4,367999.1896,5767.45608,0,333.93888,111.7886812,0.76101625,CL,ANP2.2,
4611,A340-642-D-7,D,7,5,367999.1896,7451.93328,0,404.28672,125.8330024,0.734242679,CL,ANP2.2,
4612,A340-642-D-7,D,7,6,367999.1896,7756.73328,0,432.99888,125.9873356,0.583394821,CL,ANP2.2,
4613,A340-642-D-7,D,7,7,367999.1896,12870.08856,0,914.4,128.9711108,0.597083393,CL,ANP2.2,
4614,A340-642-D-7,D,7,8,367999.1896,13826.21568,0,943.5084,133.9097732,0.590874464,CL,ANP2.2,
4615,A340-642-D-7,D,7,9,367999.1896,22369.15008,0,1676.4,138.8484356,0.611761964,CL,ANP2.2,
4616,A340-642-D-7,D,7,10,367999.1896,30085.68024,0,2286.0,143.1697652,0.6291775,CL,ANP2.2,
4617,A340-642-D-7,D,7,11,367999.1896,40647.73176,0,3048.0,148.8286492,0.651000536,CL,ANP2.2,
4618,A380-841-A-1,A,1,1,362492.5827,-46884.82368,0,1828.8,139.928768,1.42857e-05,AP,ANP2.2,
4619,A380-841-A-1,A,1,2,362492.5827,-29437.03536,0,914.4,133.75544,1.42857e-05,AP,ANP2.2,
4620,A380-841-A-1,A,1,3,362492.5827,-24300.14952,0,914.4,109.6794608,0.005394857,AP,ANP2.2,
4621,A380-841-A-1,A,1,4,362492.5827,-23995.34952,0,914.4,109.6794608,0.172532571,AP,ANP2.2,
4622,A380-841-A-1,A,1,5,362492.5827,-20675.16312,0,914.4,109.6794608,0.172532571,AP,ANP2.2,
4623,A380-841-A-1,A,1,6,362492.5827,-20370.36312,0,914.4,109.6794608,0.005394857,AP,ANP2.2,
4624,A380-841-A-1,A,1,7,362492.5827,-17447.78832,0,914.4,92.342698,0.019877571,AP,ANP2.2,
4625,A380-841-A-1,A,1,8,362492.5827,-14225.778,0,745.5408,85.5520372,0.030391,AP,ANP2.2,
4626,A380-841-A-1,A,1,9,362492.5827,-11797.07064,0,618.25632,73.4626032,0.045759,AP,ANP2.2,
4627,A380-841-A-1,A,1,10,362492.5827,-11492.27064,0,602.2848,71.8163824,0.168694571,AP,ANP2.2,
4628,A380-841-A-1,A,1,11,362492.5827,-290.80968,0,15.24,69.8100508,0.157269429,AP,ANP2.2,
4629,A380-841-A-1,A,1,12,362492.5827,-145.3896,0,7.62,69.8100508,0.157127286,AP,ANP2.2,
4630,A380-841-A-1,A,1,13,362492.5827,0.0,0,0.0,69.7586064,0.157018429,AP,ANP2.2,
4631,A380-841-A-1,A,1,14,362492.5827,194.09664,0,0.0,69.7586064,0.1,AP,ANP2.2,
4632,A380-841-A-1,A,1,15,362492.5827,1746.90024,0,0.0,15.3304312,0.1,AP,ANP2.2,
4633,A380-841-D-1,D,1,1,362492.5827,0.0,0,0.0,0.0,1.017067286,TO,ANP2.2,
4634,A380-841-D-1,D,1,2,362492.5827,1021.11048,0,0.0,73.051048,0.845002714,TO,ANP2.2,
4635,A380-841-D-1,D,1,3,362492.5827,2339.06568,0,304.8,74.1313804,0.855177,TO,ANP2.2,
4636,A380-841-D-1,D,1,4,362492.5827,3275.65512,0,370.1796,91.2109212,0.819883857,CL,ANP2.2,
4637,A380-841-D-1,D,1,5,362492.5827,5735.81784,0,526.81632,125.4214472,0.754293714,CL,ANP2.2,
4638,A380-841-D-1,D,1,6,362492.5827,6040.61784,0,583.32624,125.781558,0.757383571,CL,ANP2.2,
4639,A380-841-D-1,D,1,7,362492.5827,7826.86776,0,914.4,127.7878896,0.773859857,CL,ANP2.2,
4640,A380-841-D-1,D,1,8,362492.5827,8419.55136,0,950.64072,133.9612176,0.767043857,CL,ANP2.2,
4641,A380-841-D-1,D,1,9,362492.5827,21086.64312,0,3048.0,148.8286492,0.844477571,CL,ANP2.2,
4642,A380-841-D-2,D,2,1,373270.3822,0.0,0,0.0,0.0,1.017067286,TO,ANP2.2,
4643,A380-841-D-2,D,2,2,373270.3822,1086.0024,0,0.0,74.1313804,0.842463429,TO,ANP2.2,
4644,A380-841-D-2,D,2,3,373270.3822,2463.94224,0,304.8,75.2117128,0.852637714,TO,ANP2.2,
4645,A380-841-D-2,D,2,4,373270.3822,3468.80688,0,371.94744,92.5484756,0.816980571,CL,ANP2.2,
4646,A380-841-D-2,D,2,5,373270.3822,5942.31984,0,523.494,125.3700028,0.754020429,CL,ANP2.2,
4647,A380-841-D-2,D,2,6,373270.3822,6247.11984,0,577.87032,125.7301136,0.757102571,CL,ANP2.2,
4648,A380-841-D-2,D,2,7,373270.3822,8134.47192,0,914.4,127.7878896,0.773859857,CL,ANP2.2,
4649,A380-841-D-2,D,2,8,373270.3822,8749.98504,0,950.70168,133.9612176,0.767047,CL,ANP2.2,
4650,A380-841-D-2,D,2,9,373270.3822,21921.39888,0,3048.0,148.8286492,0.844477571,CL,ANP2.2,
4651,A380-841-D-3,D,3,1,384312.6259,0.0,0,0.0,0.0,1.017067286,TO,ANP2.2,
4652,A380-841-D-3,D,3,2,384312.6259,1154.70432,0,0.0,75.2117128,0.839899714,TO,ANP2.2,
4653,A380-841-D-3,D,3,3,384312.6259,2595.55488,0,304.8,76.2920452,0.850074,TO,ANP2.2,
4654,A380-841-D-3,D,3,4,384312.6259,3676.00992,0,373.80672,93.88603,0.813960857,CL,ANP2.2,
4655,A380-841-D-3,D,3,5,384312.6259,6165.58584,0,520.446,125.4728916,0.753528429,CL,ANP2.2,
4656,A380-841-D-3,D,3,6,384312.6259,6470.38584,0,572.7192,125.781558,0.756683714,CL,ANP2.2,
4657,A380-841-D-3,D,3,7,384312.6259,8462.772,0,914.4,127.8907784,0.773705714,CL,ANP2.2,
4658,A380-841-D-3,D,3,8,384312.6259,9090.9648,0,950.15304,133.9612176,0.767020286,CL,ANP2.2,
4659,A380-841-D-3,D,3,9,384312.6259,22791.45048,0,3048.0,148.8286492,0.844477571,CL,ANP2.2,
4660,A380-841-D-4,D,4,1,403771.2691,0.0,0,0.0,0.0,1.017067286,TO,ANP2.2,
4661,A380-841-D-4,D,4,2,403771.2691,1281.31824,0,0.0,77.0637112,0.835469857,TO,ANP2.2,
4662,A380-841-D-4,D,4,3,403771.2691,2836.7736,0,304.8,78.195488,0.845644143,TO,ANP2.2,
4663,A380-841-D-4,D,4,4,403771.2691,4068.4704,0,378.01296,96.3039168,0.808678286,CL,ANP2.2,
4664,A380-841-D-4,D,4,5,403771.2691,6579.4128,0,516.1788,125.7301136,0.752576571,CL,ANP2.2,
4665,A380-841-D-4,D,4,6,403771.2691,6884.2128,0,565.06872,126.03878,0.755903,CL,ANP2.2,
4666,A380-841-D-4,D,4,7,403771.2691,9062.28312,0,914.4,128.1994448,0.773320571,CL,ANP2.2,
4667,A380-841-D-4,D,4,8,403771.2691,9703.27752,0,948.75096,133.9612176,0.766952571,CL,ANP2.2,
4668,A380-841-D-4,D,4,9,403771.2691,24361.902,0,3048.0,148.8286492,0.844477571,CL,ANP2.2,
4669,A380-841-D-5,D,5,1,429049.4977,0.0,0,0.0,0.0,1.017067286,TO,ANP2.2,
4670,A380-841-D-5,D,5,2,429049.4977,1456.51728,0,0.0,79.481598,0.829871571,TO,ANP2.2,
4671,A380-841-D-5,D,5,3,429049.4977,3168.51792,0,304.8,80.6133748,0.840045857,TO,ANP2.2,
4672,A380-841-D-5,D,5,4,429049.4977,4610.46576,0,382.15824,99.3391364,0.801948571,CL,ANP2.2,
4673,A380-841-D-5,D,5,5,429049.4977,7159.69104,0,510.78384,126.296002,0.750692286,CL,ANP2.2,
4674,A380-841-D-5,D,5,6,429049.4977,7464.49104,0,555.71136,126.6046684,0.754495,CL,ANP2.2,
4675,A380-841-D-5,D,5,7,429049.4977,9897.49608,0,914.4,128.8167776,0.772396143,CL,ANP2.2,
4676,A380-841-D-5,D,5,8,429049.4977,10515.20376,0,945.09336,133.9612176,0.766778,CL,ANP2.2,
4677,A380-841-D-5,D,5,9,429049.4977,26477.73216,0,3048.0,148.8286492,0.844477571,CL,ANP2.2,
4678,A380-841-D-6,D,6,1,456361.6328,0.0,0,0.0,0.0,1.017067286,TO,ANP2.2,
4679,A380-841-D-6,D,6,2,456361.6328,1659.57504,0,0.0,81.9509292,0.824005429,TO,ANP2.2,
4680,A380-841-D-6,D,6,3,456361.6328,3551.3772,0,304.8,83.1341504,0.834179714,TO,ANP2.2,
4681,A380-841-D-6,D,6,4,456361.6328,5251.79544,0,386.88264,102.5801336,0.794894714,CL,ANP2.2,
4682,A380-841-D-6,D,6,5,456361.6328,7837.41384,0,505.90704,127.1191124,0.748372714,CL,ANP2.2,
4683,A380-841-D-6,D,6,6,456361.6328,8142.21384,0,547.05504,127.3763344,0.752814857,CL,ANP2.2,
4684,A380-841-D-6,D,6,7,456361.6328,10862.37096,0,914.4,129.6913324,0.771163429,CL,ANP2.2,
4685,A380-841-D-6,D,6,8,456361.6328,11421.13032,0,940.09464,133.9097732,0.766540286,CL,ANP2.2,
4686,A380-841-D-6,D,6,9,456361.6328,28866.02304,0,3048.0,148.8286492,0.844477571,CL,ANP2.2,
4687,A380-841-D-7,D,7,1,483649.7275,0.0,0,0.0,0.0,1.017067286,TO,ANP2.2,
4688,A380-841-D-7,D,7,2,483649.7275,1876.92792,0,0.0,84.368816,0.818317143,TO,ANP2.2,
4689,A380-841-D-7,D,7,3,483649.7275,3960.63216,0,304.8,85.6034816,0.828491429,TO,ANP2.2,
4690,A380-841-D-7,D,7,4,483649.7275,5957.9256,0,391.72896,105.718242,0.787972714,CL,ANP2.2,
4691,A380-841-D-7,D,7,5,483649.7275,8581.61352,0,502.18848,128.1480004,0.745664571,CL,ANP2.2,
4692,A380-841-D-7,D,7,6,483649.7275,8886.41352,0,539.98368,128.4052224,0.750907,CL,ANP2.2,
4693,A380-841-D-7,D,7,7,483649.7275,11905.00032,0,914.4,130.7202204,0.769622571,CL,ANP2.2,
4694,A380-841-D-7,D,7,8,483649.7275,12356.592,0,933.84624,133.8583288,0.766240429,CL,ANP2.2,
4695,A380-841-D-7,D,7,9,483649.7275,31367.79096,0,3048.0,148.8286492,0.844477571,CL,ANP2.2,
4696,A380-841-D-8,D,8,1,568999.4126,0.0,0,0.0,0.0,1.017067286,TO,ANP2.2,
4697,A380-841-D-8,D,8,2,568999.4126,2652.24768,0,0.0,91.5195876,0.801492571,TO,ANP2.2,
4698,A380-841-D-8,D,8,3,568999.4126,5431.77984,0,304.8,92.857142,0.811666857,TO,ANP2.2,
4699,A380-841-D-8,D,8,4,568999.4126,8593.92744,0,405.56688,114.8239008,0.768024286,CL,ANP2.2,
4700,A380-841-D-8,D,8,5,568999.4126,11329.32456,0,493.65408,131.9034416,0.736189714,CL,ANP2.2,
4701,A380-841-D-8,D,8,6,568999.4126,11634.12456,0,523.06728,132.1092192,0.744402286,CL,ANP2.2,
4702,A380-841-D-8,D,8,7,568999.4126,15692.10984,0,914.4,134.6299948,0.763998571,CL,ANP2.2,
4703,A380-841-D-8,D,8,8,568999.4126,40225.55328,0,3048.0,149.8575372,0.843167857,CL,ANP2.2,
4704,A380-861-A-1,A,1,1,362387.3494,-49585.56504,0,1828.8,139.928768,1.42857e-05,AP,ANP2.2,
4705,A380-861-A-1,A,1,2,362387.3494,-30195.74352,0,914.4,133.75544,1.42857e-05,AP,ANP2.2,
4706,A380-861-A-1,A,1,3,362387.3494,-24458.27976,0,914.4,109.6794608,0.014552,AP,ANP2.2,
4707,A380-861-A-1,A,1,4,362387.3494,-24153.47976,0,914.4,109.6794608,0.181522429,AP,ANP2.2,
4708,A380-861-A-1,A,1,5,362387.3494,-20832.37896,0,914.4,109.6794608,0.181522429,AP,ANP2.2,
4709,A380-861-A-1,A,1,6,362387.3494,-20527.57896,0,914.4,109.6794608,0.014552,AP,ANP2.2,
4710,A380-861-A-1,A,1,7,362387.3494,-17447.78832,0,914.4,92.342698,0.028537286,AP,ANP2.2,
4711,A380-861-A-1,A,1,8,362387.3494,-14219.95632,0,745.236,85.5520372,0.035775571,AP,ANP2.2,
4712,A380-861-A-1,A,1,9,362387.3494,-11797.07064,0,618.25632,73.4626032,0.047555571,AP,ANP2.2,
4713,A380-861-A-1,A,1,10,362387.3494,-11492.27064,0,602.2848,71.8163824,0.171044,AP,ANP2.2,
4714,A380-861-A-1,A,1,11,362387.3494,-290.80968,0,15.24,69.8100508,0.159459714,AP,ANP2.2,
4715,A380-861-A-1,A,1,12,362387.3494,-145.3896,0,7.62,69.8100508,0.159315571,AP,ANP2.2,
4716,A380-861-A-1,A,1,13,362387.3494,0.0,0,0.0,69.7586064,0.159204714,AP,ANP2.2,
4717,A380-861-A-1,A,1,14,362387.3494,194.09664,0,0.0,69.7586064,0.1,AP,ANP2.2,
4718,A380-861-A-1,A,1,15,362387.3494,1746.90024,0,0.0,15.3304312,0.1,AP,ANP2.2,
4719,A380-861-D-1,D,1,1,362387.3494,0.0,0,0.0,0.0,1.001648571,TO,ANP2.2,
4720,A380-861-D-1,D,1,2,362387.3494,1018.58064,0,0.0,72.9996036,0.846608429,TO,ANP2.2,
4721,A380-861-D-1,D,1,3,362387.3494,2343.36336,0,304.8,74.079936,0.858414143,TO,ANP2.2,
4722,A380-861-D-1,D,1,4,362387.3494,3288.36528,0,370.81968,91.2109212,0.825629571,CL,ANP2.2,
4723,A380-861-D-1,D,1,5,362387.3494,5724.6012,0,526.57248,125.5757804,0.761828714,CL,ANP2.2,
4724,A380-861-D-1,D,1,6,362387.3494,6029.4012,0,583.0824,125.9358912,0.758908,CL,ANP2.2,
4725,A380-861-D-1,D,1,7,362387.3494,7816.47408,0,914.4,127.9422228,0.772102429,CL,ANP2.2,
4726,A380-861-D-1,D,1,8,362387.3494,8392.78992,0,949.66536,133.9612176,0.763928857,CL,ANP2.2,
4727,A380-861-D-1,D,1,9,362387.3494,21238.73832,0,3048.0,148.8286492,0.827161286,CL,ANP2.2,
4728,A380-861-D-2,D,2,1,373130.6759,0.0,0,0.0,0.0,1.001648571,TO,ANP2.2,
4729,A380-861-D-2,D,2,2,373130.6759,1082.77152,0,0.0,74.079936,0.844327,TO,ANP2.2,
4730,A380-861-D-2,D,2,3,373130.6759,2467.69128,0,304.8,75.1602684,0.856132714,TO,ANP2.2,
4731,A380-861-D-2,D,2,4,373130.6759,3482.09616,0,372.73992,92.5484756,0.822984429,CL,ANP2.2,
4732,A380-861-D-2,D,2,5,373130.6759,5930.646,0,523.37208,125.5757804,0.761709,CL,ANP2.2,
4733,A380-861-D-2,D,2,6,373130.6759,6235.446,0,577.7484,125.8844468,0.758688714,CL,ANP2.2,
4734,A380-861-D-2,D,2,7,373130.6759,8122.70664,0,914.4,127.9422228,0.772102429,CL,ANP2.2,
4735,A380-861-D-2,D,2,8,373130.6759,8721.09,0,949.72632,133.9612176,0.763931286,CL,ANP2.2,
4736,A380-861-D-2,D,2,9,373130.6759,22076.14584,0,3048.0,148.8286492,0.827161286,CL,ANP2.2,
4737,A380-861-D-3,D,3,1,384165.6621,0.0,0,0.0,0.0,1.001648571,TO,ANP2.2,
4738,A380-861-D-3,D,3,2,384165.6621,1150.9248,0,0.0,75.1602684,0.842017714,TO,ANP2.2,
4739,A380-861-D-3,D,3,3,384165.6621,2599.0296,0,304.8,76.2920452,0.853823429,TO,ANP2.2,
4740,A380-861-D-3,D,3,4,384165.6621,3689.93928,0,374.62968,93.88603,0.820230714,CL,ANP2.2,
4741,A380-861-D-3,D,3,5,384165.6621,6143.21352,0,519.77544,125.524336,0.761573714,CL,ANP2.2,
4742,A380-861-D-3,D,3,6,384165.6621,6448.01352,0,572.07912,125.8330024,0.758455286,CL,ANP2.2,
4743,A380-861-D-3,D,3,7,384165.6621,8442.74664,0,914.4,127.9422228,0.772102429,CL,ANP2.2,
4744,A380-861-D-3,D,3,8,384165.6621,9064.08144,0,949.78728,133.9612176,0.763933143,CL,ANP2.2,
4745,A380-861-D-3,D,3,9,384165.6621,22951.04376,0,3048.0,148.8286492,0.827161286,CL,ANP2.2,
4746,A380-861-D-4,D,4,1,403583.482,0.0,0,0.0,0.0,1.001648571,TO,ANP2.2,
4747,A380-861-D-4,D,4,2,403583.482,1276.22808,0,0.0,77.0122668,0.838033143,TO,ANP2.2,
4748,A380-861-D-4,D,4,3,403583.482,2839.3644,0,304.8,78.195488,0.849838857,TO,ANP2.2,
4749,A380-861-D-4,D,4,4,403583.482,4075.81608,0,378.1044,96.2524724,0.815470857,CL,ANP2.2,
4750,A380-861-D-4,D,4,5,403583.482,6557.07096,0,515.29488,125.8330024,0.760753714,CL,ANP2.2,
4751,A380-861-D-4,D,4,6,403583.482,6861.87096,0,564.21528,126.0902244,0.757601857,CL,ANP2.2,
4752,A380-861-D-4,D,4,7,403583.482,9043.93416,0,914.4,128.3023336,0.771573143,CL,ANP2.2,
4753,A380-861-D-4,D,4,8,403583.482,9671.70024,0,948.0804,133.9612176,0.763868143,CL,ANP2.2,
4754,A380-861-D-4,D,4,9,403583.482,24528.23136,0,3048.0,148.8286492,0.827161286,CL,ANP2.2,
4755,A380-861-D-5,D,5,1,428071.5533,0.0,0,0.0,0.0,1.001648571,TO,ANP2.2,
4756,A380-861-D-5,D,5,2,428071.5533,1444.20336,0,0.0,79.3272648,0.833142429,TO,ANP2.2,
4757,A380-861-D-5,D,5,3,428071.5533,3159.80064,0,304.8,80.510486,0.844948143,TO,ANP2.2,
4758,A380-861-D-5,D,5,4,428071.5533,4603.21152,0,382.18872,99.2362476,0.809429286,CL,ANP2.2,
4759,A380-861-D-5,D,5,5,428071.5533,7112.6604,0,509.778,126.3474464,0.759350714,CL,ANP2.2,
4760,A380-861-D-5,D,5,6,428071.5533,7417.4604,0,554.82744,126.6561128,0.756244714,CL,ANP2.2,
4761,A380-861-D-5,D,5,7,428071.5533,9848.91096,0,914.4,128.868222,0.770602714,CL,ANP2.2,
4762,A380-861-D-5,D,5,8,428071.5533,10457.04792,0,944.69712,133.9612176,0.763739286,CL,ANP2.2,
4763,A380-861-D-5,D,5,9,428071.5533,26589.92904,0,3048.0,148.8286492,0.827161286,CL,ANP2.2,
4764,A380-861-D-6,D,6,1,455216.7665,0.0,0,0.0,0.0,1.001648571,TO,ANP2.2,
4765,A380-861-D-6,D,6,2,455216.7665,1643.54256,0,0.0,81.796596,0.827881714,TO,ANP2.2,
4766,A380-861-D-6,D,6,3,455216.7665,3538.66704,0,304.8,83.0312616,0.839687429,TO,ANP2.2,
4767,A380-861-D-6,D,6,4,455216.7665,5234.60472,0,386.51688,102.4258004,0.803071,CL,ANP2.2,
4768,A380-861-D-6,D,6,5,455216.7665,7781.72688,0,504.80976,127.1705568,0.757425571,CL,ANP2.2,
4769,A380-861-D-6,D,6,6,455216.7665,8086.52688,0,546.11016,127.4277788,0.754472,CL,ANP2.2,
4770,A380-861-D-6,D,6,7,455216.7665,10805.28192,0,914.4,129.7427768,0.769191143,CL,ANP2.2,
4771,A380-861-D-6,D,6,8,455216.7665,11353.73904,0,939.72888,133.9097732,0.763548571,CL,ANP2.2,
4772,A380-861-D-6,D,6,9,455216.7665,28975.23288,0,3048.0,148.8286492,0.827161286,CL,ANP2.2,
4773,A380-861-D-7,D,7,1,483649.7275,0.0,0,0.0,0.0,1.001648571,TO,ANP2.2,
4774,A380-861-D-7,D,7,2,483649.7275,1867.29624,0,0.0,84.3173716,0.822537143,TO,ANP2.2,
4775,A380-861-D-7,D,7,3,483649.7275,3963.68016,0,304.8,85.5520372,0.834342857,TO,ANP2.2,
4776,A380-861-D-7,D,7,4,483649.7275,5972.49504,0,391.63752,105.718242,0.796417286,CL,ANP2.2,
4777,A380-861-D-7,D,7,5,483649.7275,8554.8216,0,500.9388,128.2508892,0.754997143,CL,ANP2.2,
4778,A380-861-D-7,D,7,6,483649.7275,8859.6216,0,538.70352,128.4566668,0.752313,CL,ANP2.2,
4779,A380-861-D-7,D,7,7,483649.7275,11891.49768,0,914.4,130.8745536,0.767338571,CL,ANP2.2,
4780,A380-861-D-7,D,7,8,483649.7275,12325.41096,0,933.02328,133.8583288,0.763291429,CL,ANP2.2,
4781,A380-861-D-7,D,7,9,483649.7275,31597.94544,0,3048.0,148.8286492,0.827161286,CL,ANP2.2,
4782,A380-861-D-8,D,8,1,568999.4126,0.0,0,0.0,0.0,1.001648571,TO,ANP2.2,
4783,A380-861-D-8,D,8,2,568999.4126,2632.92336,0,0.0,91.4681432,0.807375,TO,ANP2.2,
4784,A380-861-D-8,D,8,3,568999.4126,5431.87128,0,304.8,92.8056976,0.819180714,TO,ANP2.2,
4785,A380-861-D-8,D,8,4,568999.4126,8617.51896,0,405.71928,114.8239008,0.778144857,CL,ANP2.2,
4786,A380-861-D-8,D,8,5,568999.4126,11284.3056,0,491.76432,131.954886,0.746825714,CL,ANP2.2,
4787,A380-861-D-8,D,8,6,568999.4126,11589.1056,0,521.08608,132.1606636,0.745229571,CL,ANP2.2,
4788,A380-861-D-8,D,8,7,568999.4126,15677.81472,0,914.4,134.6814392,0.760986714,CL,ANP2.2,
4789,A380-861-D-8,D,8,8,568999.4126,40542.3624,0,3048.0,149.9089816,0.825573286,CL,ANP2.2,
4790,BAC111-A-1,A,1,1,33565.808,-34895.57664,0,1828.8,139.928768,0.05744386,AP,ANP2.2,
4791,BAC111-A-1,A,1,2,33565.808,-17752.58832,0,930.37152,83.3913724,0.051458772,AP,ANP2.2,
4792,BAC111-A-1,A,1,3,33565.808,-17447.78832,0,914.4,82.0023736,0.082453509,AP,ANP2.2,
4793,BAC111-A-1,A,1,4,33565.808,-9028.69416,0,473.17152,75.2117128,0.078182456,AP,ANP2.2,
4794,BAC111-A-1,A,1,5,33565.808,-8723.89416,0,457.2,74.9544908,0.190474561,AP,ANP2.2,
4795,BAC111-A-1,A,1,6,33565.808,-6120.71928,0,320.77152,69.8614952,0.187389474,AP,ANP2.2,
4796,BAC111-A-1,A,1,7,33565.808,-5815.91928,0,304.8,69.2441624,0.297444737,AP,ANP2.2,
4797,BAC111-A-1,A,1,8,33565.808,-304.8,0,15.97152,68.2667188,0.287390351,AP,ANP2.2,
4798,BAC111-A-1,A,1,9,33565.808,0.0,0,0.0,68.2152744,0.286885965,AP,ANP2.2,
4799,BAC111-A-1,A,1,10,33565.808,92.964,0,0.0,64.7684996,0.4,AP,ANP2.2,
4800,BAC111-A-1,A,1,11,33565.808,836.676,0,0.0,15.3304312,0.1,AP,ANP2.2,
4801,BAC111-D-1,D,1,1,33565.808,0.0,0,0.0,0.0,0.979513158,TO,ANP2.2,
4802,BAC111-D-1,D,1,2,33565.808,1277.66064,0,0.0,75.7261568,0.892557895,TO,ANP2.2,
4803,BAC111-D-1,D,1,3,33565.808,2863.87032,0,304.8,76.8064892,0.890599123,TO,ANP2.2,
4804,BAC111-D-1,D,1,4,33565.808,3649.00464,0,407.09088,82.4653732,0.884025439,CL,ANP2.2,
4805,BAC111-D-1,D,1,5,33565.808,4588.48968,0,490.20984,93.2686972,0.871735088,CL,ANP2.2,
4806,BAC111-D-1,D,1,6,33565.808,4786.82304,0,519.56208,93.4230304,0.766958772,CL,ANP2.2,
4807,BAC111-D-1,D,1,7,33565.808,5673.21192,0,548.88384,104.0720212,0.756447368,CL,ANP2.2,
4808,BAC111-D-1,D,1,8,33565.808,8096.64624,0,914.4,105.9240196,0.754379825,CL,ANP2.2,
4809,BAC111-D-1,D,1,9,33565.808,11642.598,0,1070.82336,134.784328,0.726597368,CL,ANP2.2,
4810,BAC111-D-1,D,1,10,33565.808,16757.84304,0,1676.4,138.8484356,0.72317193,CL,ANP2.2,
4811,BAC111-D-1,D,1,11,33565.808,22596.86616,0,2286.0,143.1697652,0.719723684,CL,ANP2.2,
4812,BAC111-D-1,D,1,12,33565.808,31086.46056,0,3048.0,148.8286492,0.715413158,CL,ANP2.2,
4813,BAC111-D-2,D,2,1,35833.768,0.0,0,0.0,0.0,0.979513158,TO,ANP2.2,
4814,BAC111-D-2,D,2,2,35833.768,1460.87592,0,0.0,78.2469324,0.889668421,TO,ANP2.2,
4815,BAC111-D-2,D,2,3,35833.768,3220.39488,0,304.8,79.3787092,0.887709649,TO,ANP2.2,
4816,BAC111-D-2,D,2,4,35833.768,4128.85128,0,411.57144,85.0890376,0.881057895,CL,ANP2.2,
4817,BAC111-D-2,D,2,5,35833.768,5198.08968,0,497.1288,95.943806,0.868751754,CL,ANP2.2,
4818,BAC111-D-2,D,2,6,35833.768,5474.75664,0,531.5712,96.0981392,0.764304386,CL,ANP2.2,
4819,BAC111-D-2,D,2,7,35833.768,6506.13888,0,566.0136,106.74713,0.753764035,CL,ANP2.2,
4820,BAC111-D-2,D,2,8,35833.768,9235.04376,0,914.4,108.5991284,0.751792982,CL,ANP2.2,
4821,BAC111-D-2,D,2,9,35833.768,13001.76216,0,1078.93104,134.8357724,0.726551754,CL,ANP2.2,
4822,BAC111-D-2,D,2,10,35833.768,18599.68848,0,1676.4,138.8484356,0.72317193,CL,ANP2.2,
4823,BAC111-D-2,D,2,11,35833.768,25100.95056,0,2286.0,143.1697652,0.719723684,CL,ANP2.2,
4824,BAC111-D-2,D,2,12,35833.768,34615.55688,0,3048.0,148.8286492,0.715413158,CL,ANP2.2,
4825,BAC111-D-3,D,3,1,38555.32,0.0,0,0.0,0.0,0.979513158,TO,ANP2.2,
4826,BAC111-D-3,D,3,2,38555.32,1697.55312,0,0.0,81.1278188,0.886319298,TO,ANP2.2,
4827,BAC111-D-3,D,3,3,38555.32,3680.97816,0,304.8,82.3624844,0.884359649,TO,ANP2.2,
4828,BAC111-D-3,D,3,4,38555.32,4781.51952,0,419.58768,88.2785904,0.877478947,CL,ANP2.2,
4829,BAC111-D-3,D,3,5,38555.32,6025.53024,0,508.1016,99.1333588,0.865154386,CL,ANP2.2,
4830,BAC111-D-3,D,3,6,38555.32,6330.33024,0,541.44672,99.287692,0.761144737,CL,ANP2.2,
4831,BAC111-D-3,D,3,7,38555.32,7673.98008,0,592.2264,110.091016,0.750512281,CL,ANP2.2,
4832,BAC111-D-3,D,3,8,38555.32,10524.04296,0,914.4,111.7886812,0.748689474,CL,ANP2.2,
4833,BAC111-D-3,D,3,9,38555.32,14527.92624,0,1087.2216,134.8872168,0.726504386,CL,ANP2.2,
4834,BAC111-D-3,D,3,10,38555.32,20755.11216,0,1676.4,138.8484356,0.72317193,CL,ANP2.2,
4835,BAC111-D-3,D,3,11,38555.32,28127.18784,0,2286.0,143.1697652,0.719723684,CL,ANP2.2,
4836,BAC111-D-3,D,3,12,38555.32,39011.5044,0,3048.0,148.8286492,0.715413158,CL,ANP2.2,
4837,BAE146-A-1,A,1,1,34472.992,-34895.57664,0,1828.8,139.928768,0.105612626,AP,ANP2.2,
4838,BAE146-A-1,A,1,2,34472.992,-17752.58832,0,930.37152,97.229916,0.094611191,AP,ANP2.2,
4839,BAE146-A-1,A,1,3,34472.992,-17447.78832,0,914.4,96.3039168,0.238685796,AP,ANP2.2,
4840,BAE146-A-1,A,1,4,34472.992,-9028.69416,0,473.17152,87.45548,0.226325681,AP,ANP2.2,
4841,BAE146-A-1,A,1,5,34472.992,-8723.89416,0,457.2,87.0953692,0.242394548,AP,ANP2.2,
4842,BAE146-A-1,A,1,6,34472.992,-6120.71928,0,320.77152,66.6719424,0.238469154,AP,ANP2.2,
4843,BAE146-A-1,A,1,7,34472.992,-5815.91928,0,304.8,63.8939448,0.278281205,AP,ANP2.2,
4844,BAE146-A-1,A,1,8,34472.992,-304.8,0,15.97152,63.01939,0.268875179,AP,ANP2.2,
4845,BAE146-A-1,A,1,9,34472.992,0.0,0,0.0,62.9679456,0.268400287,AP,ANP2.2,
4846,BAE146-A-1,A,1,10,34472.992,74.34072,0,0.0,59.7269484,0.4,AP,ANP2.2,
4847,BAE146-A-1,A,1,11,34472.992,669.06648,0,0.0,15.3304312,0.1,AP,ANP2.2,
4848,BAE146-D-1,D,1,1,34472.992,0.0,0,0.0,0.0,0.939242468,TO,ANP2.2,
4849,BAE146-D-1,D,1,2,34472.992,814.39512,0,0.0,69.5528288,0.745073171,TO,ANP2.2,
4850,BAE146-D-1,D,1,3,34472.992,3001.73136,0,304.8,70.5817168,0.752539455,TO,ANP2.2,
4851,BAE146-D-1,D,1,4,34472.992,5412.15072,0,459.91272,89.4618116,0.705803443,CL,ANP2.2,
4852,BAE146-D-1,D,1,5,34472.992,5711.7996,0,498.86616,89.6675892,0.677494978,CL,ANP2.2,
4853,BAE146-D-1,D,1,6,34472.992,6996.04392,0,537.78912,105.5639088,0.635431851,CL,ANP2.2,
4854,BAE146-D-1,D,1,7,34472.992,9992.83752,0,914.4,107.518796,0.642321377,CL,ANP2.2,
4855,BAE146-D-1,D,1,8,34472.992,14195.6028,0,1080.24168,134.8357724,0.574859397,CL,ANP2.2,
4856,BAE146-D-1,D,1,9,34472.992,20690.49456,0,1676.4,138.8484356,0.58156241,CL,ANP2.2,
4857,BAE146-D-1,D,1,10,34472.992,28236.94632,0,2286.0,143.1697652,0.584443329,CL,ANP2.2,
4858,BAE146-D-1,D,1,11,34472.992,39487.54104,0,3048.0,148.8286492,0.582395983,CL,ANP2.2,
4859,BAE146-D-2,D,2,1,38101.728,0.0,0,0.0,0.0,0.939242468,TO,ANP2.2,
4860,BAE146-D-2,D,2,2,38101.728,1008.33936,0,0.0,73.1024924,0.735109039,TO,ANP2.2,
4861,BAE146-D-2,D,2,3,38101.728,3791.4072,0,304.8,74.1828248,0.742575323,TO,ANP2.2,
4862,BAE146-D-2,D,2,4,38101.728,7133.87448,0,474.69552,93.2172528,0.696113343,CL,ANP2.2,
4863,BAE146-D-2,D,2,5,38101.728,7438.67448,0,507.15672,93.371586,0.66766571,CL,ANP2.2,
4864,BAE146-D-2,D,2,6,38101.728,9102.02904,0,552.38904,109.31935,0.625725968,CL,ANP2.2,
4865,BAE146-D-2,D,2,7,38101.728,12622.43856,0,914.4,111.2742372,0.632319943,CL,ANP2.2,
4866,BAE146-D-2,D,2,8,38101.728,17045.29992,0,1057.9608,134.6814392,0.574535151,CL,ANP2.2,
4867,BAE146-D-2,D,2,9,38101.728,25228.47888,0,1676.4,138.8484356,0.58156241,CL,ANP2.2,
4868,BAE146-D-2,D,2,10,38101.728,34539.35688,0,2286.0,143.1697652,0.584443329,CL,ANP2.2,
4869,BAE146-D-2,D,2,11,38101.728,48729.50376,0,3048.0,148.8286492,0.582395983,CL,ANP2.2,
4870,BAE146-D-3,D,3,1,41276.872,0.0,0,0.0,0.0,0.939242468,TO,ANP2.2,
4871,BAE146-D-3,D,3,2,41276.872,1196.9496,0,0.0,76.0862676,0.726773314,TO,ANP2.2,
4872,BAE146-D-3,D,3,3,41276.872,4659.69096,0,304.8,77.2180444,0.734239598,TO,ANP2.2,
4873,BAE146-D-3,D,3,4,41276.872,9232.63584,0,492.58728,96.45825,0.687915352,CL,ANP2.2,
4874,BAE146-D-3,D,3,5,41276.872,9537.43584,0,519.89736,96.5611388,0.659354376,CL,ANP2.2,
4875,BAE146-D-3,D,3,6,41276.872,11376.93432,0,547.29888,112.4574584,0.617050215,CL,ANP2.2,
4876,BAE146-D-3,D,3,7,41276.872,15624.2004,0,914.4,114.46379,0.623747489,CL,ANP2.2,
4877,BAE146-D-3,D,3,8,41276.872,19650.05976,0,1000.6584,134.3213284,0.573674319,CL,ANP2.2,
4878,BAE146-D-3,D,3,9,41276.872,30202.1748,0,1676.4,138.8484356,0.58156241,CL,ANP2.2,
4879,BAE146-D-3,D,3,10,41276.872,41425.64232,0,2286.0,143.1697652,0.584443329,CL,ANP2.2,
4880,BAE146-D-3,D,3,11,41276.872,58956.36672,0,3048.0,148.8286492,0.582395983,CL,ANP2.2,
4881,JET-REGIONAL-A-1,A,1,1,36287.36,-34895.57664,0,1828.8,139.928768,0.105977044,AP,ANP2.2,
4882,JET-REGIONAL-A-1,A,1,2,36287.36,-17752.58832,0,930.37152,97.229916,0.094938307,AP,ANP2.2,
4883,JET-REGIONAL-A-1,A,1,3,36287.36,-17447.78832,0,914.4,96.3039168,0.235235294,AP,ANP2.2,
4884,JET-REGIONAL-A-1,A,1,4,36287.36,-9028.69416,0,473.17152,87.712702,0.223054519,AP,ANP2.2,
4885,JET-REGIONAL-A-1,A,1,5,36287.36,-8723.89416,0,457.2,87.3525912,0.242578192,AP,ANP2.2,
4886,JET-REGIONAL-A-1,A,1,6,36287.36,-6120.71928,0,320.77152,67.3407196,0.238649928,AP,ANP2.2,
4887,JET-REGIONAL-A-1,A,1,7,36287.36,-5815.91928,0,304.8,64.6141664,0.278460545,AP,ANP2.2,
4888,JET-REGIONAL-A-1,A,1,8,36287.36,-304.8,0,15.97152,63.7396116,0.269047346,AP,ANP2.2,
4889,JET-REGIONAL-A-1,A,1,9,36287.36,0.0,0,0.0,63.6881672,0.268573888,AP,ANP2.2,
4890,JET-REGIONAL-A-1,A,1,10,36287.36,79.5528,0,0.0,60.3957256,0.4,AP,ANP2.2,
4891,JET-REGIONAL-A-1,A,1,11,36287.36,715.9752,0,0.0,15.3304312,0.1,AP,ANP2.2,
4892,JET-REGIONAL-D-5,D,1,1,36287.36,0.0,0,0.0,0.0,0.939242468,TO,ANP2.2,
4893,JET-REGIONAL-D-5,D,1,2,36287.36,889.7112,0,0.0,72.1764932,0.737802009,TO,ANP2.2,
4894,JET-REGIONAL-D-5,D,1,3,36287.36,3280.2576,0,304.8,73.2053812,0.745268293,TO,ANP2.2,
4895,JET-REGIONAL-D-5,D,1,4,36287.36,6028.15152,0,467.22792,92.1369204,0.698813486,CL,ANP2.2,
4896,JET-REGIONAL-D-5,D,1,5,36287.36,6332.95152,0,503.19432,92.2912536,0.670440459,CL,ANP2.2,
4897,JET-REGIONAL-D-5,D,1,6,36287.36,7883.10336,0,556.01616,108.290462,0.628655667,CL,ANP2.2,
4898,JET-REGIONAL-D-5,D,1,7,36287.36,11024.52456,0,914.4,110.1939048,0.635177905,CL,ANP2.2,
4899,JET-REGIONAL-D-5,D,1,8,36287.36,15394.2288,0,1085.14896,134.8872168,0.574929699,CL,ANP2.2,
4900,JET-REGIONAL-D-5,D,1,9,36287.36,22406.9148,0,1676.4,138.8484356,0.58156241,CL,ANP2.2,
4901,JET-REGIONAL-D-5,D,1,10,36287.36,30654.25416,0,2286.0,143.1697652,0.584443329,CL,ANP2.2,
4902,JET-REGIONAL-D-5,D,1,11,36287.36,43037.63808,0,3048.0,148.8286492,0.582395983,CL,ANP2.2,
4903,BAE300-D-2,D,2,1,39916.096,0.0,0,0.0,0.0,0.939242468,TO,ANP2.2,
4904,BAE300-D-2,D,2,2,39916.096,1091.06208,0,0.0,75.6747124,0.727969871,TO,ANP2.2,
4905,BAE300-D-2,D,2,3,39916.096,4118.88432,0,304.8,76.8064892,0.735436155,TO,ANP2.2,
4906,BAE300-D-2,D,2,4,39916.096,7933.3344,0,483.7176,95.8923616,0.689159254,CL,ANP2.2,
4907,BAE300-D-2,D,2,5,39916.096,8238.1344,0,513.22224,95.9952504,0.660647059,CL,ANP2.2,
4908,BAE300-D-2,D,2,6,39916.096,10228.7832,0,571.98768,112.0459032,0.61897561,CL,ANP2.2,
4909,BAE300-D-2,D,2,7,39916.096,13890.61992,0,914.4,113.949346,0.625176471,CL,ANP2.2,
4910,BAE300-D-2,D,2,8,39916.096,18380.47632,0,1058.7228,134.6814392,0.574545194,CL,ANP2.2,
4911,BAE300-D-2,D,2,9,39916.096,27245.40144,0,1676.4,138.8484356,0.58156241,CL,ANP2.2,
4912,BAE300-D-2,D,2,10,39916.096,37396.76544,0,2286.0,143.1697652,0.584443329,CL,ANP2.2,
4913,BAE300-D-2,D,2,11,39916.096,53004.1104,0,3048.0,148.8286492,0.582395983,CL,ANP2.2,
4914,BAE300-D-3,D,3,1,43544.832,0.0,0,0.0,0.0,0.939242468,TO,ANP2.2,
4915,BAE300-D-3,D,3,2,43544.832,1315.39488,0,0.0,79.0700428,0.718575323,TO,ANP2.2,
4916,BAE300-D-3,D,3,3,43544.832,5193.51768,0,304.8,80.2018196,0.726041607,TO,ANP2.2,
4917,BAE300-D-3,D,3,4,43544.832,10506.24264,0,500.7864,99.0819144,0.680941176,CL,ANP2.2,
4918,BAE300-D-3,D,3,5,43544.832,10811.04264,0,525.13992,99.2362476,0.652318508,CL,ANP2.2,
4919,BAE300-D-3,D,3,6,43544.832,13043.64168,0,563.91048,115.1840116,0.610241033,CL,ANP2.2,
4920,BAE300-D-3,D,3,7,43544.832,17595.82968,0,914.4,117.1388988,0.616604017,CL,ANP2.2,
4921,BAE300-D-3,D,3,8,43544.832,21656.1924,0,1000.53648,134.3213284,0.573671449,CL,ANP2.2,
4922,BAE300-D-3,D,3,9,43544.832,33362.67648,0,1676.4,138.8484356,0.58156241,CL,ANP2.2,
4923,BAE300-D-3,D,3,10,43544.832,45925.4352,0,2286.0,143.1697652,0.584443329,CL,ANP2.2,
4924,BAE300-D-3,D,3,11,43544.832,65847.468,0,3048.0,148.8286492,0.582395983,CL,ANP2.2,
4925,BEC58P-A-1,A,1,1,2494.756,-20903.27544,0,1828.8,72.7423816,0.023068036,AP,ANP2.2,
4926,BEC58P-A-1,A,1,2,2494.756,-10756.45296,0,941.07,63.9453892,0.020680359,AP,ANP2.2,
4927,BEC58P-A-1,A,1,3,2494.756,-10451.65296,0,914.4,63.6367228,0.026854942,AP,ANP2.2,
4928,BEC58P-A-1,A,1,4,2494.756,-5530.62648,0,483.87,57.4119504,0.025494223,AP,ANP2.2,
4929,BEC58P-A-1,A,1,5,2494.756,-5225.82648,0,457.2,57.0518396,0.030757381,AP,ANP2.2,
4930,BEC58P-A-1,A,1,6,2494.756,-3788.69448,0,331.47,52.4218436,0.03029525,AP,ANP2.2,
4931,BEC58P-A-1,A,1,7,2494.756,-3483.89448,0,304.8,51.3929556,0.035442875,AP,ANP2.2,
4932,BEC58P-A-1,A,1,8,2494.756,-304.8,0,26.67,50.672734,0.034287548,AP,ANP2.2,
4933,BEC58P-A-1,A,1,9,2494.756,0.0,0,0.0,50.6212896,0.034184852,AP,ANP2.2,
4934,BEC58P-A-1,A,1,10,2494.756,57.54624,0,0.0,48.0490696,0.051347882,AP,ANP2.2,
4935,BEC58P-A-1,A,1,11,2494.756,517.91616,0,0.0,15.3304312,0.01283697,AP,ANP2.2,
4936,PISTON-D-4,D,1,1,2494.756,0.0,0,0.0,0.0,0.158998716,TO,ANP2.2,
4937,PISTON-D-4,D,1,2,2494.756,475.73184,0,0.0,48.614958,0.158998716,TO,ANP2.2,
4938,PISTON-D-4,D,1,3,2494.756,1163.39112,0,70.68312,59.0581712,0.132015404,TO,ANP2.2,
4939,PISTON-D-4,D,1,4,2494.756,2704.09416,0,304.8,59.7269484,0.134223363,TO,ANP2.2,
4940,PISTON-D-4,D,1,5,2494.756,3795.2172,0,399.7452,67.8037192,0.119537869,CL,ANP2.2,
4941,PISTON-D-4,D,1,6,2494.756,4100.0172,0,425.5008,67.906608,0.100949936,CL,ANP2.2,
4942,PISTON-D-4,D,1,7,2494.756,9881.70744,0,914.4,69.5528288,0.104557125,CL,ANP2.2,
4943,PISTON-D-4,D,1,8,2494.756,19650.05976,0,1676.4,72.2279376,0.110526316,CL,ANP2.2,
4944,PISTON-D-4,D,1,9,2494.756,28224.05328,0,2286.0,74.4400468,0.11563543,CL,ANP2.2,
4945,PISTON-D-4,D,1,10,2494.756,40070.13576,0,3048.0,77.3723776,0.122451861,CL,ANP2.2,
4946,C130-A-1,A,1,1,59874.144,-34895.57664,0,1828.8,111.9430144,0.001721904,AP,ANP2.2,
4947,C130-A-1,A,1,2,59874.144,-17447.78832,0,914.4,88.6901456,0.001539995,AP,ANP2.2,
4948,C130-A-1,A,1,3,59874.144,-9028.69416,0,473.17152,76.7550448,0.001460254,AP,ANP2.2,
4949,C130-A-1,A,1,4,59874.144,-8723.89416,0,457.2,76.2920452,0.002177922,AP,ANP2.2,
4950,C130-A-1,A,1,5,59874.144,-6120.71928,0,320.77152,71.1476052,0.002143035,AP,ANP2.2,
4951,C130-A-1,A,1,6,59874.144,-5815.91928,0,304.8,70.5302724,0.002846997,AP,ANP2.2,
4952,C130-A-1,A,1,7,59874.144,-304.8,0,15.97152,69.5528288,0.002751059,AP,ANP2.2,
4953,C130-A-1,A,1,8,59874.144,0.0,0,0.0,69.5013844,0.002746075,AP,ANP2.2,
4954,C130-A-1,A,1,9,59874.144,103.96728,0,0.0,65.9517208,0.004983803,AP,ANP2.2,
4955,C130-A-1,A,1,10,59874.144,935.70552,0,0.0,15.3304312,0.001245951,AP,ANP2.2,
4956,C130-D-1,D,1,1,59874.144,0.0,0,0.0,0.0,0.013764017,TO,ANP2.2,
4957,C130-D-1,D,1,2,59874.144,1352.3976,0,0.0,67.8037192,0.013764017,TO,ANP2.2,
4958,C130-D-1,D,1,3,59874.144,3262.91448,0,304.8,68.7811628,0.014065537,TO,ANP2.2,
4959,C130-D-1,D,1,4,59874.144,4113.85512,0,395.35608,74.079936,0.013203339,CL,ANP2.2,
4960,C130-D-1,D,1,5,59874.144,4418.65512,0,426.99432,74.1828248,0.011250934,CL,ANP2.2,
4961,C130-D-1,D,1,6,59874.144,5968.95936,0,528.18792,85.0375932,0.009933965,CL,ANP2.2,
4962,C130-D-1,D,1,7,59874.144,9778.5936,0,914.4,86.683814,0.010213058,CL,ANP2.2,
4963,C130-D-1,D,1,8,59874.144,18474.44616,0,1385.25504,109.4736832,0.008560927,CL,ANP2.2,
4964,C130-D-1,D,1,9,59874.144,23269.0416,0,1676.4,111.0684596,0.008745328,CL,ANP2.2,
4965,C130-D-1,D,1,10,59874.144,33857.946,0,2286.0,114.5152344,0.009149016,CL,ANP2.2,
4966,C130-D-1,D,1,11,59874.144,48279.07032,0,3048.0,119.093786,0.009689758,CL,ANP2.2,
4967,C130-D-2,D,2,1,70306.76,0.0,0,0.0,0.0,0.012702467,TO,ANP2.2,
4968,C130-D-2,D,2,2,70306.76,2020.61064,0,0.0,73.4626032,0.012702467,TO,ANP2.2,
4969,C130-D-2,D,2,3,70306.76,5052.24288,0,304.8,74.5429356,0.012980314,TO,ANP2.2,
4970,C130-D-2,D,2,4,70306.76,6753.4536,0,418.58184,80.4075972,0.012195365,CL,ANP2.2,
4971,C130-D-2,D,2,5,70306.76,7058.2536,0,438.39384,80.510486,0.010382507,CL,ANP2.2,
4972,C130-D-2,D,2,6,70306.76,9849.09384,0,558.48504,91.4681432,0.009268627,CL,ANP2.2,
4973,C130-D-2,D,2,7,70306.76,15475.51896,0,914.4,93.0629196,0.009509095,CL,ANP2.2,
4974,C130-D-2,D,2,8,70306.76,22863.84048,0,1149.88848,108.2390176,0.008415151,CL,ANP2.2,
4975,C130-D-2,D,2,9,70306.76,35906.08008,0,1676.4,111.0684596,0.008745328,CL,ANP2.2,
4976,C130-D-2,D,2,10,70306.76,52389.08496,0,2286.0,114.5152344,0.009149016,CL,ANP2.2,
4977,C130-D-2,D,2,11,70306.76,75503.86728,0,3048.0,119.093786,0.009689758,CL,ANP2.2,
4978,C130E-D-1,D,1,1,59874.144,0.0,0,0.0,0.0,0.015639247,TO,ANP2.2,
4979,C130E-D-1,D,1,2,59874.144,1536.98448,0,0.0,67.8037192,0.015639247,TO,ANP2.2,
4980,C130E-D-1,D,1,3,59874.144,3950.63472,0,304.8,68.7811628,0.015981877,TO,ANP2.2,
4981,C130E-D-1,D,1,4,59874.144,5041.11768,0,396.63624,74.079936,0.01500354,CL,ANP2.2,
4982,C130E-D-1,D,1,5,59874.144,5345.91768,0,422.3004,74.1828248,0.013000142,CL,ANP2.2,
4983,C130E-D-1,D,1,6,59874.144,7171.182,0,517.33704,84.9861488,0.011472462,CL,ANP2.2,
4984,C130E-D-1,D,1,7,59874.144,12006.04152,0,914.4,86.683814,0.011805182,CL,ANP2.2,
4985,C130E-D-1,D,1,8,59874.144,22811.26248,0,1369.9236,109.4222388,0.009883902,CL,ANP2.2,
4986,C130E-D-1,D,1,9,59874.144,29491.2288,0,1676.4,111.0684596,0.010107603,CL,ANP2.2,
4987,C130E-D-1,D,1,10,59874.144,43664.2764,0,2286.0,114.5152344,0.010574827,CL,ANP2.2,
4988,C130E-D-1,D,1,11,59874.144,63310.70904,0,3048.0,119.093786,0.011199207,CL,ANP2.2,
4989,C130E-D-2,D,2,1,70306.76,0.0,0,0.0,0.0,0.01443296,TO,ANP2.2,
4990,C130E-D-2,D,2,2,70306.76,2296.39368,0,0.0,73.4626032,0.01443296,TO,ANP2.2,
4991,C130E-D-2,D,2,3,70306.76,6366.26616,0,304.8,74.5429356,0.01474869,TO,ANP2.2,
4992,C130E-D-2,D,2,4,70306.76,8508.15672,0,406.6032,80.3561528,0.013843976,CL,ANP2.2,
4993,C130E-D-2,D,2,5,70306.76,8812.95672,0,421.75176,80.4590416,0.011986408,CL,ANP2.2,
4994,C130E-D-2,D,2,6,70306.76,12180.96624,0,530.0472,91.3652544,0.010690925,CL,ANP2.2,
4995,C130E-D-2,D,2,7,70306.76,20157.88704,0,914.4,93.0629196,0.01099108,CL,ANP2.2,
4996,C130E-D-2,D,2,8,70306.76,27244.51752,0,1041.01392,107.6731292,0.00965029,CL,ANP2.2,
4997,C130E-D-2,D,2,9,70306.76,49990.4004,0,1676.4,111.0684596,0.010107603,CL,ANP2.2,
4998,C130E-D-2,D,2,10,70306.76,74756.04048,0,2286.0,114.5152344,0.010574827,CL,ANP2.2,
4999,C130E-D-2,D,2,11,70306.76,111003.1003,0,3048.0,119.093786,0.011199207,CL,ANP2.2,
5000,C130E-A-1,A,1,1,59874.144,-34895.57664,0,1828.8,111.9430144,0.002140733,AP,ANP2.2,
5001,C130E-A-1,A,1,2,59874.144,-17447.78832,0,914.4,87.3525912,0.001914201,AP,ANP2.2,
5002,C130E-A-1,A,1,3,59874.144,-9028.69416,0,473.17152,75.4174904,0.001815093,AP,ANP2.2,
5003,C130E-A-1,A,1,4,59874.144,-8723.89416,0,457.2,74.9544908,0.002708481,AP,ANP2.2,
5004,C130E-A-1,A,1,5,59874.144,-6120.71928,0,320.77152,69.8614952,0.00266459,AP,ANP2.2,
5005,C130E-A-1,A,1,6,59874.144,-5815.91928,0,304.8,69.2441624,0.003540988,AP,ANP2.2,
5006,C130E-A-1,A,1,7,59874.144,-304.8,0,15.97152,68.2667188,0.003420643,AP,ANP2.2,
5007,C130E-A-1,A,1,8,59874.144,0.0,0,0.0,68.2152744,0.003414979,AP,ANP2.2,
5008,C130E-A-1,A,1,9,59874.144,99.02952,0,0.0,64.7684996,0.005663316,AP,ANP2.2,
5009,C130E-A-1,A,1,10,59874.144,891.26568,0,0.0,15.3304312,0.001415829,AP,ANP2.2,
5010,CIT3-A-1,A,1,1,9071.84,-34895.57664,0,1828.8,139.928768,0.050309589,AP,ANP2.2,
5011,CIT3-A-1,A,1,2,9071.84,-17752.58832,0,930.37152,76.2406008,0.045068493,AP,ANP2.2,
5012,CIT3-A-1,A,1,3,9071.84,-17447.78832,0,914.4,74.6458244,0.097172603,AP,ANP2.2,
5013,CIT3-A-1,A,1,4,9071.84,-9028.69416,0,473.17152,68.0094968,0.092139726,AP,ANP2.2,
5014,CIT3-A-1,A,1,5,9071.84,-8723.89416,0,457.2,67.7522748,0.177578082,AP,ANP2.2,
5015,CIT3-A-1,A,1,6,9071.84,-6120.71928,0,320.77152,62.6592792,0.17470137,AP,ANP2.2,
5016,CIT3-A-1,A,1,7,9071.84,-5815.91928,0,304.8,62.0419464,0.209923288,AP,ANP2.2,
5017,CIT3-A-1,A,1,8,9071.84,-304.8,0,15.97152,61.218836,0.202827397,AP,ANP2.2,
5018,CIT3-A-1,A,1,9,9071.84,0.0,0,0.0,61.1673916,0.202473973,AP,ANP2.2,
5019,CIT3-A-1,A,1,10,9071.84,46.90872,0,0.0,58.0292832,0.4,AP,ANP2.2,
5020,CIT3-A-1,A,1,11,9071.84,422.17848,0,0.0,15.3304312,0.1,AP,ANP2.2,
5021,CIT3-D-1,D,1,1,9071.84,0.0,0,0.0,0.0,0.910769863,TO,ANP2.2,
5022,CIT3-D-1,D,1,2,9071.84,924.97656,0,0.0,68.5753852,0.768032877,TO,ANP2.2,
5023,CIT3-D-1,D,1,3,9071.84,1604.13192,0,57.27192,76.4463784,0.755534247,TO,ANP2.2,
5024,CIT3-D-1,D,1,4,9071.84,4103.85768,0,457.2,77.938266,0.779131507,TO,ANP2.2,
5025,CIT3-D-1,D,1,5,9071.84,5177.82048,0,534.68016,91.3652544,0.756931507,CL,ANP2.2,
5026,CIT3-D-1,D,1,6,9071.84,5482.62048,0,584.7588,91.6224764,0.68380274,CL,ANP2.2,
5027,CIT3-D-1,D,1,7,9071.84,7488.08256,0,914.4,93.0629196,0.700189041,CL,ANP2.2,
5028,CIT3-D-1,D,1,8,9071.84,13722.33984,0,1343.04024,136.584882,0.647515068,CL,ANP2.2,
5029,CIT3-D-1,D,1,9,9071.84,16428.1104,0,1676.4,138.8484356,0.662336986,CL,ANP2.2,
5030,CIT3-D-1,D,1,10,9071.84,21598.4328,0,2286.0,143.1697652,0.687460274,CL,ANP2.2,
5031,CIT3-D-1,D,1,11,9071.84,28571.15952,0,3048.0,148.8286492,0.715254795,CL,ANP2.2,
5032,CL600-A-1,A,1,1,16329.312,-34895.57664,0,1828.8,139.928768,0.047526667,AP,ANP2.2,
5033,CL600-A-1,A,1,2,16329.312,-17752.58832,0,930.37152,82.7225952,0.042576,AP,ANP2.2,
5034,CL600-A-1,A,1,3,16329.312,-17447.78832,0,914.4,81.3850408,0.062966667,AP,ANP2.2,
5035,CL600-A-1,A,1,4,16329.312,-9028.69416,0,473.17152,74.59438,0.059705333,AP,ANP2.2,
5036,CL600-A-1,A,1,5,16329.312,-8723.89416,0,457.2,74.337158,0.163369333,AP,ANP2.2,
5037,CL600-A-1,A,1,6,16329.312,-6120.71928,0,320.77152,69.2441624,0.160724,AP,ANP2.2,
5038,CL600-A-1,A,1,7,16329.312,-5815.91928,0,304.8,68.6268296,0.243285333,AP,ANP2.2,
5039,CL600-A-1,A,1,8,16329.312,-304.8,0,15.97152,67.649386,0.235062667,AP,ANP2.2,
5040,CL600-A-1,A,1,9,16329.312,0.0,0,0.0,67.5979416,0.234641333,AP,ANP2.2,
5041,CL600-A-1,A,1,10,16329.312,61.44768,0,0.0,64.1511668,0.4,AP,ANP2.2,
5042,CL600-A-1,A,1,11,16329.312,553.02912,0,0.0,15.3304312,0.1,AP,ANP2.2,
5043,CL600-D-1,D,1,1,16329.312,0.0,0,0.0,0.0,0.822149333,TO,ANP2.2,
5044,CL600-D-1,D,1,2,16329.312,1057.1988,0,0.0,75.8290456,0.698066667,TO,ANP2.2,
5045,CL600-D-1,D,1,3,16329.312,1667.80464,0,63.52032,83.7000388,0.688218667,TO,ANP2.2,
5046,CL600-D-1,D,1,4,16329.312,3659.33736,0,457.2,85.2948152,0.704372,TO,ANP2.2,
5047,CL600-D-1,D,1,5,16329.312,5381.33544,0,606.43008,105.4095756,0.679501333,CL,ANP2.2,
5048,CL600-D-1,D,1,6,16329.312,5686.13544,0,657.69744,105.6667976,0.613445333,CL,ANP2.2,
5049,CL600-D-1,D,1,7,16329.312,7212.97008,0,914.4,107.004352,0.622926667,CL,ANP2.2,
5050,CL600-D-1,D,1,8,16329.312,11547.0432,0,1249.86288,135.9675492,0.59762,CL,ANP2.2,
5051,CL600-D-1,D,1,9,16329.312,14705.13696,0,1676.4,138.8484356,0.613372,CL,ANP2.2,
5052,CL600-D-1,D,1,10,16329.312,19451.93976,0,2286.0,143.1697652,0.635884,CL,ANP2.2,
5053,CL600-D-1,D,1,11,16329.312,25829.30064,0,3048.0,148.8286492,0.664024,CL,ANP2.2,
5054,CL601-A-1,A,1,1,19549.8152,-34895.57664,0,1828.8,139.928768,0.04217462,AP,ANP2.2,
5055,CL601-A-1,A,1,2,19549.8152,-17752.58832,0,930.37152,86.0664812,0.037780911,AP,ANP2.2,
5056,CL601-A-1,A,1,3,19549.8152,-17447.78832,0,914.4,84.7803712,0.049112798,AP,ANP2.2,
5057,CL601-A-1,A,1,4,19549.8152,-9028.69416,0,473.17152,77.938266,0.046569414,AP,ANP2.2,
5058,CL601-A-1,A,1,5,19549.8152,-8723.89416,0,457.2,77.681044,0.133610629,AP,ANP2.2,
5059,CL601-A-1,A,1,6,19549.8152,-6120.71928,0,320.77152,72.536604,0.131446855,AP,ANP2.2,
5060,CL601-A-1,A,1,7,19549.8152,-5815.91928,0,304.8,71.9192712,0.206149675,AP,ANP2.2,
5061,CL601-A-1,A,1,8,19549.8152,-304.8,0,15.97152,70.9418276,0.199182213,AP,ANP2.2,
5062,CL601-A-1,A,1,9,19549.8152,0.0,0,0.0,70.8903832,0.19882538,AP,ANP2.2,
5063,CL601-A-1,A,1,10,19549.8152,68.30568,0,0.0,67.2378308,0.4,AP,ANP2.2,
5064,CL601-A-1,A,1,11,19549.8152,614.75112,0,0.0,15.3304312,0.1,AP,ANP2.2,
5065,JET-REGIONAL-D-1,D,1,1,19549.8152,0.0,0,0.0,0.0,0.786270065,TO,ANP2.2,
5066,JET-REGIONAL-D-1,D,1,2,19549.8152,1494.52584,0,0.0,82.9283728,0.656451193,TO,ANP2.2,
5067,JET-REGIONAL-D-1,D,1,3,19549.8152,2181.20976,0,70.59168,90.9022548,0.64720282,TO,ANP2.2,
5068,JET-REGIONAL-D-1,D,1,4,19549.8152,4168.4448,0,457.2,92.59992,0.662145336,TO,ANP2.2,
5069,JET-REGIONAL-D-1,D,1,5,19549.8152,5358.71928,0,564.642,105.203798,0.647873102,CL,ANP2.2,
5070,JET-REGIONAL-D-1,D,1,6,19549.8152,5663.51928,0,614.56824,105.46102,0.584827549,CL,ANP2.2,
5071,JET-REGIONAL-D-1,D,1,7,19549.8152,7493.3556,0,914.4,107.004352,0.59525705,CL,ANP2.2,
5072,JET-REGIONAL-D-1,D,1,8,19549.8152,11956.87728,0,1250.71632,135.9675492,0.57090564,CL,ANP2.2,
5073,JET-REGIONAL-D-1,D,1,9,19549.8152,15204.3384,0,1676.4,138.8484356,0.585714751,CL,ANP2.2,
5074,JET-REGIONAL-D-1,D,1,10,19549.8152,20100.37128,0,2286.0,143.1697652,0.606920824,CL,ANP2.2,
5075,JET-REGIONAL-D-1,D,1,11,19549.8152,26688.47088,0,3048.0,148.8286492,0.633428416,CL,ANP2.2,
5076,PISTON-D-2,D,1,1,3968.93,0.0,0,0.0,0.0,1.402656522,TO,ANP2.2,
5077,PISTON-D-2,D,1,2,3968.93,319.67424,0,0.0,35.8053024,1.046878261,TO,ANP2.2,
5078,PISTON-D-2,D,1,3,3968.93,2311.87752,0,213.26856,53.759398,0.871665217,TO,ANP2.2,
5079,PISTON-D-2,D,1,4,3968.93,2994.53808,0,304.8,54.01662,0.870547826,TO,ANP2.2,
5080,PISTON-D-2,D,1,5,3968.93,3185.28192,0,328.81824,54.0680644,0.887873913,CL,ANP2.2,
5081,PISTON-D-2,D,1,6,3968.93,3599.93184,0,352.83648,59.8812816,0.846717391,CL,ANP2.2,
5082,PISTON-D-2,D,1,7,3968.93,5710.30608,0,609.6,60.6015032,0.845234783,CL,ANP2.2,
5083,PISTON-D-2,D,1,8,3968.93,11255.10576,0,1219.2,62.4535016,0.839930435,CL,ANP2.2,
5084,PISTON-D-2,D,1,9,3968.93,17745.63888,0,1828.8,64.3569444,0.832121739,CL,ANP2.2,
5085,PISTON-D-2,D,1,10,3968.93,25509.3216,0,2438.4,66.363276,0.821808696,CL,ANP2.2,
5086,PISTON-D-2,D,1,11,3968.93,35068.1544,0,3048.0,68.4724964,0.808991304,CL,ANP2.2,
5087,CNA208-A-1,A,1,1,3968.93,-34895.57664,0,1828.8,78.3498212,0.162234783,AP,ANP2.2,
5088,CNA208-A-1,A,1,2,3968.93,-23263.7076,0,1219.2,67.3407196,0.150521739,AP,ANP2.2,
5089,CNA208-A-1,A,1,3,3968.93,-11631.86904,0,609.6,56.9489508,0.1398,AP,ANP2.2,
5090,CNA208-A-1,A,1,4,3968.93,-6120.71928,0,320.77152,52.216066,0.135043478,AP,ANP2.2,
5091,CNA208-A-1,A,1,5,3968.93,-5815.91928,0,304.8,51.958844,0.168208696,AP,ANP2.2,
5092,CNA208-A-1,A,1,6,3968.93,-2907.97488,0,152.4,41.2584088,0.165165217,AP,ANP2.2,
5093,CNA208-A-1,A,1,7,3968.93,-304.8,0,15.97152,39.097744,0.162508696,AP,ANP2.2,
5094,CNA208-A-1,A,1,8,3968.93,0.0,0,0.0,38.840522,0.162265217,AP,ANP2.2,
5095,CNA208-A-1,A,1,9,3968.93,30.48,0,0.0,39.9208544,0.1,AP,ANP2.2,
5096,CNA208-A-1,A,1,10,3968.93,248.412,0,0.0,15.3304312,0.1,AP,ANP2.2,
5097,CNA441-A-1,A,1,1,4467.8812,-34895.57664,0,1828.8,89.5647004,0.010267101,AP,ANP2.2,
5098,CNA441-A-1,A,1,2,4467.8812,-17752.58832,0,930.37152,61.5275024,0.009198697,AP,ANP2.2,
5099,CNA441-A-1,A,1,3,4467.8812,-17447.78832,0,914.4,60.9101696,0.013941368,AP,ANP2.2,
5100,CNA441-A-1,A,1,4,4467.8812,-9028.69416,0,473.17152,54.5825084,0.013218241,AP,ANP2.2,
5101,CNA441-A-1,A,1,5,4467.8812,-8723.89416,0,457.2,54.3767308,0.017250814,AP,ANP2.2,
5102,CNA441-A-1,A,1,6,4467.8812,-6120.71928,0,320.77152,49.386624,0.016970684,AP,ANP2.2,
5103,CNA441-A-1,A,1,7,4467.8812,-5815.91928,0,304.8,48.7692912,0.020925081,AP,ANP2.2,
5104,CNA441-A-1,A,1,8,4467.8812,-304.8,0,15.97152,48.2034028,0.020214984,AP,ANP2.2,
5105,CNA441-A-1,A,1,9,4467.8812,0.0,0,0.0,48.1519584,0.02018241,AP,ANP2.2,
5106,CNA441-A-1,A,1,10,4467.8812,24.10968,0,0.0,45.5797384,0.026058632,AP,ANP2.2,
5107,CNA441-A-1,A,1,11,4467.8812,216.98712,0,0.0,15.3304312,0.006514658,AP,ANP2.2,
5108,TURBOPROP-D-1,D,1,1,4467.8812,0.0,0,0.0,0.0,0.072501629,TO,ANP2.2,
5109,TURBOPROP-D-1,D,1,2,4467.8812,625.05336,0,0.0,56.2801736,0.072501629,TO,ANP2.2,
5110,TURBOPROP-D-1,D,1,3,4467.8812,907.35912,0,31.12008,61.5275024,0.066605863,TO,ANP2.2,
5111,TURBOPROP-D-1,D,1,4,4467.8812,1570.75632,0,95.52432,71.9707156,0.057355049,TO,ANP2.2,
5112,TURBOPROP-D-1,D,1,5,4467.8812,6305.61096,0,914.4,74.9030464,0.060814332,CL,ANP2.2,
5113,TURBOPROP-D-1,D,1,6,4467.8812,6610.41096,0,961.88784,75.0573796,0.059537459,CL,ANP2.2,
5114,TURBOPROP-D-1,D,1,7,4467.8812,11195.42592,0,1676.4,77.7839328,0.062716612,CL,ANP2.2,
5115,TURBOPROP-D-1,D,1,8,4467.8812,15339.15144,0,2286.0,80.1503752,0.065615635,CL,ANP2.2,
5116,TURBOPROP-D-1,D,1,9,4467.8812,20837.68248,0,3048.0,83.339928,0.069485342,CL,ANP2.2,
5117,CNA500-A-1,A,1,1,6667.8024,-34895.57664,0,1828.8,139.928768,0.060488,AP,ANP2.2,
5118,CNA500-A-1,A,1,2,6667.8024,-17752.58832,0,930.37152,72.02216,0.054188,AP,ANP2.2,
5119,CNA500-A-1,A,1,3,6667.8024,-17447.78832,0,914.4,70.221606,0.083056,AP,ANP2.2,
5120,CNA500-A-1,A,1,4,6667.8024,-9028.69416,0,473.17152,63.6881672,0.078752,AP,ANP2.2,
5121,CNA500-A-1,A,1,5,6667.8024,-8723.89416,0,457.2,63.4823896,0.16806,AP,ANP2.2,
5122,CNA500-A-1,A,1,6,6667.8024,-6120.71928,0,320.77152,58.4408384,0.16534,AP,ANP2.2,
5123,CNA500-A-1,A,1,7,6667.8024,-5815.91928,0,304.8,57.8235056,0.25286,AP,ANP2.2,
5124,CNA500-A-1,A,1,8,6667.8024,-304.8,0,15.97152,57.0003952,0.244312,AP,ANP2.2,
5125,CNA500-A-1,A,1,9,6667.8024,0.0,0,0.0,56.9489508,0.243888,AP,ANP2.2,
5126,CNA500-A-1,A,1,10,6667.8024,54.58968,0,0.0,54.0680644,0.4,AP,ANP2.2,
5127,CNA500-A-1,A,1,11,6667.8024,491.30712,0,0.0,15.3304312,0.1,AP,ANP2.2,
5128,JET-BUSINESS-D-2,D,1,1,6667.8024,0.0,0,0.0,0.0,0.855132,TO,ANP2.2,
5129,JET-BUSINESS-D-2,D,1,2,6667.8024,944.97144,0,0.0,59.3668376,0.75222,TO,ANP2.2,
5130,JET-BUSINESS-D-2,D,1,3,6667.8024,1527.99288,0,49.01184,67.1863864,0.743252,TO,ANP2.2,
5131,JET-BUSINESS-D-2,D,1,4,6667.8024,4023.78672,0,457.2,68.5239408,0.777272,TO,ANP2.2,
5132,JET-BUSINESS-D-2,D,1,5,6667.8024,7111.01448,0,642.09168,105.5639088,0.730204,CL,ANP2.2,
5133,JET-BUSINESS-D-2,D,1,6,6667.8024,7415.81448,0,684.30648,105.8211308,0.659968,CL,ANP2.2,
5134,JET-BUSINESS-D-2,D,1,7,6667.8024,9077.0964,0,914.4,107.004352,0.674616,CL,ANP2.2,
5135,JET-BUSINESS-D-2,D,1,8,6667.8024,14150.27904,0,1238.00616,135.8646604,0.653432,CL,ANP2.2,
5136,JET-BUSINESS-D-2,D,1,9,6667.8024,17997.31224,0,1676.4,138.8484356,0.675352,CL,ANP2.2,
5137,JET-BUSINESS-D-2,D,1,10,6667.8024,23614.71528,0,2286.0,143.1697652,0.699204,CL,ANP2.2,
5138,JET-BUSINESS-D-2,D,1,11,6667.8024,31301.7408,0,3048.0,148.8286492,0.718172,CL,ANP2.2,
5139,CNA510-A-1,A,1,1,3921.30284,-34895.57664,0,1828.8,139.928768,0.105354707,AP,ANP2.2,
5140,CNA510-A-1,A,1,2,3921.30284,-17447.78832,0,914.4,85.6034816,0.094188267,AP,ANP2.2,
5141,CNA510-A-1,A,1,3,3921.30284,-9028.69416,0,473.17152,49.4895128,0.08931105,AP,ANP2.2,
5142,CNA510-A-1,A,1,4,3921.30284,-8723.89416,0,457.2,47.6889588,0.088171896,AP,ANP2.2,
5143,CNA510-A-1,A,1,5,3921.30284,-6120.71928,0,320.77152,44.5508504,0.086739427,AP,ANP2.2,
5144,CNA510-A-1,A,1,6,3921.30284,-5815.91928,0,304.8,44.1907396,0.173151432,AP,ANP2.2,
5145,CNA510-A-1,A,1,7,3921.30284,-304.8,0,15.97152,41.4641864,0.167298772,AP,ANP2.2,
5146,CNA510-A-1,A,1,8,3921.30284,0.0,0,0.0,41.3098532,0.167025921,AP,ANP2.2,
5147,CNA510-A-1,A,1,9,3921.30284,53.4924,0,0.0,39.9722988,0.4,AP,ANP2.2,
5148,CNA510-A-1,A,1,10,3921.30284,481.4316,0,0.0,15.3304312,0.1,AP,ANP2.2,
5149,JET-BUSINESS-D-1,D,1,1,3921.30284,0.0,0,0.0,0.0,1.018274216,TO,ANP2.2,
5150,JET-BUSINESS-D-1,D,1,2,3921.30284,816.68112,0,0.0,64.1511668,0.85781719,TO,ANP2.2,
5151,JET-BUSINESS-D-1,D,1,3,3921.30284,1786.64616,0,183.1848,64.7170552,0.857032742,TO,ANP2.2,
5152,JET-BUSINESS-D-1,D,1,4,3921.30284,2503.50528,0,267.37056,71.7134936,0.839604366,TO,ANP2.2,
5153,JET-BUSINESS-D-1,D,1,5,3921.30284,3603.22368,0,457.2,72.3822708,0.836869031,TO,ANP2.2,
5154,JET-BUSINESS-D-1,D,1,6,3921.30284,3908.02368,0,511.33248,72.536604,0.861978172,CL,ANP2.2,
5155,JET-BUSINESS-D-1,D,1,7,3921.30284,5247.61968,0,618.50016,90.1820332,0.826070941,CL,ANP2.2,
5156,JET-BUSINESS-D-1,D,1,8,3921.30284,6988.11912,0,914.4,91.4681432,0.825716235,CL,ANP2.2,
5157,JET-BUSINESS-D-1,D,1,9,3921.30284,11805.60504,0,1137.54408,135.1958832,0.738847203,CL,ANP2.2,
5158,JET-BUSINESS-D-1,D,1,10,3921.30284,16429.54296,0,1676.4,138.8484356,0.7376603,CL,ANP2.2,
5159,JET-BUSINESS-D-1,D,1,11,3921.30284,22393.62552,0,2286.0,143.1697652,0.735770805,CL,ANP2.2,
5160,JET-BUSINESS-D-1,D,1,12,3921.30284,31242.762,0,3048.0,148.8286492,0.732612551,CL,ANP2.2,
5161,CNA525C-A-1,A,1,1,7688.3844,-34895.57664,0,1828.8,139.928768,0.082872222,AP,ANP2.2,
5162,CNA525C-A-1,A,1,2,7688.3844,-17447.78832,0,914.4,69.5528288,0.074083333,AP,ANP2.2,
5163,CNA525C-A-1,A,1,3,7688.3844,-9028.69416,0,473.17152,62.8650568,0.070247222,AP,ANP2.2,
5164,CNA525C-A-1,A,1,4,7688.3844,-8723.89416,0,457.2,62.6078348,0.114822222,AP,ANP2.2,
5165,CNA525C-A-1,A,1,5,7688.3844,-6120.71928,0,320.77152,58.5437272,0.112963889,AP,ANP2.2,
5166,CNA525C-A-1,A,1,6,7688.3844,-5815.91928,0,304.8,58.0807276,0.152672222,AP,ANP2.2,
5167,CNA525C-A-1,A,1,7,7688.3844,-304.8,0,15.97152,57.2576172,0.147511111,AP,ANP2.2,
5168,CNA525C-A-1,A,1,8,7688.3844,0.0,0,0.0,57.2061728,0.147261111,AP,ANP2.2,
5169,CNA525C-A-1,A,1,9,7688.3844,60.96,0,0.0,58.8523936,0.4,AP,ANP2.2,
5170,CNA525C-A-1,A,1,10,7688.3844,457.2,0,0.0,15.3304312,0.1,AP,ANP2.2,
5171,CNA525C-D-1,D,1,1,7688.3844,0.0,0,0.0,0.0,0.962288889,TO,ANP2.2,
5172,CNA525C-D-1,D,1,2,7688.3844,739.26192,0,0.0,66.1574984,0.871583333,TO,ANP2.2,
5173,CNA525C-D-1,D,1,3,7688.3844,1259.18976,0,147.066,66.620498,0.871727778,TO,ANP2.2,
5174,CNA525C-D-1,D,1,4,7688.3844,1510.64976,0,176.05248,72.4337152,0.864016667,TO,ANP2.2,
5175,CNA525C-D-1,D,1,5,7688.3844,2561.56968,0,457.2,73.4111588,0.863691667,TO,ANP2.2,
5176,CNA525C-D-1,D,1,6,7688.3844,2829.85464,0,513.37464,73.6169364,0.742838889,CL,ANP2.2,
5177,CNA525C-D-1,D,1,7,7688.3844,3711.42768,0,569.5188,89.9762556,0.722677778,CL,ANP2.2,
5178,CNA525C-D-1,D,1,8,7688.3844,5424.92184,0,914.4,91.4681432,0.723897222,CL,ANP2.2,
5179,CNA525C-D-1,D,1,9,7688.3844,9019.36728,0,1081.21704,134.8357724,0.672036111,CL,ANP2.2,
5180,CNA525C-D-1,D,1,10,7688.3844,12979.81656,0,1676.4,138.8484356,0.673825,CL,ANP2.2,
5181,CNA525C-D-1,D,1,11,7688.3844,17532.15696,0,2286.0,143.1697652,0.67535,CL,ANP2.2,
5182,CNA525C-D-1,D,1,12,7688.3844,24079.47432,0,3048.0,148.8286492,0.676819444,CL,ANP2.2,
5183,CNA55B-A-1,A,1,1,6713.1616,-34895.57664,0,1828.8,139.928768,0.152706951,AP,ANP2.2,
5184,CNA55B-A-1,A,1,2,6713.1616,-17447.78832,0,914.4,85.6034816,0.136524625,AP,ANP2.2,
5185,CNA55B-A-1,A,1,3,6713.1616,-9028.69416,0,473.17152,59.6240596,0.129455117,AP,ANP2.2,
5186,CNA55B-A-1,A,1,4,6713.1616,-8723.89416,0,457.2,58.4922828,0.151117709,AP,ANP2.2,
5187,CNA55B-A-1,A,1,5,6713.1616,-6120.71928,0,320.77152,55.0969524,0.148669228,AP,ANP2.2,
5188,CNA55B-A-1,A,1,6,6713.1616,-5815.91928,0,304.8,54.6853972,0.330852253,AP,ANP2.2,
5189,CNA55B-A-1,A,1,7,6713.1616,-304.8,0,15.97152,53.9137312,0.31966818,AP,ANP2.2,
5190,CNA55B-A-1,A,1,8,6713.1616,0.0,0,0.0,53.9137312,0.319098847,AP,ANP2.2,
5191,CNA55B-A-1,A,1,9,6713.1616,53.4924,0,0.0,51.187178,0.4,AP,ANP2.2,
5192,CNA55B-A-1,A,1,10,6713.1616,481.584,0,0.0,15.3304312,0.1,AP,ANP2.2,
5193,CNA55B-D-1,D,1,1,6713.1616,0.0,0,0.0,0.0,0.928550472,TO,ANP2.2,
5194,CNA55B-D-1,D,1,2,6713.1616,915.43632,0,0.0,72.2279376,0.799084876,TO,ANP2.2,
5195,CNA55B-D-1,D,1,3,6713.1616,1584.6552,0,128.016,72.6394928,0.798571429,TO,ANP2.2,
5196,CNA55B-D-1,D,1,4,6713.1616,2322.17976,0,205.06944,80.6133748,0.784603563,TO,ANP2.2,
5197,CNA55B-D-1,D,1,5,6713.1616,3760.04328,0,457.2,81.6422628,0.783681453,TO,ANP2.2,
5198,CNA55B-D-1,D,1,6,6713.1616,4064.84328,0,497.18976,81.796596,0.679612295,CL,ANP2.2,
5199,CNA55B-D-1,D,1,7,6713.1616,6365.01648,0,691.896,95.8409172,0.658522529,CL,ANP2.2,
5200,CNA55B-D-1,D,1,8,6713.1616,8149.52904,0,914.4,96.8698052,0.658774013,CL,ANP2.2,
5201,CNA55B-D-1,D,1,9,6713.1616,15348.63072,0,1240.56648,135.9161048,0.600314356,CL,ANP2.2,
5202,CNA55B-D-1,D,1,10,6713.1616,20668.54896,0,1676.4,138.8484356,0.600349284,CL,ANP2.2,
5203,CNA55B-D-1,D,1,11,6713.1616,29346.78408,0,2286.0,143.1697652,0.599884736,CL,ANP2.2,
5204,CNA55B-D-1,D,1,12,6713.1616,43030.14,0,3048.0,148.8286492,0.598456165,CL,ANP2.2,
5205,CNA560E-A-1,A,1,1,7393.5496,-34895.57664,0,1828.8,139.928768,0.166984606,AP,ANP2.2,
5206,CNA560E-A-1,A,1,2,7393.5496,-17752.58832,0,930.37152,59.932726,0.149589496,AP,ANP2.2,
5207,CNA560E-A-1,A,1,3,7393.5496,-17447.78832,0,914.4,57.5148392,0.100987021,AP,ANP2.2,
5208,CNA560E-A-1,A,1,4,7393.5496,-9028.69416,0,473.17152,53.3992872,0.095756112,AP,ANP2.2,
5209,CNA560E-A-1,A,1,5,7393.5496,-8723.89416,0,457.2,53.244954,0.157425294,AP,ANP2.2,
5210,CNA560E-A-1,A,1,6,7393.5496,-5815.91928,0,304.8,52.8848432,0.15458195,AP,ANP2.2,
5211,CNA560E-A-1,A,1,7,7393.5496,-304.8,0,15.97152,49.5924016,0.14935406,AP,ANP2.2,
5212,CNA560E-A-1,A,1,8,7393.5496,0.0,0,0.0,49.4380684,0.149103532,AP,ANP2.2,
5213,CNA560E-A-1,A,1,9,7393.5496,60.96,0,0.0,51.187178,0.6,AP,ANP2.2,
5214,CNA560E-A-1,A,1,10,7393.5496,304.8,0,0.0,15.3304312,0.1,AP,ANP2.2,
5215,CNA560E-D-1,D,1,1,7393.5496,0.0,0,0.0,0.0,1.002022336,TO,ANP2.2,
5216,CNA560E-D-1,D,1,2,7393.5496,735.54336,0,0.0,66.2603872,0.896468458,TO,ANP2.2,
5217,CNA560E-D-1,D,1,3,7393.5496,1073.32272,0,84.4296,66.5690536,0.900081497,TO,ANP2.2,
5218,CNA560E-D-1,D,1,4,7393.5496,2011.58856,0,184.0992,83.4942612,0.878056142,TO,ANP2.2,
5219,CNA560E-D-1,D,1,5,7393.5496,3195.03552,0,457.2,84.626038,0.889420465,TO,ANP2.2,
5220,CNA560E-D-1,D,1,6,7393.5496,3414.3696,0,501.76176,84.7803712,0.855309387,CL,ANP2.2,
5221,CNA560E-D-1,D,1,7,7393.5496,4212.7932,0,546.29304,98.1044708,0.837473589,CL,ANP2.2,
5222,CNA560E-D-1,D,1,8,7393.5496,6090.78792,0,914.4,99.8535804,0.848179897,CL,ANP2.2,
5223,CNA560E-D-1,D,1,9,7393.5496,9093.67752,0,1049.85312,134.6299948,0.803773015,CL,ANP2.2,
5224,CNA560E-D-1,D,1,10,7393.5496,13245.2364,0,1676.4,138.8484356,0.822698461,CL,ANP2.2,
5225,CNA560E-D-1,D,1,11,7393.5496,17702.9364,0,2286.0,143.1697652,0.841774826,CL,ANP2.2,
5226,CNA560E-D-1,D,1,12,7393.5496,23962.58352,0,3048.0,148.8286492,0.866540899,CL,ANP2.2,
5227,CNA560U-A-1,A,1,1,7393.5496,-34895.57664,0,1828.8,139.928768,0.048781776,AP,ANP2.2,
5228,CNA560U-A-1,A,1,2,7393.5496,-17752.58832,0,930.37152,66.2603872,0.043700891,AP,ANP2.2,
5229,CNA560U-A-1,A,1,3,7393.5496,-17447.78832,0,914.4,64.2026112,0.17318587,AP,ANP2.2,
5230,CNA560U-A-1,A,1,4,7393.5496,-9028.69416,0,473.17152,57.7720612,0.164219214,AP,ANP2.2,
5231,CNA560U-A-1,A,1,5,7393.5496,-8723.89416,0,457.2,57.5662836,0.080264114,AP,ANP2.2,
5232,CNA560U-A-1,A,1,6,7393.5496,-6120.71928,0,320.77152,53.3992872,0.078966656,AP,ANP2.2,
5233,CNA560U-A-1,A,1,7,7393.5496,-5815.91928,0,304.8,52.8848432,0.172373721,AP,ANP2.2,
5234,CNA560U-A-1,A,1,8,7393.5496,-304.8,0,15.97152,46.5057376,0.166546715,AP,ANP2.2,
5235,CNA560U-A-1,A,1,9,7393.5496,0.0,0,0.0,46.0941824,0.166262793,AP,ANP2.2,
5236,CNA560U-A-1,A,1,10,7393.5496,53.34,0,0.0,47.58607,0.6,AP,ANP2.2,
5237,CNA560U-A-1,A,1,11,7393.5496,422.17848,0,0.0,15.3304312,0.1,AP,ANP2.2,
5238,CNA560U-D-1,D,1,1,7393.5496,0.0,0,0.0,0.0,0.96462859,TO,ANP2.2,
5239,CNA560U-D-1,D,1,2,7393.5496,579.63816,0,0.0,69.9129396,0.873241994,TO,ANP2.2,
5240,CNA560U-D-1,D,1,3,7393.5496,988.95408,0,35.99688,75.88049,0.866596236,TO,ANP2.2,
5241,CNA560U-D-1,D,1,4,7393.5496,3283.6104,0,457.2,77.423822,0.87830307,TO,ANP2.2,
5242,CNA560U-D-1,D,1,5,7393.5496,4106.50944,0,534.86304,91.8796984,0.862436448,CL,ANP2.2,
5243,CNA560U-D-1,D,1,6,7393.5496,4411.30944,0,592.62264,92.1883648,0.745107296,CL,ANP2.2,
5244,CNA560U-D-1,D,1,7,7393.5496,6108.8016,0,914.4,93.628808,0.753502806,CL,ANP2.2,
5245,CNA560U-D-1,D,1,8,7393.5496,10724.41848,0,1231.72728,135.8646604,0.70681413,CL,ANP2.2,
5246,CNA560U-D-1,D,1,9,7393.5496,13778.72784,0,1676.4,138.8484356,0.718553978,CL,ANP2.2,
5247,CNA560U-D-1,D,1,10,7393.5496,18263.79888,0,2286.0,143.1697652,0.734787058,CL,ANP2.2,
5248,CNA560U-D-1,D,1,11,7393.5496,24422.28288,0,3048.0,148.8286492,0.755305381,CL,ANP2.2,
5249,CNA560XL-A-1,A,1,1,9071.84,-34895.57664,0,1828.8,139.928768,0.058817992,AP,ANP2.2,
5250,CNA560XL-A-1,A,1,2,9071.84,-17447.78832,0,914.4,70.6331612,0.052575837,AP,ANP2.2,
5251,CNA560XL-A-1,A,1,3,9071.84,-9028.69416,0,473.17152,64.0997224,0.049853556,AP,ANP2.2,
5252,CNA560XL-A-1,A,1,4,9071.84,-8723.89416,0,457.2,63.8425004,0.072821653,AP,ANP2.2,
5253,CNA560XL-A-1,A,1,5,9071.84,-6120.71928,0,320.77152,58.8009492,0.071642259,AP,ANP2.2,
5254,CNA560XL-A-1,A,1,6,9071.84,-5815.91928,0,304.8,58.1836164,0.1551909,AP,ANP2.2,
5255,CNA560XL-A-1,A,1,7,9071.84,-304.8,0,15.97152,54.4796196,0.149945084,AP,ANP2.2,
5256,CNA560XL-A-1,A,1,8,9071.84,0.0,0,0.0,54.273842,0.149691423,AP,ANP2.2,
5257,CNA560XL-A-1,A,1,9,9071.84,152.4,0,0.0,55.2512856,0.6,AP,ANP2.2,
5258,CNA560XL-A-1,A,1,10,9071.84,822.96,0,0.0,15.3304312,0.1,AP,ANP2.2,
5259,CNA560XL-D-1,D,1,1,9071.84,0.0,0,0.0,0.0,1.002230649,TO,ANP2.2,
5260,CNA560XL-D-1,D,1,2,9071.84,583.81392,0,0.0,75.6747124,0.831137552,TO,ANP2.2,
5261,CNA560XL-D-1,D,1,3,9071.84,1112.09328,0,54.01056,81.0763744,0.815828975,TO,ANP2.2,
5262,CNA560XL-D-1,D,1,4,9071.84,3601.94352,0,457.2,82.6711508,0.788768305,TO,ANP2.2,
5263,CNA560XL-D-1,D,1,5,9071.84,3906.74352,0,509.80848,82.8769284,0.706720711,CL,ANP2.2,
5264,CNA560XL-D-1,D,1,6,9071.84,5047.91472,0,585.58176,97.3842492,0.674032427,CL,ANP2.2,
5265,CNA560XL-D-1,D,1,7,9071.84,7095.86592,0,914.4,98.9790256,0.654171025,CL,ANP2.2,
5266,CNA560XL-D-1,D,1,8,9071.84,14090.17248,0,1384.0968,136.842104,0.558127615,CL,ANP2.2,
5267,CNA560XL-D-1,D,1,9,9071.84,37910.14008,0,3048.0,148.8286492,0.457620293,CL,ANP2.2,
5268,CNA680-A-1,A,1,1,13607.76,-34895.57664,0,1828.8,139.928768,0.130222647,AP,ANP2.2,
5269,CNA680-A-1,A,1,2,13607.76,-17447.78832,0,914.4,85.6034816,0.116425465,AP,ANP2.2,
5270,CNA680-A-1,A,1,3,13607.76,-9028.69416,0,473.17152,59.7269484,0.110396591,AP,ANP2.2,
5271,CNA680-A-1,A,1,4,13607.76,-8723.89416,0,457.2,58.5951716,0.085752305,AP,ANP2.2,
5272,CNA680-A-1,A,1,5,13607.76,-6120.71928,0,320.77152,54.9940636,0.084364237,AP,ANP2.2,
5273,CNA680-A-1,A,1,6,13607.76,-5815.91928,0,304.8,54.531064,0.19055314,AP,ANP2.2,
5274,CNA680-A-1,A,1,7,13607.76,-304.8,0,15.97152,50.4669564,0.184112019,AP,ANP2.2,
5275,CNA680-A-1,A,1,8,13607.76,0.0,0,0.0,50.2611788,0.183793703,AP,ANP2.2,
5276,CNA680-A-1,A,1,9,13607.76,60.96,0,0.0,51.187178,0.6,AP,ANP2.2,
5277,CNA680-A-1,A,1,10,13607.76,481.584,0,0.0,15.3304312,0.1,AP,ANP2.2,
5278,JET-BUSINESS-D-4,D,1,1,13607.76,0.0,0,0.0,0.0,0.988500609,TO,ANP2.2,
5279,JET-BUSINESS-D-4,D,1,2,13607.76,769.89432,0,0.0,64.3055,0.845202644,TO,ANP2.2,
5280,JET-BUSINESS-D-4,D,1,3,13607.76,1361.9988,0,117.6528,64.6656108,0.845127848,TO,ANP2.2,
5281,JET-BUSINESS-D-4,D,1,4,13607.76,1824.16704,0,153.6192,72.4851596,0.827999652,TO,ANP2.2,
5282,JET-BUSINESS-D-4,D,1,5,13607.76,3491.484,0,457.2,73.565492,0.828050096,TO,ANP2.2,
5283,JET-BUSINESS-D-4,D,1,6,13607.76,3796.284,0,505.5108,73.7198252,0.823750217,CL,ANP2.2,
5284,JET-BUSINESS-D-4,D,1,7,13607.76,5694.63936,0,668.60928,92.4970312,0.790370499,CL,ANP2.2,
5285,JET-BUSINESS-D-4,D,1,8,13607.76,7112.59944,0,914.4,93.628808,0.788458862,CL,ANP2.2,
5286,JET-BUSINESS-D-4,D,1,9,13607.76,13103.29104,0,1324.9656,136.4819932,0.716731605,CL,ANP2.2,
5287,JET-BUSINESS-D-4,D,1,10,13607.76,16088.83752,0,1676.4,138.8484356,0.715773178,CL,ANP2.2,
5288,JET-BUSINESS-D-4,D,1,11,13607.76,21903.56808,0,2286.0,143.1697652,0.71619586,CL,ANP2.2,
5289,JET-BUSINESS-D-4,D,1,12,13607.76,30527.18304,0,3048.0,148.8286492,0.720441816,CL,ANP2.2,
5290,CNA750-A-1,A,1,1,16193.2344,-34895.57664,0,1828.8,139.928768,0.127604183,AP,ANP2.2,
5291,CNA750-A-1,A,1,2,16193.2344,-17752.58832,0,930.37152,70.0672728,0.11431091,AP,ANP2.2,
5292,CNA750-A-1,A,1,3,16193.2344,-17447.78832,0,914.4,68.16383,0.238198845,AP,ANP2.2,
5293,CNA750-A-1,A,1,4,16193.2344,-9028.69416,0,473.17152,63.4309452,0.225863899,AP,ANP2.2,
5294,CNA750-A-1,A,1,5,16193.2344,-8723.89416,0,457.2,63.276612,0.471938505,AP,ANP2.2,
5295,CNA750-A-1,A,1,6,16193.2344,-5815.91928,0,304.8,62.8136124,0.463410332,AP,ANP2.2,
5296,CNA750-A-1,A,1,7,16193.2344,-304.8,0,15.97152,61.9390576,0.447746215,AP,ANP2.2,
5297,CNA750-A-1,A,1,8,16193.2344,0.0,0,0.0,61.8876132,0.44692992,AP,ANP2.2,
5298,CNA750-A-1,A,1,9,16193.2344,60.96,0,0.0,58.8523936,0.4,AP,ANP2.2,
5299,CNA750-A-1,A,1,10,16193.2344,457.2,0,0.0,15.3304312,0.1,AP,ANP2.2,
5300,JET-MEDIUM-D-1,D,1,1,16193.2344,0.0,0,0.0,0.0,0.9563774,TO,ANP2.2,
5301,JET-MEDIUM-D-1,D,1,2,16193.2344,1320.82032,0,0.0,76.0862676,0.792144529,TO,ANP2.2,
5302,JET-MEDIUM-D-1,D,1,3,16193.2344,1857.48168,0,84.4296,76.394934,0.791974403,TO,ANP2.2,
5303,JET-MEDIUM-D-1,D,1,4,16193.2344,2896.78872,0,188.54928,83.4942612,0.777409084,TO,ANP2.2,
5304,JET-MEDIUM-D-1,D,1,5,16193.2344,4784.96376,0,457.2,84.626038,0.776878414,TO,ANP2.2,
5305,JET-MEDIUM-D-1,D,1,6,16193.2344,5089.76376,0,494.59896,84.7803712,0.773433744,CL,ANP2.2,
5306,JET-MEDIUM-D-1,D,1,7,16193.2344,7804.89168,0,720.30336,98.9275812,0.745487748,CL,ANP2.2,
5307,JET-MEDIUM-D-1,D,1,8,16193.2344,9112.11792,0,914.4,99.8535804,0.744983612,CL,ANP2.2,
5308,JET-MEDIUM-D-1,D,1,9,16193.2344,13849.99008,0,1127.57712,135.1444388,0.675174028,CL,ANP2.2,
5309,JET-MEDIUM-D-1,D,1,10,16193.2344,19199.93112,0,1676.4,138.8484356,0.673788044,CL,ANP2.2,
5310,JET-MEDIUM-D-1,D,1,11,16193.2344,26075.88384,0,2286.0,143.1697652,0.672292805,CL,ANP2.2,
5311,JET-MEDIUM-D-1,D,1,12,16193.2344,36472.12416,0,3048.0,148.8286492,0.670488528,CL,ANP2.2,
5312,CRJ9-ER-A-1,A,1,1,30617.46,-34895.57664,0,1828.8,139.928768,0.04492939,AP,ANP2.2,
5313,CRJ9-ER-A-1,A,1,2,30617.46,-20660.5632,0,1082.77152,92.9085864,0.04100037,AP,ANP2.2,
5314,CRJ9-ER-A-1,A,1,3,30617.46,-20355.7632,0,1066.8,91.6224764,0.130377819,AP,ANP2.2,
5315,CRJ9-ER-A-1,A,1,4,30617.46,-9028.69416,0,473.17152,83.9058164,0.121360444,AP,ANP2.2,
5316,CRJ9-ER-A-1,A,1,5,30617.46,-8723.89416,0,457.2,83.7000388,0.257846211,AP,ANP2.2,
5317,CRJ9-ER-A-1,A,1,6,30617.46,-6120.71928,0,320.77152,73.9256028,0.25367098,AP,ANP2.2,
5318,CRJ9-ER-A-1,A,1,7,30617.46,-5815.91928,0,304.8,72.6909372,0.265133457,AP,ANP2.2,
5319,CRJ9-ER-A-1,A,1,8,30617.46,-304.8,0,15.97152,76.1891564,0.256171534,AP,ANP2.2,
5320,CRJ9-ER-A-1,A,1,9,30617.46,0.0,0,0.0,76.3434896,0.255715342,AP,ANP2.2,
5321,CRJ9-ER-A-1,A,1,10,30617.46,126.73584,0,0.0,73.2053812,0.1,AP,ANP2.2,
5322,CRJ9-ER-A-1,A,1,11,30617.46,770.5344,0,0.0,15.3304312,0.1,AP,ANP2.2,
5323,JET-REGIONAL-D-2,D,1,1,30617.46,0.0,0,0.0,0.0,0.980175231,TO,ANP2.2,
5324,JET-REGIONAL-D-2,D,1,2,30617.46,1139.58624,0,0.0,78.5041544,0.791697597,TO,ANP2.2,
5325,JET-REGIONAL-D-2,D,1,3,30617.46,1947.27576,0,181.356,79.1729316,0.800342329,TO,ANP2.2,
5326,JET-REGIONAL-D-2,D,1,4,30617.46,2454.06672,0,304.8,79.6359312,0.806017006,TO,ANP2.2,
5327,JET-REGIONAL-D-2,D,1,5,30617.46,2568.97632,0,325.40448,79.73882,0.674924954,CL,ANP2.2,
5328,JET-REGIONAL-D-2,D,1,6,30617.46,3900.15984,0,346.00896,106.1812416,0.639610351,CL,ANP2.2,
5329,JET-REGIONAL-D-2,D,1,7,30617.46,7258.5072,0,914.4,109.1135724,0.661651756,CL,ANP2.2,
5330,JET-REGIONAL-D-2,D,1,8,30617.46,9272.50368,0,958.4436,134.012662,0.630560444,CL,ANP2.2,
5331,JET-REGIONAL-D-2,D,1,9,30617.46,24332.3364,0,3048.0,148.8286492,0.710218854,CL,ANP2.2,
5332,CRJ9-ER-D-2,D,2,1,32205.032,0.0,0,0.0,0.0,0.980175231,TO,ANP2.2,
5333,CRJ9-ER-D-2,D,2,2,32205.032,1268.54712,0,0.0,80.510486,0.786872458,TO,ANP2.2,
5334,CRJ9-ER-D-2,D,2,3,32205.032,2090.04408,0,169.164,81.1278188,0.794947874,TO,ANP2.2,
5335,CRJ9-ER-D-2,D,2,4,32205.032,2693.02992,0,304.8,81.6937072,0.801192606,TO,ANP2.2,
5336,CRJ9-ER-D-2,D,2,5,32205.032,2816.38248,0,325.43496,81.7451516,0.672127911,CL,ANP2.2,
5337,CRJ9-ER-D-2,D,2,6,32205.032,4154.2716,0,346.03944,106.1812416,0.63961183,CL,ANP2.2,
5338,CRJ9-ER-D-2,D,2,7,32205.032,7762.82928,0,914.4,109.1135724,0.661651756,CL,ANP2.2,
5339,CRJ9-ER-D-2,D,2,8,32205.032,9950.10456,0,962.22312,134.0641064,0.630706839,CL,ANP2.2,
5340,CRJ9-ER-D-2,D,2,9,32205.032,26166.86664,0,3048.0,148.8286492,0.710218854,CL,ANP2.2,
5341,CRJ9-ER-D-3,D,3,1,34019.4,0.0,0,0.0,0.0,0.980175231,TO,ANP2.2,
5342,CRJ9-ER-D-3,D,3,2,34019.4,1425.2448,0,0.0,82.7225952,0.781502403,TO,ANP2.2,
5343,CRJ9-ER-D-3,D,3,3,34019.4,2280.94032,0,160.02,83.339928,0.789148983,TO,ANP2.2,
5344,CRJ9-ER-D-3,D,3,4,34019.4,2983.77864,0,304.8,83.9572608,0.795821811,TO,ANP2.2,
5345,CRJ9-ER-D-3,D,3,5,34019.4,3116.00088,0,325.28256,84.0087052,0.669007024,CL,ANP2.2,
5346,CRJ9-ER-D-3,D,3,6,34019.4,4450.01904,0,345.76512,106.1812416,0.639600739,CL,ANP2.2,
5347,CRJ9-ER-D-3,D,3,7,34019.4,8358.59136,0,914.4,109.1135724,0.661651756,CL,ANP2.2,
5348,CRJ9-ER-D-3,D,3,8,34019.4,10758.19032,0,966.88656,134.0641064,0.630885767,CL,ANP2.2,
5349,CRJ9-ER-D-3,D,3,9,34019.4,28359.8112,0,3048.0,148.8286492,0.710218854,CL,ANP2.2,
5350,CRJ9-ER-D-4,D,4,1,36287.36,0.0,0,0.0,0.0,0.980175231,TO,ANP2.2,
5351,CRJ9-ER-D-4,D,4,2,36287.36,1635.22152,0,0.0,85.4491484,0.774986322,TO,ANP2.2,
5352,CRJ9-ER-D-4,D,4,3,36287.36,2524.14024,0,147.828,86.0664812,0.782060628,TO,ANP2.2,
5353,CRJ9-ER-D-4,D,4,4,36287.36,3371.2404,0,304.8,86.683814,0.78930647,TO,ANP2.2,
5354,CRJ9-ER-D-4,D,4,5,36287.36,3512.91144,0,324.82536,86.7867028,0.665210351,CL,ANP2.2,
5355,CRJ9-ER-D-4,D,4,6,36287.36,4823.09424,0,344.85072,106.1297972,0.63956525,CL,ANP2.2,
5356,CRJ9-ER-D-4,D,4,7,36287.36,9130.40592,0,914.4,109.1135724,0.661651756,CL,ANP2.2,
5357,CRJ9-ER-D-4,D,4,8,36287.36,11819.6868,0,973.19592,134.1155508,0.63112976,CL,ANP2.2,
5358,CRJ9-ER-D-4,D,4,9,36287.36,31254.4968,0,3048.0,148.8286492,0.710218854,CL,ANP2.2,
5359,CRJ9-ER-D-5,D,5,1,37421.34,0.0,0,0.0,0.0,0.980175231,TO,ANP2.2,
5360,CRJ9-ER-D-5,D,5,2,37421.34,1746.16872,0,0.0,86.7867028,0.771805545,TO,ANP2.2,
5361,CRJ9-ER-D-5,D,5,3,37421.34,2648.98632,0,141.732,87.3525912,0.778592237,TO,ANP2.2,
5362,CRJ9-ER-D-5,D,5,4,37421.34,3575.54784,0,304.8,88.0213684,0.786124954,TO,ANP2.2,
5363,CRJ9-ER-D-5,D,5,5,37421.34,3721.02888,0,324.4596,88.1242572,0.663351571,CL,ANP2.2,
5364,CRJ9-ER-D-5,D,5,6,37421.34,5010.69864,0,344.14968,106.1297972,0.639537893,CL,ANP2.2,
5365,CRJ9-ER-D-5,D,5,7,37421.34,9341.26656,0,914.4,109.1135724,0.661651756,CL,ANP2.2,
5366,CRJ9-ER-D-5,D,5,8,37421.34,12187.03176,0,976.60968,134.1669952,0.631262107,CL,ANP2.2,
5367,CRJ9-ER-D-5,D,5,9,37421.34,32584.21728,0,3048.0,148.8286492,0.710218854,CL,ANP2.2,
5368,CRJ9-LR-A-1,A,1,1,29710.276,-34895.57664,0,1828.8,139.928768,0.045907579,AP,ANP2.2,
5369,CRJ9-LR-A-1,A,1,2,29710.276,-20660.5632,0,1082.77152,92.9085864,0.041892791,AP,ANP2.2,
5370,CRJ9-LR-A-1,A,1,3,29710.276,-20355.7632,0,1066.8,91.6224764,0.133215527,AP,ANP2.2,
5371,CRJ9-LR-A-1,A,1,4,29710.276,-9028.69416,0,473.17152,83.9058164,0.124002957,AP,ANP2.2,
5372,CRJ9-LR-A-1,A,1,5,29710.276,-8723.89416,0,457.2,83.7000388,0.263459519,AP,ANP2.2,
5373,CRJ9-LR-A-1,A,1,6,29710.276,-6120.71928,0,320.77152,74.3886024,0.259192606,AP,ANP2.2,
5374,CRJ9-LR-A-1,A,1,7,29710.276,-5815.91928,0,304.8,73.2053812,0.27090573,AP,ANP2.2,
5375,CRJ9-LR-A-1,A,1,8,29710.276,-304.8,0,15.97152,76.9608224,0.261748614,AP,ANP2.2,
5376,CRJ9-LR-A-1,A,1,9,29710.276,0.0,0,0.0,77.1666,0.261281331,AP,ANP2.2,
5377,CRJ9-LR-A-1,A,1,10,29710.276,129.44856,0,0.0,73.7198252,0.1,AP,ANP2.2,
5378,CRJ9-LR-A-1,A,1,11,29710.276,785.4696,0,0.0,15.3304312,0.1,AP,ANP2.2,
5379,CRJ9-LR-D-1,D,1,1,29710.276,0.0,0,0.0,0.0,0.980175231,TO,ANP2.2,
5380,CRJ9-LR-D-1,D,1,2,29710.276,1069.26888,0,0.0,77.3209332,0.794510906,TO,ANP2.2,
5381,CRJ9-LR-D-1,D,1,3,29710.276,1862.84616,0,187.452,77.9897104,0.803439556,TO,ANP2.2,
5382,CRJ9-LR-D-1,D,1,4,29710.276,2322.51504,0,304.8,78.45271,0.808830314,TO,ANP2.2,
5383,CRJ9-LR-D-1,D,1,5,29710.276,2432.4564,0,325.31304,78.5041544,0.676553789,CL,ANP2.2,
5384,CRJ9-LR-D-1,D,1,6,29710.276,3755.77608,0,345.85656,106.1812416,0.639604436,CL,ANP2.2,
5385,CRJ9-LR-D-1,D,1,7,29710.276,6975.86616,0,914.4,109.1135724,0.661651756,CL,ANP2.2,
5386,CRJ9-LR-D-1,D,1,8,29710.276,8895.67944,0,956.40144,134.012662,0.630481331,CL,ANP2.2,
5387,CRJ9-LR-D-1,D,1,9,29710.276,23316.01128,0,3048.0,148.8286492,0.710218854,CL,ANP2.2,
5388,CRJ9-LR-D-2,D,2,1,31297.848,0.0,0,0.0,0.0,0.980175231,TO,ANP2.2,
5389,CRJ9-LR-D-2,D,2,2,31297.848,1193.93208,0,0.0,79.3272648,0.789614787,TO,ANP2.2,
5390,CRJ9-LR-D-2,D,2,3,31297.848,2004.18192,0,175.26,79.996042,0.797974861,TO,ANP2.2,
5391,CRJ9-LR-D-2,D,2,4,31297.848,2554.62024,0,304.8,80.510486,0.803934196,TO,ANP2.2,
5392,CRJ9-LR-D-2,D,2,5,31297.848,2673.21792,0,325.43496,80.6133748,0.673718299,CL,ANP2.2,
5393,CRJ9-LR-D-2,D,2,6,31297.848,4008.39432,0,346.03944,106.1812416,0.639612569,CL,ANP2.2,
5394,CRJ9-LR-D-2,D,2,7,31297.848,7472.6292,0,914.4,109.1135724,0.661651756,CL,ANP2.2,
5395,CRJ9-LR-D-2,D,2,8,31297.848,9559.53384,0,960.05904,134.0641064,0.630621811,CL,ANP2.2,
5396,CRJ9-LR-D-2,D,2,9,31297.848,25109.18016,0,3048.0,148.8286492,0.710218854,CL,ANP2.2,
5397,CRJ9-LR-D-3,D,3,1,33112.216,0.0,0,0.0,0.0,0.980175231,TO,ANP2.2,
5398,CRJ9-LR-D-3,D,3,2,33112.216,1345.66152,0,0.0,81.5908184,0.784169316,TO,ANP2.2,
5399,CRJ9-LR-D-3,D,3,3,33112.216,2192.48736,0,166.116,82.2595956,0.792101294,TO,ANP2.2,
5400,CRJ9-LR-D-3,D,3,4,33112.216,2837.0784,0,304.8,82.825484,0.798488725,TO,ANP2.2,
5401,CRJ9-LR-D-3,D,3,5,33112.216,2964.97248,0,325.374,82.8769284,0.670557486,CL,ANP2.2,
5402,CRJ9-LR-D-3,D,3,6,33112.216,4302.52632,0,345.948,106.1812416,0.639608133,CL,ANP2.2,
5403,CRJ9-LR-D-3,D,3,7,33112.216,7927.14696,0,914.4,109.1135724,0.661651756,CL,ANP2.2,
5404,CRJ9-LR-D-3,D,3,8,33112.216,10218.5724,0,964.50912,134.0641064,0.630794824,CL,ANP2.2,
5405,CRJ9-LR-D-3,D,3,9,33112.216,27119.09232,0,3048.0,148.8286492,0.710218854,CL,ANP2.2,
5406,CRJ9-LR-D-4,D,4,1,35380.176,0.0,0,0.0,0.0,0.980175231,TO,ANP2.2,
5407,CRJ9-LR-D-4,D,4,2,35380.176,1549.32888,0,0.0,84.368816,0.777567468,TO,ANP2.2,
5408,CRJ9-LR-D-4,D,4,3,35380.176,2432.82216,0,153.924,84.9861488,0.784928651,TO,ANP2.2,
5409,CRJ9-LR-D-4,D,4,4,35380.176,3213.71976,0,304.8,85.6034816,0.791886876,TO,ANP2.2,
5410,CRJ9-LR-D-4,D,4,5,35380.176,3351.85512,0,325.03872,85.7063704,0.666716451,CL,ANP2.2,
5411,CRJ9-LR-D-4,D,4,6,35380.176,4674.22992,0,345.27744,106.1812416,0.639582994,CL,ANP2.2,
5412,CRJ9-LR-D-4,D,4,7,35380.176,8818.68696,0,914.4,109.1135724,0.661651756,CL,ANP2.2,
5413,CRJ9-LR-D-4,D,4,8,35380.176,11388.63864,0,970.60512,134.1155508,0.631029205,CL,ANP2.2,
5414,CRJ9-LR-D-4,D,4,9,35380.176,29850.8928,0,3048.0,148.8286492,0.710218854,CL,ANP2.2,
5415,CRJ9-LR-D-5,D,5,1,38328.524,0.0,0,0.0,0.0,0.980175231,TO,ANP2.2,
5416,CRJ9-LR-D-5,D,5,2,38328.524,1837.82208,0,0.0,87.8155908,0.76929464,TO,ANP2.2,
5417,CRJ9-LR-D-5,D,5,3,38328.524,2762.64624,0,138.684,88.3814792,0.775938632,TO,ANP2.2,
5418,CRJ9-LR-D-5,D,5,4,38328.524,3745.74816,0,304.8,89.1017008,0.783614048,TO,ANP2.2,
5419,CRJ9-LR-D-5,D,5,5,38328.524,3893.75904,0,324.12432,89.2045896,0.66188244,CL,ANP2.2,
5420,CRJ9-LR-D-5,D,5,6,38328.524,5162.55,0,343.44864,106.1297972,0.639511275,CL,ANP2.2,
5421,CRJ9-LR-D-5,D,5,7,38328.524,9854.27544,0,914.4,109.1135724,0.661651756,CL,ANP2.2,
5422,CRJ9-LR-D-5,D,5,8,38328.524,12830.92176,0,979.4748,134.1669952,0.631372274,CL,ANP2.2,
5423,CRJ9-LR-D-5,D,5,9,38328.524,34021.53216,0,3048.0,148.8286492,0.710218854,CL,ANP2.2,
5424,CVR580-A-1,A,1,1,22226.008,-34895.57664,0,1828.8,111.9430144,0.001079012,AP,ANP2.2,
5425,CVR580-A-1,A,1,2,22226.008,-17752.58832,0,930.37152,78.967154,0.000966667,AP,ANP2.2,
5426,CVR580-A-1,A,1,3,22226.008,-17447.78832,0,914.4,78.2469324,0.002076543,AP,ANP2.2,
5427,CVR580-A-1,A,1,4,22226.008,-9028.69416,0,473.17152,59.5726152,0.001969136,AP,ANP2.2,
5428,CVR580-A-1,A,1,5,22226.008,-8723.89416,0,457.2,58.8009492,0.002571605,AP,ANP2.2,
5429,CVR580-A-1,A,1,6,22226.008,-6120.71928,0,320.77152,55.6113964,0.002530864,AP,ANP2.2,
5430,CVR580-A-1,A,1,7,22226.008,-5815.91928,0,304.8,55.1998412,0.002722222,AP,ANP2.2,
5431,CVR580-A-1,A,1,8,22226.008,-304.8,0,15.97152,54.4281752,0.00262963,AP,ANP2.2,
5432,CVR580-A-1,A,1,9,22226.008,0.0,0,0.0,54.4281752,0.002624691,AP,ANP2.2,
5433,CVR580-A-1,A,1,10,22226.008,87.66048,0,0.0,51.6501776,0.004938272,AP,ANP2.2,
5434,CVR580-A-1,A,1,11,22226.008,788.94432,0,0.0,15.3304312,0.001234568,AP,ANP2.2,
5435,CVR580-D-1,D,1,1,22226.008,0.0,0,0.0,0.0,0.013528395,TO,ANP2.2,
5436,CVR580-D-1,D,1,2,22226.008,1158.57528,0,0.0,61.1673916,0.013528395,TO,ANP2.2,
5437,CVR580-D-1,D,1,3,22226.008,2447.11728,0,304.8,62.0933908,0.013824691,TO,ANP2.2,
5438,CVR580-D-1,D,1,4,22226.008,3044.70816,0,398.49552,67.8037192,0.012798765,CL,ANP2.2,
5439,CVR580-D-1,D,1,5,22226.008,3349.50816,0,443.60592,67.9580524,0.0113,CL,ANP2.2,
5440,CVR580-D-1,D,1,6,22226.008,4274.33232,0,526.42008,78.7613764,0.009851852,CL,ANP2.2,
5441,CVR580-D-1,D,1,7,22226.008,6503.94432,0,914.4,80.253264,0.01012963,CL,ANP2.2,
5442,CVR580-D-1,D,1,8,22226.008,11071.00656,0,1676.4,83.339928,0.010708642,CL,ANP2.2,
5443,CVR580-D-1,D,1,9,22226.008,14917.79592,0,2286.0,85.912148,0.011202469,CL,ANP2.2,
5444,CVR580-D-1,D,1,10,22226.008,19988.50968,0,3048.0,89.3074784,0.011864198,CL,ANP2.2,
5445,CVR580-D-2,D,2,1,24493.968,0.0,0,0.0,0.0,0.01288642,TO,ANP2.2,
5446,CVR580-D-2,D,2,2,24493.968,1477.09128,0,0.0,64.2540556,0.01288642,TO,ANP2.2,
5447,CVR580-D-2,D,2,3,24493.968,3132.55152,0,304.8,65.1800548,0.013169136,TO,ANP2.2,
5448,CVR580-D-2,D,2,4,24493.968,3932.89536,0,402.57984,70.9418276,0.012238272,CL,ANP2.2,
5449,CVR580-D-2,D,2,5,24493.968,4237.69536,0,437.6928,71.0961608,0.010796296,CL,ANP2.2,
5450,CVR580-D-2,D,2,6,24493.968,5553.39504,0,534.58872,81.9509292,0.009477778,CL,ANP2.2,
5451,CVR580-D-2,D,2,7,24493.968,8241.82248,0,914.4,83.4428168,0.009740741,CL,ANP2.2,
5452,CVR580-D-2,D,2,8,24493.968,13879.86048,0,1676.4,86.6323696,0.010296296,CL,ANP2.2,
5453,CVR580-D-2,D,2,9,24493.968,18644.55504,0,2286.0,89.3589228,0.010771605,CL,ANP2.2,
5454,CVR580-D-2,D,2,10,24493.968,24948.36768,0,3048.0,92.857142,0.011407407,CL,ANP2.2,
5455,CVR580-D-3,D,3,1,26308.336,0.0,0,0.0,0.0,0.012434568,TO,ANP2.2,
5456,CVR580-D-3,D,3,2,26308.336,1765.98072,0,0.0,66.5690536,0.012434568,TO,ANP2.2,
5457,CVR580-D-3,D,3,3,26308.336,3785.21976,0,304.8,67.5464972,0.012706173,TO,ANP2.2,
5458,CVR580-D-3,D,3,4,26308.336,4734.09264,0,400.05,73.051048,0.01188642,CL,ANP2.2,
5459,CVR580-D-3,D,3,5,26308.336,5038.89264,0,428.91456,73.1539368,0.010481481,CL,ANP2.2,
5460,CVR580-D-3,D,3,6,26308.336,6723.18696,0,533.91816,84.0087052,0.009240741,CL,ANP2.2,
5461,CVR580-D-3,D,3,7,26308.336,9871.06992,0,914.4,85.6034816,0.009496296,CL,ANP2.2,
5462,CVR580-D-3,D,3,8,26308.336,16476.726,0,1676.4,88.8959232,0.010039506,CL,ANP2.2,
5463,CVR580-D-3,D,3,9,26308.336,22076.84688,0,2286.0,91.6224764,0.010502469,CL,ANP2.2,
5464,CVR580-D-3,D,3,10,26308.336,29512.13808,0,3048.0,95.2750288,0.011122222,CL,ANP2.2,
5465,DC1010-A-1,A,1,1,147417.4,-34895.57664,0,1828.8,139.928768,0.0215695,AP,ANP2.2,
5466,DC1010-A-1,A,1,2,147417.4,-17752.58832,0,930.37152,88.74159,0.01932175,AP,ANP2.2,
5467,DC1010-A-1,A,1,3,147417.4,-17447.78832,0,914.4,87.5583688,0.05391625,AP,ANP2.2,
5468,DC1010-A-1,A,1,4,147417.4,-9028.69416,0,473.17152,80.6648192,0.05112375,AP,ANP2.2,
5469,DC1010-A-1,A,1,5,147417.4,-8723.89416,0,457.2,80.4075972,0.2209165,AP,ANP2.2,
5470,DC1010-A-1,A,1,6,147417.4,-6120.71928,0,320.77152,75.2631572,0.217339,AP,ANP2.2,
5471,DC1010-A-1,A,1,7,147417.4,-5815.91928,0,304.8,74.6458244,0.23160775,AP,ANP2.2,
5472,DC1010-A-1,A,1,8,147417.4,-304.8,0,15.97152,73.565492,0.223779,AP,ANP2.2,
5473,DC1010-A-1,A,1,9,147417.4,0.0,0,0.0,73.5140476,0.223386,AP,ANP2.2,
5474,DC1010-A-1,A,1,10,147417.4,130.57632,0,0.0,69.7586064,0.1,AP,ANP2.2,
5475,DC1010-A-1,A,1,11,147417.4,1175.18688,0,0.0,15.3304312,0.1,AP,ANP2.2,
5476,DC1010-D-1,D,1,1,147417.4,0.0,0,0.0,0.0,0.899431,TO,ANP2.2,
5477,DC1010-D-1,D,1,2,147417.4,1209.96456,0,0.0,76.4463784,0.78373425,TO,ANP2.2,
5478,DC1010-D-1,D,1,3,147417.4,2844.33264,0,304.8,77.5781552,0.7809815,TO,ANP2.2,
5479,DC1010-D-1,D,1,4,147417.4,3651.07728,0,407.02992,82.9798172,0.77257225,CL,ANP2.2,
5480,DC1010-D-1,D,1,5,147417.4,4301.3376,0,464.02752,91.056588,0.76044075,CL,ANP2.2,
5481,DC1010-D-1,D,1,6,147417.4,4441.57608,0,485.394,91.1594768,0.63698075,CL,ANP2.2,
5482,DC1010-D-1,D,1,7,147417.4,5061.93552,0,506.76048,99.1333588,0.62614,CL,ANP2.2,
5483,DC1010-D-1,D,1,8,147417.4,7649.96184,0,914.4,101.088246,0.62282375,CL,ANP2.2,
5484,DC1010-D-1,D,1,9,147417.4,11692.82904,0,1095.69504,134.9386612,0.57799,CL,ANP2.2,
5485,DC1010-D-1,D,1,10,147417.4,16660.55088,0,1676.4,138.8484356,0.573373,CL,ANP2.2,
5486,DC1010-D-1,D,1,11,147417.4,22561.4484,0,2286.0,143.1697652,0.568626,CL,ANP2.2,
5487,DC1010-D-1,D,1,12,147417.4,31137.11832,0,3048.0,148.8286492,0.56283525,CL,ANP2.2,
5488,DC1010-D-2,D,2,1,154221.28,0.0,0,0.0,0.0,0.899431,TO,ANP2.2,
5489,DC1010-D-2,D,2,2,154221.28,1328.68416,0,0.0,78.195488,0.78109425,TO,ANP2.2,
5490,DC1010-D-2,D,2,3,154221.28,3097.59096,0,304.8,79.3272648,0.77834175,TO,ANP2.2,
5491,DC1010-D-2,D,2,4,154221.28,4048.53648,0,415.96056,85.0890376,0.76939325,CL,ANP2.2,
5492,DC1010-D-2,D,2,5,154221.28,4761.61608,0,473.62872,93.2172528,0.75725575,CL,ANP2.2,
5493,DC1010-D-2,D,2,6,154221.28,4930.68864,0,497.46408,93.3201416,0.6340375,CL,ANP2.2,
5494,DC1010-D-2,D,2,7,154221.28,5629.59504,0,521.32992,101.2940236,0.6231765,CL,ANP2.2,
5495,DC1010-D-2,D,2,8,154221.28,8310.73776,0,914.4,103.2489108,0.6199795,CL,ANP2.2,
5496,DC1010-D-2,D,2,9,154221.28,12522.76896,0,1101.82152,134.9901056,0.57794075,CL,ANP2.2,
5497,DC1010-D-2,D,2,10,154221.28,17786.2992,0,1676.4,138.8484356,0.573373,CL,ANP2.2,
5498,DC1010-D-2,D,2,11,154221.28,24118.2144,0,2286.0,143.1697652,0.568626,CL,ANP2.2,
5499,DC1010-D-2,D,2,12,154221.28,33356.03184,0,3048.0,148.8286492,0.56283525,CL,ANP2.2,
5500,DC1010-D-3,D,3,1,163293.12,0.0,0,0.0,0.0,0.899431,TO,ANP2.2,
5501,DC1010-D-3,D,3,2,163293.12,1496.14128,0,0.0,80.4590416,0.7776635,TO,ANP2.2,
5502,DC1010-D-3,D,3,3,163293.12,3457.55976,0,304.8,81.6422628,0.774911,TO,ANP2.2,
5503,DC1010-D-3,D,3,4,163293.12,4503.17616,0,415.35096,87.198258,0.76629975,CL,ANP2.2,
5504,DC1010-D-3,D,3,5,163293.12,5298.36888,0,473.6592,95.2750288,0.7541565,CL,ANP2.2,
5505,DC1010-D-3,D,3,6,163293.12,5513.61864,0,501.21312,95.429362,0.6311625,CL,ANP2.2,
5506,DC1010-D-3,D,3,7,163293.12,6323.71608,0,528.79752,103.403244,0.62027125,CL,ANP2.2,
5507,DC1010-D-3,D,3,8,163293.12,9201.21096,0,914.4,105.4095756,0.61713525,CL,ANP2.2,
5508,DC1010-D-3,D,3,9,163293.12,13724.13816,0,1114.044,135.04155,0.57784275,CL,ANP2.2,
5509,DC1010-D-3,D,3,10,163293.12,19356.7812,0,1676.4,138.8484356,0.573373,CL,ANP2.2,
5510,DC1010-D-3,D,3,11,163293.12,26297.62584,0,2286.0,143.1697652,0.568626,CL,ANP2.2,
5511,DC1010-D-3,D,3,12,163293.12,36480.23184,0,3048.0,148.8286492,0.56283525,CL,ANP2.2,
5512,DC1010-D-4,D,4,1,176900.88,0.0,0,0.0,0.0,0.899431,TO,ANP2.2,
5513,DC1010-D-4,D,4,2,176900.88,1767.16944,0,0.0,83.7000388,0.7726915,TO,ANP2.2,
5514,DC1010-D-4,D,4,3,176900.88,4049.78616,0,304.8,84.9347044,0.76993875,TO,ANP2.2,
5515,DC1010-D-4,D,4,4,176900.88,5414.22336,0,428.67072,90.9022548,0.760757,CL,ANP2.2,
5516,DC1010-D-4,D,4,5,176900.88,6354.98856,0,487.9848,99.03047,0.74860525,CL,ANP2.2,
5517,DC1010-D-4,D,4,6,176900.88,6659.78856,0,519.684,99.1848032,0.62603425,CL,ANP2.2,
5518,DC1010-D-4,D,4,7,176900.88,7697.75448,0,557.54016,107.261574,0.61505875,CL,ANP2.2,
5519,DC1010-D-4,D,4,8,176900.88,10937.19936,0,914.4,109.1135724,0.612158,CL,ANP2.2,
5520,DC1010-D-4,D,4,9,176900.88,15844.32696,0,1128.00384,135.1444388,0.57773075,CL,ANP2.2,
5521,DC1010-D-4,D,4,10,176900.88,22095.37872,0,1676.4,138.8484356,0.573373,CL,ANP2.2,
5522,DC1010-D-4,D,4,11,176900.88,30031.73064,0,2286.0,143.1697652,0.568626,CL,ANP2.2,
5523,DC1010-D-4,D,4,12,176900.88,41782.8984,0,3048.0,148.8286492,0.56283525,CL,ANP2.2,
5524,DC1010-D-5,D,5,1,190508.64,0.0,0,0.0,0.0,0.899431,TO,ANP2.2,
5525,DC1010-D-5,D,5,2,190508.64,2062.24632,0,0.0,86.8895916,0.76790725,TO,ANP2.2,
5526,DC1010-D-5,D,5,3,190508.64,4712.84808,0,304.8,88.1757016,0.7651545,TO,ANP2.2,
5527,DC1010-D-5,D,5,4,190508.64,6360.84072,0,433.82184,94.0918076,0.75606225,CL,ANP2.2,
5528,DC1010-D-5,D,5,5,190508.64,7458.63888,0,493.68456,102.2200228,0.7439055,CL,ANP2.2,
5529,DC1010-D-5,D,5,6,190508.64,7763.43888,0,521.23848,102.3229116,0.62175525,CL,ANP2.2,
5530,DC1010-D-5,D,5,7,190508.64,9233.73312,0,582.83856,110.5540156,0.61058575,CL,ANP2.2,
5531,DC1010-D-5,D,5,8,190508.64,12653.80248,0,914.4,112.3545696,0.60789175,CL,ANP2.2,
5532,DC1010-D-5,D,5,9,190508.64,18039.61848,0,1146.01752,135.2473276,0.57758625,CL,ANP2.2,
5533,DC1010-D-5,D,5,10,190508.64,24897.37464,0,1676.4,138.8484356,0.573373,CL,ANP2.2,
5534,DC1010-D-5,D,5,11,190508.64,33943.22904,0,2286.0,143.1697652,0.568626,CL,ANP2.2,
5535,DC1010-D-5,D,5,12,190508.64,47478.29976,0,3048.0,148.8286492,0.56283525,CL,ANP2.2,
5536,DC1010-D-6,D,6,1,204116.4,0.0,0,0.0,0.0,0.899431,TO,ANP2.2,
5537,DC1010-D-6,D,6,2,204116.4,2381.64624,0,0.0,89.9248112,0.763291,TO,ANP2.2,
5538,DC1010-D-6,D,6,3,204116.4,5458.44984,0,304.8,91.2623656,0.76053825,TO,ANP2.2,
5539,DC1010-D-6,D,6,4,204116.4,7503.20064,0,442.8744,97.229916,0.75133275,CL,ANP2.2,
5540,DC1010-D-6,D,6,5,204116.4,8780.76984,0,503.10288,105.4095756,0.739173,CL,ANP2.2,
5541,DC1010-D-6,D,6,6,204116.4,9085.56984,0,527.12112,105.5124644,0.61744075,CL,ANP2.2,
5542,DC1010-D-6,D,6,7,204116.4,10647.97464,0,575.95008,113.6406796,0.60637575,CL,ANP2.2,
5543,DC1010-D-6,D,6,8,204116.4,14591.0808,0,914.4,115.5441224,0.6036255,CL,ANP2.2,
5544,DC1010-D-6,D,6,9,204116.4,19272.38208,0,1073.90184,134.784328,0.578165,CL,ANP2.2,
5545,DC1010-D-6,D,6,10,204116.4,27988.99152,0,1676.4,138.8484356,0.573373,CL,ANP2.2,
5546,DC1010-D-6,D,6,11,204116.4,38279.3748,0,2286.0,143.1697652,0.568626,CL,ANP2.2,
5547,DC1010-D-6,D,6,12,204116.4,53861.78712,0,3048.0,148.8286492,0.56283525,CL,ANP2.2,
5548,DC1030-A-1,A,1,1,170097.0,-34895.57664,0,1828.8,139.928768,0.040870865,AP,ANP2.2,
5549,DC1030-A-1,A,1,2,170097.0,-17752.58832,0,930.37152,93.371586,0.036612782,AP,ANP2.2,
5550,DC1030-A-1,A,1,3,170097.0,-17447.78832,0,914.4,92.342698,0.056570301,AP,ANP2.2,
5551,DC1030-A-1,A,1,4,170097.0,-9028.69416,0,473.17152,85.3462596,0.053640602,AP,ANP2.2,
5552,DC1030-A-1,A,1,5,170097.0,-8723.89416,0,457.2,85.0890376,0.12796297,AP,ANP2.2,
5553,DC1030-A-1,A,1,6,170097.0,-6120.71928,0,320.77152,79.8931532,0.125890789,AP,ANP2.2,
5554,DC1030-A-1,A,1,7,170097.0,-5815.91928,0,304.8,79.2758204,0.187082143,AP,ANP2.2,
5555,DC1030-A-1,A,1,8,170097.0,-304.8,0,15.97152,78.1440436,0.180758459,AP,ANP2.2,
5556,DC1030-A-1,A,1,9,170097.0,0.0,0,0.0,78.0925992,0.180440414,AP,ANP2.2,
5557,DC1030-A-1,A,1,10,170097.0,119.54256,0,0.0,74.1313804,0.1,AP,ANP2.2,
5558,DC1030-A-1,A,1,11,170097.0,1075.88304,0,0.0,15.3304312,0.1,AP,ANP2.2,
5559,DC1030-D-1,D,1,1,170097.0,0.0,0,0.0,18.00554,0.926879699,TO,ANP2.2,
5560,DC1030-D-1,D,1,2,170097.0,1027.3284,0,0.0,76.7036004,0.808030075,TO,ANP2.2,
5561,DC1030-D-1,D,1,3,170097.0,2268.53496,0,304.8,77.8353772,0.819496241,TO,ANP2.2,
5562,DC1030-D-1,D,1,4,170097.0,2795.35128,0,391.85088,83.339928,0.814836466,CL,ANP2.2,
5563,DC1030-D-1,D,1,5,170097.0,3348.47184,0,455.03592,91.5195876,0.805255639,CL,ANP2.2,
5564,DC1030-D-1,D,1,6,170097.0,3633.6732,0,471.00744,95.5322508,0.641718045,CL,ANP2.2,
5565,DC1030-D-1,D,1,7,170097.0,3918.87456,0,486.97896,99.544914,0.634400376,CL,ANP2.2,
5566,DC1030-D-1,D,1,8,170097.0,6157.96584,0,914.4,101.6541344,0.647315789,CL,ANP2.2,
5567,DC1030-D-1,D,1,9,170097.0,9103.88832,0,1047.35376,135.298772,0.617642857,CL,ANP2.2,
5568,DC1030-D-1,D,1,10,170097.0,13176.01632,0,1676.4,139.6201016,0.625338346,CL,ANP2.2,
5569,DC1030-D-1,D,1,11,170097.0,17441.69232,0,2286.0,143.9414312,0.639718045,CL,ANP2.2,
5570,DC1030-D-1,D,1,12,170097.0,23302.02096,0,3048.0,149.6517596,0.654097744,CL,ANP2.2,
5571,DC1030-D-2,D,2,1,176900.88,0.0,0,0.0,18.00554,0.926879699,TO,ANP2.2,
5572,DC1030-D-2,D,2,2,176900.88,1114.40976,0,0.0,78.195488,0.805676692,TO,ANP2.2,
5573,DC1030-D-2,D,2,3,176900.88,2438.58288,0,304.8,79.3787092,0.817142857,TO,ANP2.2,
5574,DC1030-D-2,D,2,4,176900.88,3006.6996,0,392.82624,84.9347044,0.812481203,CL,ANP2.2,
5575,DC1030-D-2,D,2,5,176900.88,3603.43704,0,456.80376,93.0629196,0.802930451,CL,ANP2.2,
5576,DC1030-D-2,D,2,6,176900.88,3908.23704,0,473.59824,97.0241384,0.640114662,CL,ANP2.2,
5577,DC1030-D-2,D,2,7,176900.88,4231.17264,0,491.36808,101.1396904,0.63287594,CL,ANP2.2,
5578,DC1030-D-2,D,2,8,176900.88,6582.12552,0,914.4,103.2489108,0.645657895,CL,ANP2.2,
5579,DC1030-D-2,D,2,9,176900.88,9622.26168,0,1050.67608,135.3502164,0.617744361,CL,ANP2.2,
5580,DC1030-D-2,D,2,10,176900.88,13911.10248,0,1676.4,139.6201016,0.625338346,CL,ANP2.2,
5581,DC1030-D-2,D,2,11,176900.88,18431.43888,0,2286.0,143.9414312,0.639718045,CL,ANP2.2,
5582,DC1030-D-2,D,2,12,176900.88,24651.34008,0,3048.0,149.6517596,0.654097744,CL,ANP2.2,
5583,DC1030-D-3,D,3,1,183704.76,0.0,0,0.0,18.00554,0.926879699,TO,ANP2.2,
5584,DC1030-D-3,D,3,2,183704.76,1205.24016,0,0.0,79.6873756,0.803368421,TO,ANP2.2,
5585,DC1030-D-3,D,3,3,183704.76,2615.76312,0,304.8,80.8705968,0.814834586,TO,ANP2.2,
5586,DC1030-D-3,D,3,4,183704.76,3231.36768,0,394.38072,86.5294808,0.810146617,CL,ANP2.2,
5587,DC1030-D-3,D,3,5,183704.76,3874.86144,0,459.24216,94.657696,0.800629699,CL,ANP2.2,
5588,DC1030-D-3,D,3,6,183704.76,4179.66144,0,475.76232,98.258804,0.638531955,CL,ANP2.2,
5589,DC1030-D-3,D,3,7,183704.76,4565.53824,0,496.64112,102.7344668,0.631379699,CL,ANP2.2,
5590,DC1030-D-3,D,3,8,183704.76,7025.12184,0,914.4,104.8436872,0.64400188,CL,ANP2.2,
5591,DC1030-D-3,D,3,9,183704.76,10152.85752,0,1053.63264,135.3502164,0.617832707,CL,ANP2.2,
5592,DC1030-D-3,D,3,10,183704.76,14666.03112,0,1676.4,139.6201016,0.625338346,CL,ANP2.2,
5593,DC1030-D-3,D,3,11,183704.76,19449.95856,0,2286.0,143.9414312,0.639718045,CL,ANP2.2,
5594,DC1030-D-3,D,3,12,183704.76,26043.54456,0,3048.0,149.6517596,0.654097744,CL,ANP2.2,
5595,DC1030-D-4,D,4,1,197766.112,0.0,0,0.0,18.00554,0.926879699,TO,ANP2.2,
5596,DC1030-D-4,D,4,2,197766.112,1404.94512,0,0.0,82.6711508,0.798729323,TO,ANP2.2,
5597,DC1030-D-4,D,4,3,197766.112,3005.69376,0,304.8,83.9058164,0.810195489,TO,ANP2.2,
5598,DC1030-D-4,D,4,4,197766.112,3726.72864,0,397.24584,89.6675892,0.805469925,CL,ANP2.2,
5599,DC1030-D-4,D,4,5,197766.112,4474.79928,0,463.84464,97.8472488,0.796018797,CL,ANP2.2,
5600,DC1030-D-4,D,4,6,197766.112,4779.59928,0,479.84664,100.7795796,0.635357143,CL,ANP2.2,
5601,DC1030-D-4,D,4,7,197766.112,5315.28528,0,507.9492,105.975464,0.628407895,CL,ANP2.2,
5602,DC1030-D-4,D,4,8,197766.112,8174.21784,0,914.4,108.0846844,0.64068797,CL,ANP2.2,
5603,DC1030-D-4,D,4,9,197766.112,11469.41064,0,1059.11904,135.4016608,0.61799812,CL,ANP2.2,
5604,DC1030-D-4,D,4,10,197766.112,16470.08136,0,1676.4,139.6201016,0.625338346,CL,ANP2.2,
5605,DC1030-D-4,D,4,11,197766.112,21829.56264,0,2286.0,143.9414312,0.639718045,CL,ANP2.2,
5606,DC1030-D-4,D,4,12,197766.112,29243.76168,0,3048.0,149.6517596,0.654097744,CL,ANP2.2,
5607,DC1030-D-5,D,5,1,215909.792,0.0,0,0.0,18.00554,0.926879699,TO,ANP2.2,
5608,DC1030-D-5,D,5,2,215909.792,1686.67176,0,0.0,86.3751476,0.792979323,TO,ANP2.2,
5609,DC1030-D-5,D,5,3,215909.792,3560.064,0,304.8,87.6612576,0.804445489,TO,ANP2.2,
5610,DC1030-D-5,D,5,4,215909.792,4402.34832,0,397.3068,93.3201416,0.799890977,CL,ANP2.2,
5611,DC1030-D-5,D,5,5,215909.792,5302.51416,0,466.16112,101.5512456,0.790524436,CL,ANP2.2,
5612,DC1030-D-5,D,5,6,215909.792,5607.31416,0,481.61448,103.8662436,0.63156203,CL,ANP2.2,
5613,DC1030-D-5,D,5,7,215909.792,6383.91408,0,520.9032,109.7309052,0.624934211,CL,ANP2.2,
5614,DC1030-D-5,D,5,8,215909.792,9571.75632,0,914.4,111.8401256,0.636823308,CL,ANP2.2,
5615,DC1030-D-5,D,5,9,215909.792,13079.15088,0,1066.06848,135.4531052,0.618204887,CL,ANP2.2,
5616,DC1030-D-5,D,5,10,215909.792,18753.7344,0,1676.4,139.6201016,0.625338346,CL,ANP2.2,
5617,DC1030-D-5,D,5,11,215909.792,24924.34944,0,2286.0,143.9414312,0.639718045,CL,ANP2.2,
5618,DC1030-D-5,D,5,12,215909.792,33506.45064,0,3048.0,149.6517596,0.654097744,CL,ANP2.2,
5619,DC1030-D-6,D,6,1,234507.064,0.0,0,0.0,18.00554,0.926879699,TO,ANP2.2,
5620,DC1030-D-6,D,6,2,234507.064,2004.02952,0,0.0,90.0277,0.787330827,TO,ANP2.2,
5621,DC1030-D-6,D,6,3,234507.064,4194.90144,0,304.8,91.3652544,0.798796992,TO,ANP2.2,
5622,DC1030-D-6,D,6,4,234507.064,5187.05592,0,398.0688,97.0241384,0.794336466,CL,ANP2.2,
5623,DC1030-D-6,D,6,5,234507.064,6268.18152,0,469.0872,105.2552424,0.78506203,CL,ANP2.2,
5624,DC1030-D-6,D,6,6,234507.064,6572.98152,0,483.96144,107.0557964,0.627783835,CL,ANP2.2,
5625,DC1030-D-6,D,6,7,234507.064,7680.22848,0,538.09392,113.5377908,0.621586466,CL,ANP2.2,
5626,DC1030-D-6,D,6,8,234507.064,11185.7028,0,914.4,115.6470112,0.632956767,CL,ANP2.2,
5627,DC1030-D-6,D,6,9,234507.064,14855.58624,0,1070.70144,135.5045496,0.618351504,CL,ANP2.2,
5628,DC1030-D-6,D,6,10,234507.064,21305.15424,0,1676.4,139.6201016,0.625338346,CL,ANP2.2,
5629,DC1030-D-6,D,6,11,234507.064,28400.13624,0,2286.0,143.9414312,0.639718045,CL,ANP2.2,
5630,DC1030-D-6,D,6,12,234507.064,38329.57536,0,3048.0,149.6517596,0.654097744,CL,ANP2.2,
5631,DC1030-D-7,D,7,1,254465.112,0.0,0,0.0,18.00554,0.926879699,TO,ANP2.2,
5632,DC1030-D-7,D,7,2,254465.112,2377.22664,0,0.0,93.7831412,0.781515038,TO,ANP2.2,
5633,DC1030-D-7,D,7,3,254465.112,4962.05256,0,304.8,95.17214,0.792981203,TO,ANP2.2,
5634,DC1030-D-7,D,7,4,254465.112,6114.07464,0,396.81912,100.6766908,0.788708647,CL,ANP2.2,
5635,DC1030-D-7,D,7,5,254465.112,7420.63032,0,469.97112,108.9077948,0.779509398,CL,ANP2.2,
5636,DC1030-D-7,D,7,6,254465.112,7725.43032,0,484.35768,110.2967936,0.623945489,CL,ANP2.2,
5637,DC1030-D-7,D,7,7,254465.112,9331.78728,0,560.28336,117.3446764,0.618389098,CL,ANP2.2,
5638,DC1030-D-7,D,7,8,254465.112,13146.81648,0,914.4,119.4024524,0.629090226,CL,ANP2.2,
5639,DC1030-D-7,D,7,9,254465.112,16938.46752,0,1073.5056,135.5045496,0.618434211,CL,ANP2.2,
5640,DC1030-D-7,D,7,10,254465.112,24331.02576,0,1676.4,139.6201016,0.625338346,CL,ANP2.2,
5641,DC1030-D-7,D,7,11,254465.112,32542.5816,0,2286.0,143.9414312,0.639718045,CL,ANP2.2,
5642,DC1030-D-7,D,7,12,254465.112,44123.1528,0,3048.0,149.6517596,0.654097744,CL,ANP2.2,
5643,DC1040-A-1,A,1,1,165107.488,-34895.57664,0,1828.8,139.928768,0.028197166,AP,ANP2.2,
5644,DC1040-A-1,A,1,2,165107.488,-17752.58832,0,930.37152,93.8345856,0.025259312,AP,ANP2.2,
5645,DC1040-A-1,A,1,3,165107.488,-17447.78832,0,914.4,92.8056976,0.08675081,AP,ANP2.2,
5646,DC1040-A-1,A,1,4,165107.488,-9028.69416,0,473.17152,85.8092592,0.0822583,AP,ANP2.2,
5647,DC1040-A-1,A,1,5,165107.488,-8723.89416,0,457.2,85.5520372,0.164295547,AP,ANP2.2,
5648,DC1040-A-1,A,1,6,165107.488,-6120.71928,0,320.77152,80.3561528,0.16163502,AP,ANP2.2,
5649,DC1040-A-1,A,1,7,165107.488,-5815.91928,0,304.8,79.73882,0.178862348,AP,ANP2.2,
5650,DC1040-A-1,A,1,8,165107.488,-304.8,0,15.97152,78.6070432,0.172816397,AP,ANP2.2,
5651,DC1040-A-1,A,1,9,165107.488,0.0,0,0.0,78.5555988,0.172515182,AP,ANP2.2,
5652,DC1040-A-1,A,1,10,165107.488,136.06272,0,0.0,74.5429356,0.1,AP,ANP2.2,
5653,DC1040-A-1,A,1,11,165107.488,1224.56448,0,0.0,15.3304312,0.1,AP,ANP2.2,
5654,DC1040-D-1,D,1,1,165107.488,0.0,0,0.0,0.0,0.841882996,TO,ANP2.2,
5655,DC1040-D-1,D,1,2,165107.488,1413.02232,0,0.0,84.2144828,0.767590081,TO,ANP2.2,
5656,DC1040-D-1,D,1,3,165107.488,2932.7856,0,304.8,85.4491484,0.76598583,TO,ANP2.2,
5657,DC1040-D-1,D,1,4,165107.488,3846.2712,0,429.24984,91.4166988,0.760605061,CL,ANP2.2,
5658,DC1040-D-1,D,1,5,165107.488,4480.4076,0,489.26496,99.544914,0.753519028,CL,ANP2.2,
5659,DC1040-D-1,D,1,6,165107.488,4582.91184,0,506.18136,99.6478028,0.63847753,CL,ANP2.2,
5660,DC1040-D-1,D,1,7,165107.488,5135.97144,0,523.06728,107.6216848,0.634483198,CL,ANP2.2,
5661,DC1040-D-1,D,1,8,165107.488,7441.50912,0,914.4,109.6794608,0.633306478,CL,ANP2.2,
5662,DC1040-D-1,D,1,9,165107.488,9776.1552,0,1016.17272,134.4242172,0.621173887,CL,ANP2.2,
5663,DC1040-D-1,D,1,10,165107.488,14237.78712,0,1676.4,138.8484356,0.619230364,CL,ANP2.2,
5664,DC1040-D-1,D,1,11,165107.488,18868.52208,0,2286.0,143.1697652,0.617475101,CL,ANP2.2,
5665,DC1040-D-1,D,1,12,165107.488,25477.13472,0,3048.0,148.8286492,0.615334008,CL,ANP2.2,
5666,DC1040-D-2,D,2,1,171911.368,0.0,0,0.0,0.0,0.841882996,TO,ANP2.2,
5667,DC1040-D-2,D,2,2,171911.368,1534.88136,0,0.0,85.912148,0.766074899,TO,ANP2.2,
5668,DC1040-D-2,D,2,3,171911.368,3164.64696,0,304.8,87.198258,0.764470445,TO,ANP2.2,
5669,DC1040-D-2,D,2,4,171911.368,4131.32016,0,427.84776,93.0114752,0.759257895,CL,ANP2.2,
5670,DC1040-D-2,D,2,5,171911.368,4812.09096,0,488.16768,101.1396904,0.75217004,CL,ANP2.2,
5671,DC1040-D-2,D,2,6,171911.368,4930.10952,0,506.45568,101.2425792,0.637688057,CL,ANP2.2,
5672,DC1040-D-2,D,2,7,171911.368,5532.882,0,524.77416,109.1650168,0.633689474,CL,ANP2.2,
5673,DC1040-D-2,D,2,8,171911.368,7965.186,0,914.4,111.2742372,0.632518016,CL,ANP2.2,
5674,DC1040-D-2,D,2,9,171911.368,10330.61688,0,1016.90424,134.4242172,0.62117166,CL,ANP2.2,
5675,DC1040-D-2,D,2,10,171911.368,15052.45656,0,1676.4,138.8484356,0.619230364,CL,ANP2.2,
5676,DC1040-D-2,D,2,11,171911.368,19967.08224,0,2286.0,143.1697652,0.617475101,CL,ANP2.2,
5677,DC1040-D-2,D,2,12,171911.368,26997.5076,0,3048.0,148.8286492,0.615334008,CL,ANP2.2,
5678,DC1040-D-3,D,3,1,178261.656,0.0,0,0.0,0.0,0.841882996,TO,ANP2.2,
5679,DC1040-D-3,D,3,2,178261.656,1653.35712,0,0.0,87.5069244,0.764687449,TO,ANP2.2,
5680,DC1040-D-3,D,3,3,178261.656,3390.99144,0,304.8,88.7930344,0.763082996,TO,ANP2.2,
5681,DC1040-D-3,D,3,4,178261.656,4436.0592,0,429.67656,94.5548072,0.757893522,CL,ANP2.2,
5682,DC1040-D-3,D,3,5,178261.656,5163.70824,0,490.2708,102.7344668,0.750804453,CL,ANP2.2,
5683,DC1040-D-3,D,3,6,178261.656,5298.30792,0,510.02184,102.7859112,0.636888664,CL,ANP2.2,
5684,DC1040-D-3,D,3,7,178261.656,5952.37824,0,529.7424,110.7597932,0.63288583,CL,ANP2.2,
5685,DC1040-D-3,D,3,8,178261.656,8484.5652,0,914.4,112.8690136,0.631729352,CL,ANP2.2,
5686,DC1040-D-3,D,3,9,178261.656,10855.33008,0,1016.53848,134.4242172,0.621172672,CL,ANP2.2,
5687,DC1040-D-3,D,3,10,178261.656,15834.63432,0,1676.4,138.8484356,0.619230364,CL,ANP2.2,
5688,DC1040-D-3,D,3,11,178261.656,21023.58,0,2286.0,143.1697652,0.617475101,CL,ANP2.2,
5689,DC1040-D-3,D,3,12,178261.656,28463.68704,0,3048.0,148.8286492,0.615334008,CL,ANP2.2,
5690,DC1040-D-4,D,4,1,191869.416,0.0,0,0.0,0.0,0.841882996,TO,ANP2.2,
5691,DC1040-D-4,D,4,2,191869.416,1922.64792,0,0.0,90.799366,0.761795142,TO,ANP2.2,
5692,DC1040-D-4,D,4,3,191869.416,3910.4316,0,304.8,92.1369204,0.760190891,TO,ANP2.2,
5693,DC1040-D-4,D,4,4,191869.416,5110.52064,0,430.40808,97.6929156,0.755180364,CL,ANP2.2,
5694,DC1040-D-4,D,4,5,191869.416,5943.41712,0,491.39856,105.8725752,0.748089271,CL,ANP2.2,
5695,DC1040-D-4,D,4,6,191869.416,6121.02408,0,514.56336,105.975464,0.635297571,CL,ANP2.2,
5696,DC1040-D-4,D,4,7,191869.416,6896.92296,0,537.75864,114.0007904,0.631284413,CL,ANP2.2,
5697,DC1040-D-4,D,4,8,191869.416,9663.31824,0,914.4,116.1100108,0.630152024,CL,ANP2.2,
5698,DC1040-D-4,D,4,9,191869.416,12022.04352,0,1014.8316,134.4242172,0.621177733,CL,ANP2.2,
5699,DC1040-D-4,D,4,10,191869.416,17587.93536,0,1676.4,138.8484356,0.619230364,CL,ANP2.2,
5700,DC1040-D-4,D,4,11,191869.416,23397.39288,0,2286.0,143.1697652,0.617475101,CL,ANP2.2,
5701,DC1040-D-4,D,4,12,191869.416,31771.95576,0,3048.0,148.8286492,0.615334008,CL,ANP2.2,
5702,DC1040-D-5,D,5,1,209559.504,0.0,0,0.0,0.0,0.841882996,TO,ANP2.2,
5703,DC1040-D-5,D,5,2,209559.504,2304.40992,0,0.0,94.8634736,0.758184615,TO,ANP2.2,
5704,DC1040-D-5,D,5,3,209559.504,4663.07424,0,304.8,96.2524724,0.756580162,TO,ANP2.2,
5705,DC1040-D-5,D,5,4,209559.504,6186.00744,0,439.39968,101.9113564,0.75152085,CL,ANP2.2,
5706,DC1040-D-5,D,5,5,209559.504,7174.35192,0,500.634,110.091016,0.744428745,CL,ANP2.2,
5707,DC1040-D-5,D,5,6,209559.504,7429.62192,0,529.34616,110.2453492,0.63315,CL,ANP2.2,
5708,DC1040-D-5,D,5,7,209559.504,8402.14728,0,558.05832,118.32212,0.62912004,CL,ANP2.2,
5709,DC1040-D-5,D,5,8,209559.504,11403.42144,0,914.4,120.379896,0.62804919,CL,ANP2.2,
5710,DC1040-D-5,D,5,9,209559.504,13609.13712,0,1006.87632,134.3727728,0.621201619,CL,ANP2.2,
5711,DC1040-D-5,D,5,10,209559.504,20053.73688,0,1676.4,138.8484356,0.619230364,CL,ANP2.2,
5712,DC1040-D-5,D,5,11,209559.504,26744.34072,0,2286.0,143.1697652,0.617475101,CL,ANP2.2,
5713,DC1040-D-5,D,5,12,209559.504,36464.62608,0,3048.0,148.8286492,0.615334008,CL,ANP2.2,
5714,DC1040-D-6,D,6,1,227703.184,0.0,0,0.0,0.0,0.841882996,TO,ANP2.2,
5715,DC1040-D-6,D,6,2,227703.184,2733.47688,0,0.0,98.8761368,0.754636437,TO,ANP2.2,
5716,DC1040-D-6,D,6,3,227703.184,5539.77048,0,304.8,100.3680244,0.753032186,TO,ANP2.2,
5717,DC1040-D-6,D,6,4,227703.184,7514.9964,0,451.59168,106.1812416,0.747844939,CL,ANP2.2,
5718,DC1040-D-6,D,6,5,227703.184,8683.9044,0,512.58216,114.3609012,0.740753846,CL,ANP2.2,
5719,DC1040-D-6,D,6,6,227703.184,8988.7044,0,542.17824,114.5152344,0.631008097,CL,ANP2.2,
5720,DC1040-D-6,D,6,7,227703.184,10289.8956,0,585.00264,122.6434496,0.626935628,CL,ANP2.2,
5721,DC1040-D-6,D,6,8,227703.184,13466.12496,0,914.4,124.6497812,0.625946154,CL,ANP2.2,
5722,DC1040-D-6,D,6,9,227703.184,15331.7448,0,991.39248,134.269884,0.621247571,CL,ANP2.2,
5723,DC1040-D-6,D,6,10,227703.184,22852.62384,0,1676.4,138.8484356,0.619230364,CL,ANP2.2,
5724,DC1040-D-6,D,6,11,227703.184,30548.54952,0,2286.0,143.1697652,0.617475101,CL,ANP2.2,
5725,DC1040-D-6,D,6,12,227703.184,41831.42256,0,3048.0,148.8286492,0.615334008,CL,ANP2.2,
5726,DC1040-D-7,D,7,1,246754.048,0.0,0,0.0,0.0,0.841882996,TO,ANP2.2,
5727,DC1040-D-7,D,7,2,246754.048,3225.2412,0,0.0,102.9402444,0.751060121,TO,ANP2.2,
5728,DC1040-D-7,D,7,3,246754.048,6812.06664,0,304.8,104.4835764,0.749455668,TO,ANP2.2,
5729,DC1040-D-7,D,7,4,246754.048,8976.8172,0,430.89576,110.2453492,0.744340486,CL,ANP2.2,
5730,DC1040-D-7,D,7,5,246754.048,10282.79376,0,484.4796,118.4250088,0.737287652,CL,ANP2.2,
5731,DC1040-D-7,D,7,6,246754.048,10587.59376,0,510.17424,118.5278976,0.629002024,CL,ANP2.2,
5732,DC1040-D-7,D,7,7,246754.048,12034.81464,0,545.62248,126.6561128,0.624951619,CL,ANP2.2,
5733,DC1040-D-7,D,7,8,246754.048,16086.03336,0,914.4,128.9196664,0.623843117,CL,ANP2.2,
5734,DC1040-D-7,D,7,9,246754.048,17150.09016,0,949.02528,133.9612176,0.621373887,CL,ANP2.2,
5735,DC1040-D-7,D,7,10,246754.048,26251.44864,0,1676.4,138.8484356,0.619230364,CL,ANP2.2,
5736,DC1040-D-7,D,7,11,246754.048,35134.38744,0,2286.0,143.1697652,0.617475101,CL,ANP2.2,
5737,DC1040-D-7,D,7,12,246754.048,48300.71112,0,3048.0,148.8286492,0.615334008,CL,ANP2.2,
5738,DC3-A-1,A,1,1,10886.208,-34895.57664,0,1828.8,78.3498212,0.008599359,AP,ANP2.2,
5739,DC3-A-1,A,1,2,10886.208,-17752.58832,0,930.37152,58.6980604,0.007705128,AP,ANP2.2,
5740,DC3-A-1,A,1,3,10886.208,-17447.78832,0,914.4,58.2865052,0.00924359,AP,ANP2.2,
5741,DC3-A-1,A,1,4,10886.208,-9028.69416,0,473.17152,52.0617328,0.008766026,AP,ANP2.2,
5742,DC3-A-1,A,1,5,10886.208,-8723.89416,0,457.2,51.8045108,0.009897436,AP,ANP2.2,
5743,DC3-A-1,A,1,6,10886.208,-6120.71928,0,320.77152,46.814404,0.009737179,AP,ANP2.2,
5744,DC3-A-1,A,1,7,10886.208,-5815.91928,0,304.8,46.1970712,0.012291667,AP,ANP2.2,
5745,DC3-A-1,A,1,8,10886.208,-304.8,0,15.97152,45.4768496,0.011878205,AP,ANP2.2,
5746,DC3-A-1,A,1,9,10886.208,0.0,0,0.0,45.4254052,0.011855769,AP,ANP2.2,
5747,DC3-A-1,A,1,10,10886.208,31.88208,0,0.0,43.1618516,0.01099359,AP,ANP2.2,
5748,DC3-A-1,A,1,11,10886.208,286.93872,0,0.0,15.3304312,0.003205128,AP,ANP2.2,
5749,DC3-D-1,D,1,1,10886.208,0.0,0,0.0,0.0,0.038935897,TO,ANP2.2,
5750,DC3-D-1,D,1,2,10886.208,456.2856,0,0.0,49.0779576,0.038935897,TO,ANP2.2,
5751,DC3-D-1,D,1,3,10886.208,1078.992,0,121.92,49.386624,0.039272436,TO,ANP2.2,
5752,DC3-D-1,D,1,4,10886.208,1383.792,0,170.26128,49.4895128,0.034201923,TO,ANP2.2,
5753,DC3-D-1,D,1,5,10886.208,6075.39552,0,914.4,51.3415112,0.036073718,CL,ANP2.2,
5754,DC3-D-1,D,1,6,10886.208,9868.72296,0,1249.3752,68.5239408,0.028141026,CL,ANP2.2,
5755,DC3-D-1,D,1,7,10886.208,14986.52832,0,1676.4,69.964384,0.029035256,CL,ANP2.2,
5756,DC3-D-1,D,1,8,10886.208,22762.12872,0,2286.0,72.1764932,0.030375,CL,ANP2.2,
5757,DC3-D-1,D,1,9,10886.208,33367.91904,0,3048.0,75.0059352,0.032169872,CL,ANP2.2,
5758,DC3-D-2,D,2,1,11793.392,0.0,0,0.0,0.0,0.037407051,TO,ANP2.2,
5759,DC3-D-2,D,2,2,11793.392,557.3268,0,0.0,51.0842892,0.037407051,TO,ANP2.2,
5760,DC3-D-2,D,2,3,11793.392,1327.95264,0,121.92,51.3929556,0.037733974,TO,ANP2.2,
5761,DC3-D-2,D,2,4,11793.392,1632.75264,0,160.69056,51.4958444,0.032839744,TO,ANP2.2,
5762,DC3-D-2,D,2,5,11793.392,7557.63792,0,914.4,53.3992872,0.034660256,CL,ANP2.2,
5763,DC3-D-2,D,2,6,11793.392,12404.68944,0,1245.29088,70.6846056,0.027269231,CL,ANP2.2,
5764,DC3-D-2,D,2,7,11793.392,19283.35488,0,1676.4,72.2279376,0.028141026,CL,ANP2.2,
5765,DC3-D-2,D,2,8,11793.392,29763.4152,0,2286.0,74.4400468,0.029442308,CL,ANP2.2,
5766,DC3-D-2,D,2,9,11793.392,44325.2352,0,3048.0,77.3723776,0.031179487,CL,ANP2.2,
5767,DC3-D-3,D,3,1,12700.576,0.0,0,0.0,0.0,0.036048077,TO,ANP2.2,
5768,DC3-D-3,D,3,2,12700.576,670.77336,0,0.0,53.0391764,0.036048077,TO,ANP2.2,
5769,DC3-D-3,D,3,3,12700.576,1625.43744,0,121.92,53.3478428,0.036358974,TO,ANP2.2,
5770,DC3-D-3,D,3,4,12700.576,1930.23744,0,152.88768,53.4507316,0.031625,TO,ANP2.2,
5771,DC3-D-3,D,3,5,12700.576,9425.84856,0,914.4,55.4570632,0.033397436,CL,ANP2.2,
5772,DC3-D-3,D,3,6,12700.576,14753.35632,0,1175.79648,72.5880484,0.026320513,CL,ANP2.2,
5773,DC3-D-3,D,3,7,12700.576,40497.252,0,2286.0,76.7550448,0.028560897,CL,ANP2.2,
5774,DC3-D-3,D,3,8,12700.576,61701.21264,0,3048.0,79.7902644,0.030246795,CL,ANP2.2,
5775,DC6-A-1,A,1,1,38555.32,-34895.57664,0,1828.8,89.5647004,0.004160287,AP,ANP2.2,
5776,DC6-A-1,A,1,2,38555.32,-17752.58832,0,930.37152,57.5148392,0.003727273,AP,ANP2.2,
5777,DC6-A-1,A,1,3,38555.32,-17447.78832,0,914.4,56.7431732,0.004272727,AP,ANP2.2,
5778,DC6-A-1,A,1,4,38555.32,-9028.69416,0,473.17152,50.5184008,0.004050239,AP,ANP2.2,
5779,DC6-A-1,A,1,5,38555.32,-8723.89416,0,457.2,50.2611788,0.006626794,AP,ANP2.2,
5780,DC6-A-1,A,1,6,38555.32,-6120.71928,0,320.77152,45.3225164,0.006519139,AP,ANP2.2,
5781,DC6-A-1,A,1,7,38555.32,-5815.91928,0,304.8,44.7051836,0.009557416,AP,ANP2.2,
5782,DC6-A-1,A,1,8,38555.32,-304.8,0,15.97152,44.1392952,0.00923445,AP,ANP2.2,
5783,DC6-A-1,A,1,9,38555.32,0.0,0,0.0,44.0878508,0.009220096,AP,ANP2.2,
5784,DC6-A-1,A,1,10,38555.32,53.4924,0,0.0,41.8242972,0.009569378,AP,ANP2.2,
5785,DC6-A-1,A,1,11,38555.32,481.4316,0,0.0,15.3304312,0.002392344,AP,ANP2.2,
5786,DC6-D-1,D,1,1,38555.32,0.0,0,0.0,0.0,0.025648325,TO,ANP2.2,
5787,DC6-D-1,D,1,2,38555.32,954.99936,0,0.0,64.1511668,0.025648325,TO,ANP2.2,
5788,DC6-D-1,D,1,3,38555.32,4519.5744,0,457.2,65.59161,0.026495215,TO,ANP2.2,
5789,DC6-D-1,D,1,4,38555.32,5143.0428,0,497.15928,70.7874944,0.024674641,CL,ANP2.2,
5790,DC6-D-1,D,1,5,38555.32,5447.8428,0,526.81632,70.8903832,0.02277512,CL,ANP2.2,
5791,DC6-D-1,D,1,6,38555.32,9432.61512,0,914.4,72.2279376,0.02341866,CL,ANP2.2,
5792,DC6-D-1,D,1,7,38555.32,17697.08424,0,1676.4,75.0059352,0.024755981,CL,ANP2.2,
5793,DC6-D-1,D,1,8,38555.32,24751.37544,0,2286.0,77.3209332,0.025899522,CL,ANP2.2,
5794,DC6-D-1,D,1,9,38555.32,34188.86736,0,3048.0,80.3561528,0.02742823,CL,ANP2.2,
5795,DC6-D-2,D,2,1,43091.24,0.0,0,0.0,0.0,0.024260766,TO,ANP2.2,
5796,DC6-D-2,D,2,2,43091.24,1261.11,0,0.0,67.8551636,0.024260766,TO,ANP2.2,
5797,DC6-D-2,D,2,3,43091.24,6054.88248,0,457.2,69.3470512,0.025062201,TO,ANP2.2,
5798,DC6-D-2,D,2,4,43091.24,7043.50128,0,504.26112,75.0059352,0.02330622,CL,ANP2.2,
5799,DC6-D-2,D,2,5,43091.24,7348.30128,0,525.50568,75.0573796,0.0215,CL,ANP2.2,
5800,DC6-D-2,D,2,6,43091.24,12929.12832,0,914.4,76.4978228,0.022110048,CL,ANP2.2,
5801,DC6-D-2,D,2,7,43091.24,24569.83656,0,1676.4,79.4301536,0.023370813,CL,ANP2.2,
5802,DC6-D-2,D,2,8,43091.24,34629.05952,0,2286.0,81.8994848,0.024452153,CL,ANP2.2,
5803,DC6-D-2,D,2,9,43091.24,48276.54048,0,3048.0,85.140482,0.025894737,CL,ANP2.2,
5804,DC6-D-3,D,3,1,47627.16,0.0,0,0.0,0.0,0.023076555,TO,ANP2.2,
5805,DC6-D-3,D,3,2,47627.16,1619.61576,0,0.0,71.3019384,0.023076555,TO,ANP2.2,
5806,DC6-D-3,D,3,3,47627.16,8119.99392,0,457.2,72.8967148,0.023839713,TO,ANP2.2,
5807,DC6-D-3,D,3,4,47627.16,9436.9128,0,503.59056,78.1440436,0.022368421,CL,ANP2.2,
5808,DC6-D-3,D,3,5,47627.16,9741.7128,0,518.86104,78.195488,0.020624402,CL,ANP2.2,
5809,DC6-D-3,D,3,6,47627.16,17643.37848,0,914.4,79.6873756,0.021220096,CL,ANP2.2,
5810,DC6-D-3,D,3,7,47627.16,34066.18536,0,1676.4,82.7740396,0.022430622,CL,ANP2.2,
5811,DC6-D-3,D,3,8,47627.16,48514.254,0,2286.0,85.3462596,0.023466507,CL,ANP2.2,
5812,DC6-D-3,D,3,9,47627.16,68532.99984,0,3048.0,88.6901456,0.024851675,CL,ANP2.2,
5813,DC850-A-1,A,1,1,83914.52,-34895.57664,0,1828.8,139.928768,0.028971111,AP,ANP2.2,
5814,DC850-A-1,A,1,2,83914.52,-17752.58832,0,930.37152,89.7190336,0.025952222,AP,ANP2.2,
5815,DC850-A-1,A,1,3,83914.52,-17447.78832,0,914.4,88.5872568,0.079144444,AP,ANP2.2,
5816,DC850-A-1,A,1,4,83914.52,-9028.69416,0,473.17152,80.2018196,0.075045556,AP,ANP2.2,
5817,DC850-A-1,A,1,5,83914.52,-8723.89416,0,457.2,79.8931532,0.251400556,AP,ANP2.2,
5818,DC850-A-1,A,1,6,83914.52,-6120.71928,0,320.77152,76.0862676,0.247329444,AP,ANP2.2,
5819,DC850-A-1,A,1,7,83914.52,-5815.91928,0,304.8,75.623268,0.307333333,AP,ANP2.2,
5820,DC850-A-1,A,1,8,83914.52,-304.8,0,15.97152,74.59438,0.296945,AP,ANP2.2,
5821,DC850-A-1,A,1,9,83914.52,0.0,0,0.0,74.5429356,0.296416111,AP,ANP2.2,
5822,DC850-A-1,A,1,10,83914.52,119.05488,0,0.0,70.6846056,0.4,AP,ANP2.2,
5823,DC850-A-1,A,1,11,83914.52,1071.49392,0,0.0,15.3304312,0.1,AP,ANP2.2,
5824,DC850-D-1,D,1,1,83914.52,0.0,0,0.0,0.0,0.870486111,TO,ANP2.2,
5825,DC850-D-1,D,1,2,83914.52,907.8468,0,0.0,71.1990496,0.824921111,TO,ANP2.2,
5826,DC850-D-1,D,1,3,83914.52,2221.65672,0,304.8,72.2279376,0.823757222,TO,ANP2.2,
5827,DC850-D-1,D,1,4,83914.52,2823.27096,0,399.31848,77.7324884,0.820162222,CL,ANP2.2,
5828,DC850-D-1,D,1,5,83914.52,3512.14944,0,472.44,88.484368,0.813335,CL,ANP2.2,
5829,DC850-D-1,D,1,6,83914.52,3611.45328,0,492.16056,88.5872568,0.736317222,CL,ANP2.2,
5830,DC850-D-1,D,1,7,83914.52,4205.0208,0,511.88112,99.1333588,0.729961111,CL,ANP2.2,
5831,DC850-D-1,D,1,8,83914.52,6143.06112,0,914.4,101.088246,0.728513889,CL,ANP2.2,
5832,DC850-D-1,D,1,9,83914.52,8740.2924,0,1031.10792,134.527106,0.708928333,CL,ANP2.2,
5833,DC850-D-1,D,1,10,83914.52,12571.50648,0,1676.4,138.8484356,0.706658333,CL,ANP2.2,
5834,DC850-D-1,D,1,11,83914.52,16618.27512,0,2286.0,143.1697652,0.70456,CL,ANP2.2,
5835,DC850-D-1,D,1,12,83914.52,22362.2616,0,3048.0,148.8286492,0.702,CL,ANP2.2,
5836,DC850-D-2,D,2,1,88450.44,0.0,0,0.0,0.0,0.870486111,TO,ANP2.2,
5837,DC850-D-2,D,2,2,88450.44,1010.13768,0,0.0,73.1024924,0.823705556,TO,ANP2.2,
5838,DC850-D-2,D,2,3,88450.44,2434.2852,0,304.8,74.1828248,0.822542222,TO,ANP2.2,
5839,DC850-D-2,D,2,4,88450.44,3120.57288,0,404.25624,79.8417088,0.818833333,CL,ANP2.2,
5840,DC850-D-2,D,2,5,88450.44,3878.7324,0,478.62744,90.5935884,0.812001667,CL,ANP2.2,
5841,DC850-D-2,D,2,6,88450.44,3997.97016,0,500.4816,90.6964772,0.73503,CL,ANP2.2,
5842,DC850-D-2,D,2,7,88450.44,4663.68384,0,522.30528,101.2940236,0.728666111,CL,ANP2.2,
5843,DC850-D-2,D,2,8,88450.44,6697.3704,0,914.4,103.2489108,0.727256667,CL,ANP2.2,
5844,DC850-D-2,D,2,9,88450.44,9382.74984,0,1034.12544,134.527106,0.708917778,CL,ANP2.2,
5845,DC850-D-2,D,2,10,88450.44,13484.9616,0,1676.4,138.8484356,0.706658333,CL,ANP2.2,
5846,DC850-D-2,D,2,11,88450.44,17845.03416,0,2286.0,143.1697652,0.70456,CL,ANP2.2,
5847,DC850-D-2,D,2,12,88450.44,24048.75048,0,3048.0,148.8286492,0.702,CL,ANP2.2,
5848,DC850-D-3,D,3,1,95254.32,0.0,0,0.0,0.0,0.870486111,TO,ANP2.2,
5849,DC850-D-3,D,3,2,95254.32,1174.02864,0,0.0,75.88049,0.821939444,TO,ANP2.2,
5850,DC850-D-3,D,3,3,95254.32,2773.31424,0,304.8,76.9608224,0.820776111,TO,ANP2.2,
5851,DC850-D-3,D,3,4,95254.32,3539.97768,0,403.98192,82.4653732,0.817196667,CL,ANP2.2,
5852,DC850-D-3,D,3,5,95254.32,4405.85352,0,480.15144,93.2172528,0.810358333,CL,ANP2.2,
5853,DC850-D-3,D,3,6,95254.32,4561.36248,0,505.54128,93.371586,0.733440556,CL,ANP2.2,
5854,DC850-D-3,D,3,7,95254.32,5344.42416,0,530.9616,103.9691324,0.727063333,CL,ANP2.2,
5855,DC850-D-3,D,3,8,95254.32,7554.468,0,914.4,105.9240196,0.725685556,CL,ANP2.2,
5856,DC850-D-3,D,3,9,95254.32,10394.07624,0,1039.76424,134.5785504,0.708897778,CL,ANP2.2,
5857,DC850-D-3,D,3,10,95254.32,14910.054,0,1676.4,138.8484356,0.706658333,CL,ANP2.2,
5858,DC850-D-3,D,3,11,95254.32,19764.1464,0,2286.0,143.1697652,0.70456,CL,ANP2.2,
5859,DC850-D-3,D,3,12,95254.32,26698.28544,0,3048.0,148.8286492,0.702,CL,ANP2.2,
5860,DC850-D-4,D,4,1,104326.16,0.0,0,0.0,0.0,0.870486111,TO,ANP2.2,
5861,DC850-D-4,D,4,2,104326.16,1412.1384,0,0.0,79.3787092,0.819680556,TO,ANP2.2,
5862,DC850-D-4,D,4,3,104326.16,3265.26144,0,304.8,80.5619304,0.818516667,TO,ANP2.2,
5863,DC850-D-4,D,4,4,104326.16,4206.75816,0,410.01696,86.1179256,0.814881111,CL,ANP2.2,
5864,DC850-D-4,D,4,5,104326.16,5234.66568,0,488.41152,96.9212496,0.808034444,CL,ANP2.2,
5865,DC850-D-4,D,4,6,104326.16,5469.91032,0,519.59256,97.0755828,0.73119,CL,ANP2.2,
5866,DC850-D-4,D,4,7,104326.16,6429.84744,0,550.74312,107.7245736,0.724792222,CL,ANP2.2,
5867,DC850-D-4,D,4,8,104326.16,8980.71864,0,914.4,109.6794608,0.723485556,CL,ANP2.2,
5868,DC850-D-4,D,4,9,104326.16,11966.2956,0,1044.42768,134.5785504,0.708881111,CL,ANP2.2,
5869,DC850-D-4,D,4,10,104326.16,17083.64376,0,1676.4,138.8484356,0.706658333,CL,ANP2.2,
5870,DC850-D-4,D,4,11,104326.16,22646.30472,0,2286.0,143.1697652,0.70456,CL,ANP2.2,
5871,DC850-D-4,D,4,12,104326.16,30639.59328,0,3048.0,148.8286492,0.702,CL,ANP2.2,
5872,DC850-D-5,D,5,1,115665.96,0.0,0,0.0,0.0,0.870486111,TO,ANP2.2,
5873,DC850-D-5,D,5,2,115665.96,1741.4748,0,0.0,83.59715,0.816990556,TO,ANP2.2,
5874,DC850-D-5,D,5,3,115665.96,3950.48232,0,304.8,84.8318156,0.815827222,TO,ANP2.2,
5875,DC850-D-5,D,5,4,115665.96,5121.82872,0,414.92424,90.3363664,0.812242222,CL,ANP2.2,
5876,DC850-D-5,D,5,5,115665.96,6377.45232,0,495.84864,101.1911348,0.805386111,CL,ANP2.2,
5877,DC850-D-5,D,5,6,115665.96,6682.25232,0,529.77288,101.345468,0.728638889,CL,ANP2.2,
5878,DC850-D-5,D,5,7,115665.96,7998.13488,0,577.01688,112.0973476,0.722183333,CL,ANP2.2,
5879,DC850-D-5,D,5,8,115665.96,10767.42576,0,914.4,113.949346,0.720971667,CL,ANP2.2,
5880,DC850-D-5,D,5,9,115665.96,13893.51552,0,1048.42056,134.6299948,0.708866667,CL,ANP2.2,
5881,DC850-D-5,D,5,10,115665.96,19837.96896,0,1676.4,138.8484356,0.706658333,CL,ANP2.2,
5882,DC850-D-5,D,5,11,115665.96,26378.24544,0,2286.0,143.1697652,0.70456,CL,ANP2.2,
5883,DC850-D-5,D,5,12,115665.96,35855.4528,0,3048.0,148.8286492,0.702,CL,ANP2.2,
5884,DC850-D-6,D,6,1,124737.8,0.0,0,0.0,0.0,0.870486111,TO,ANP2.2,
5885,DC850-D-6,D,6,2,124737.8,2030.45568,0,0.0,86.7867028,0.814932222,TO,ANP2.2,
5886,DC850-D-6,D,6,3,124737.8,4561.24056,0,304.8,88.0728128,0.813768889,TO,ANP2.2,
5887,DC850-D-6,D,6,4,124737.8,6079.998,0,429.28032,94.0403632,0.809895556,CL,ANP2.2,
5888,DC850-D-6,D,6,5,124737.8,7550.74944,0,512.00304,104.8951316,0.803032222,CL,ANP2.2,
5889,DC850-D-6,D,6,6,124737.8,7855.54944,0,541.50768,105.0494648,0.726397222,CL,ANP2.2,
5890,DC850-D-6,D,6,7,124737.8,9656.9784,0,613.83672,115.9556776,0.719850556,CL,ANP2.2,
5891,DC850-D-6,D,6,8,124737.8,12444.03912,0,914.4,117.7047872,0.718771667,CL,ANP2.2,
5892,DC850-D-6,D,6,9,124737.8,15528.76752,0,1044.8544,134.5785504,0.708879444,CL,ANP2.2,
5893,DC850-D-6,D,6,10,124737.8,22260.48888,0,1676.4,138.8484356,0.706658333,CL,ANP2.2,
5894,DC850-D-6,D,6,11,124737.8,29668.56144,0,2286.0,143.1697652,0.70456,CL,ANP2.2,
5895,DC850-D-6,D,6,12,124737.8,40485.27336,0,3048.0,148.8286492,0.702,CL,ANP2.2,
5896,DC860-A-1,A,1,1,99790.24,-34895.57664,0,1828.8,139.928768,0.009667895,AP,ANP2.2,
5897,DC860-A-1,A,1,2,99790.24,-17752.58832,0,930.37152,87.6098132,0.00866,AP,ANP2.2,
5898,DC860-A-1,A,1,3,99790.24,-17447.78832,0,914.4,86.3751476,0.076082632,AP,ANP2.2,
5899,DC860-A-1,A,1,4,99790.24,-9028.69416,0,473.17152,81.6422628,0.072142105,AP,ANP2.2,
5900,DC860-A-1,A,1,5,99790.24,-8723.89416,0,457.2,81.4879296,0.230810526,AP,ANP2.2,
5901,DC860-A-1,A,1,6,99790.24,-6120.71928,0,320.77152,78.967154,0.227072632,AP,ANP2.2,
5902,DC860-A-1,A,1,7,99790.24,-5815.91928,0,304.8,78.6584876,0.271180526,AP,ANP2.2,
5903,DC860-A-1,A,1,8,99790.24,-304.8,0,15.97152,77.5781552,0.262013684,AP,ANP2.2,
5904,DC860-A-1,A,1,9,99790.24,0.0,0,0.0,77.5267108,0.261552632,AP,ANP2.2,
5905,DC860-A-1,A,1,10,99790.24,116.586,0,0.0,73.565492,0.4,AP,ANP2.2,
5906,DC860-A-1,A,1,11,99790.24,1049.274,0,0.0,15.3304312,0.1,AP,ANP2.2,
5907,DC860-D-1,D,1,1,99790.24,0.0,0,0.0,0.0,0.881010526,TO,ANP2.2,
5908,DC860-D-1,D,1,2,99790.24,1121.32872,0,0.0,76.8579336,0.841981053,TO,ANP2.2,
5909,DC860-D-1,D,1,3,99790.24,2642.89032,0,304.8,77.9897104,0.841057368,TO,ANP2.2,
5910,DC860-D-1,D,1,4,99790.24,3391.32672,0,406.57272,83.4942612,0.838185789,CL,ANP2.2,
5911,DC860-D-1,D,1,5,99790.24,4210.6596,0,482.37648,94.2975852,0.832758947,CL,ANP2.2,
5912,DC860-D-1,D,1,6,99790.24,4345.8384,0,505.72416,94.400474,0.74801,CL,ANP2.2,
5913,DC860-D-1,D,1,7,99790.24,5081.778,0,529.04136,104.9980204,0.740293158,CL,ANP2.2,
5914,DC860-D-1,D,1,8,99790.24,7160.3616,0,914.4,107.004352,0.738614737,CL,ANP2.2,
5915,DC860-D-1,D,1,9,99790.24,9663.31824,0,1024.52424,134.4756616,0.719102632,CL,ANP2.2,
5916,DC860-D-1,D,1,10,99790.24,13986.63192,0,1676.4,138.8484356,0.716323684,CL,ANP2.2,
5917,DC860-D-1,D,1,11,99790.24,18512.82048,0,2286.0,143.1697652,0.713781053,CL,ANP2.2,
5918,DC860-D-1,D,1,12,99790.24,24943.42992,0,3048.0,148.8286492,0.710679474,CL,ANP2.2,
5919,DC860-D-2,D,2,1,104326.16,0.0,0,0.0,0.0,0.881010526,TO,ANP2.2,
5920,DC860-D-2,D,2,2,104326.16,1226.85048,0,0.0,78.5555988,0.841103684,TO,ANP2.2,
5921,DC860-D-2,D,2,3,104326.16,2858.47536,0,304.8,79.73882,0.84018,TO,ANP2.2,
5922,DC860-D-2,D,2,4,104326.16,3730.1424,0,415.1376,85.654926,0.83712,CL,ANP2.2,
5923,DC860-D-2,D,2,5,104326.16,4621.34712,0,491.9472,96.4068056,0.83169,CL,ANP2.2,
5924,DC860-D-2,D,2,6,104326.16,4790.9988,0,517.58088,96.5611388,0.746435263,CL,ANP2.2,
5925,DC860-D-2,D,2,7,104326.16,5598.2616,0,543.18408,107.1586852,0.738707895,CL,ANP2.2,
5926,DC860-D-2,D,2,8,104326.16,7871.21616,0,914.4,109.1135724,0.737092105,CL,ANP2.2,
5927,DC860-D-2,D,2,9,104326.16,10387.2792,0,1024.24992,134.4756616,0.719103684,CL,ANP2.2,
5928,DC860-D-2,D,2,10,104326.16,14985.58344,0,1676.4,138.8484356,0.716323684,CL,ANP2.2,
5929,DC860-D-2,D,2,11,104326.16,19805.41632,0,2286.0,143.1697652,0.713781053,CL,ANP2.2,
5930,DC860-D-2,D,2,12,104326.16,26667.92736,0,3048.0,148.8286492,0.710679474,CL,ANP2.2,
5931,DC860-D-3,D,3,1,111130.04,0.0,0,0.0,0.0,0.881010526,TO,ANP2.2,
5932,DC860-D-3,D,3,2,111130.04,1394.21616,0,0.0,81.0763744,0.839823158,TO,ANP2.2,
5933,DC860-D-3,D,3,3,111130.04,3200.18664,0,304.8,82.2595956,0.838899474,TO,ANP2.2,
5934,DC860-D-3,D,3,4,111130.04,4110.13656,0,409.31592,87.712702,0.836097368,CL,ANP2.2,
5935,DC860-D-3,D,3,5,111130.04,5105.30856,0,487.55808,98.516026,0.830663684,CL,ANP2.2,
5936,DC860-D-3,D,3,6,111130.04,5319.94872,0,516.91032,98.6703592,0.744914737,CL,ANP2.2,
5937,DC860-D-3,D,3,7,111130.04,6248.61336,0,546.29304,109.31935,0.737171579,CL,ANP2.2,
5938,DC860-D-3,D,3,8,111130.04,8712.28128,0,914.4,111.2742372,0.735568947,CL,ANP2.2,
5939,DC860-D-3,D,3,9,111130.04,11323.50288,0,1027.51128,134.4756616,0.71909,CL,ANP2.2,
5940,DC860-D-3,D,3,10,111130.04,16323.83832,0,1676.4,138.8484356,0.716323684,CL,ANP2.2,
5941,DC860-D-3,D,3,11,111130.04,21603.37056,0,2286.0,143.1697652,0.713781053,CL,ANP2.2,
5942,DC860-D-3,D,3,12,111130.04,29146.3476,0,3048.0,148.8286492,0.710679474,CL,ANP2.2,
5943,DC860-D-4,D,4,1,120201.88,0.0,0,0.0,0.0,0.881010526,TO,ANP2.2,
5944,DC860-D-4,D,4,2,120201.88,1634.30712,0,0.0,84.3173716,0.838174737,TO,ANP2.2,
5945,DC860-D-4,D,4,3,120201.88,3692.13384,0,304.8,85.5520372,0.837251053,TO,ANP2.2,
5946,DC860-D-4,D,4,4,120201.88,4853.94,0,421.81272,91.4166988,0.83424,CL,ANP2.2,
5947,DC860-D-4,D,4,5,120201.88,6011.53992,0,501.67032,102.2200228,0.828801579,CL,ANP2.2,
5948,DC860-D-4,D,4,6,120201.88,6307.6836,0,537.17952,102.4258004,0.742161053,CL,ANP2.2,
5949,DC860-D-4,D,4,7,120201.88,7443.85608,0,572.68872,113.1262356,0.734391053,CL,ANP2.2,
5950,DC860-D-4,D,4,8,120201.88,10013.16768,0,914.4,115.0296784,0.732903684,CL,ANP2.2,
5951,DC860-D-4,D,4,9,120201.88,12596.10384,0,1024.76808,134.4756616,0.719101579,CL,ANP2.2,
5952,DC860-D-4,D,4,10,120201.88,18215.24424,0,1676.4,138.8484356,0.716323684,CL,ANP2.2,
5953,DC860-D-4,D,4,11,120201.88,24146.89608,0,2286.0,143.1697652,0.713781053,CL,ANP2.2,
5954,DC860-D-4,D,4,12,120201.88,32664.0444,0,3048.0,148.8286492,0.710679474,CL,ANP2.2,
5955,DC860-D-5,D,5,1,131541.68,0.0,0,0.0,0.0,0.881010526,TO,ANP2.2,
5956,DC860-D-5,D,5,2,131541.68,1961.81472,0,0.0,88.227146,0.8362,TO,ANP2.2,
5957,DC860-D-5,D,5,3,131541.68,4370.832,0,304.8,89.513256,0.835276316,TO,ANP2.2,
5958,DC860-D-5,D,5,4,131541.68,5729.11224,0,422.05656,95.0692512,0.83242,CL,ANP2.2,
5959,DC860-D-5,D,5,5,131541.68,7101.44376,0,503.59056,105.9240196,0.826975789,CL,ANP2.2,
5960,DC860-D-5,D,5,6,131541.68,7406.24376,0,534.86304,106.0783528,0.739506316,CL,ANP2.2,
5961,DC860-D-5,D,5,7,131541.68,8991.84384,0,594.17712,116.9331212,0.731631579,CL,ANP2.2,
5962,DC860-D-5,D,5,8,131541.68,11750.98488,0,914.4,118.7851196,0.730238947,CL,ANP2.2,
5963,DC860-D-5,D,5,9,131541.68,14303.8068,0,1021.9944,134.4242172,0.719113684,CL,ANP2.2,
5964,DC860-D-5,D,5,10,131541.68,20754.10632,0,1676.4,138.8484356,0.716323684,CL,ANP2.2,
5965,DC860-D-5,D,5,11,131541.68,27571.47648,0,2286.0,143.1697652,0.713781053,CL,ANP2.2,
5966,DC860-D-5,D,5,12,131541.68,37428.73896,0,3048.0,148.8286492,0.710679474,CL,ANP2.2,
5967,DC860-D-6,D,6,1,138345.56,0.0,0,0.0,0.0,0.881010526,TO,ANP2.2,
5968,DC860-D-6,D,6,2,138345.56,2172.94968,0,0.0,90.4906996,0.835055789,TO,ANP2.2,
5969,DC860-D-6,D,6,3,138345.56,4815.3828,0,304.8,91.828254,0.834132105,TO,ANP2.2,
5970,DC860-D-6,D,6,4,138345.56,6457.09656,0,433.85232,97.74436,0.831084737,CL,ANP2.2,
5971,DC860-D-6,D,6,5,138345.56,7981.70616,0,516.39216,108.5991284,0.825637895,CL,ANP2.2,
5972,DC860-D-6,D,6,6,138345.56,8286.50616,0,544.79952,108.7534616,0.737558947,CL,ANP2.2,
5973,DC860-D-6,D,6,7,138345.56,10249.8144,0,622.46256,119.7111188,0.729604211,CL,ANP2.2,
5974,DC860-D-6,D,6,8,138345.56,12976.92096,0,914.4,121.4602284,0.728335263,CL,ANP2.2,
5975,DC860-D-6,D,6,9,138345.56,15361.43232,0,1013.94768,134.3727728,0.719148421,CL,ANP2.2,
5976,DC860-D-6,D,6,10,138345.56,22410.96864,0,1676.4,138.8484356,0.716323684,CL,ANP2.2,
5977,DC860-D-6,D,6,11,138345.56,29802.06384,0,2286.0,143.1697652,0.713781053,CL,ANP2.2,
5978,DC860-D-6,D,6,12,138345.56,40538.06472,0,3048.0,148.8286492,0.710679474,CL,ANP2.2,
5979,DC860-D-7,D,7,1,147417.4,0.0,0,0.0,0.0,0.881010526,TO,ANP2.2,
5980,DC860-D-7,D,7,2,147417.4,2471.6232,0,0.0,93.371586,0.833572632,TO,ANP2.2,
5981,DC860-D-7,D,7,3,147417.4,5456.43816,0,304.8,94.7605848,0.832648947,TO,ANP2.2,
5982,DC860-D-7,D,7,4,147417.4,7270.82112,0,431.53584,100.31658,0.829791579,CL,ANP2.2,
5983,DC860-D-7,D,7,5,147417.4,8996.11104,0,514.8072,111.2227928,0.824342632,CL,ANP2.2,
5984,DC860-D-7,D,7,6,147417.4,9300.91104,0,540.04464,111.377126,0.735675789,CL,ANP2.2,
5985,DC860-D-7,D,7,7,147417.4,11583.43632,0,621.27384,122.3347832,0.727705789,CL,ANP2.2,
5986,DC860-D-7,D,7,8,147417.4,14609.76504,0,914.4,124.1353372,0.726431579,CL,ANP2.2,
5987,DC860-D-7,D,7,9,147417.4,16660.5204,0,990.72192,134.2184396,0.719248421,CL,ANP2.2,
5988,DC860-D-7,D,7,10,147417.4,24708.03288,0,1676.4,138.8484356,0.716323684,CL,ANP2.2,
5989,DC860-D-7,D,7,11,147417.4,32919.83256,0,2286.0,143.1697652,0.713781053,CL,ANP2.2,
5990,DC860-D-7,D,7,12,147417.4,44927.52,0,3048.0,148.8286492,0.710679474,CL,ANP2.2,
5991,DC870-A-1,A,1,1,99790.24,-34895.57664,0,1828.8,139.928768,0.007833182,AP,ANP2.2,
5992,DC870-A-1,A,1,2,99790.24,-17752.58832,0,930.37152,90.284922,0.007016364,AP,ANP2.2,
5993,DC870-A-1,A,1,3,99790.24,-17447.78832,0,914.4,89.1531452,0.061646364,AP,ANP2.2,
5994,DC870-A-1,A,1,4,99790.24,-9028.69416,0,473.17152,79.2758204,0.058453636,AP,ANP2.2,
5995,DC870-A-1,A,1,5,99790.24,-8723.89416,0,457.2,78.9157096,0.187012727,AP,ANP2.2,
5996,DC870-A-1,A,1,6,99790.24,-6120.71928,0,320.77152,76.4978228,0.183984091,AP,ANP2.2,
5997,DC870-A-1,A,1,7,99790.24,-5815.91928,0,304.8,76.1891564,0.219722273,AP,ANP2.2,
5998,DC870-A-1,A,1,8,99790.24,-304.8,0,15.97152,75.1602684,0.212295455,AP,ANP2.2,
5999,DC870-A-1,A,1,9,99790.24,0.0,0,0.0,75.108824,0.211922727,AP,ANP2.2,
6000,DC870-A-1,A,1,10,99790.24,149.23008,0,0.0,71.250494,0.4,AP,ANP2.2,
6001,DC870-A-1,A,1,11,99790.24,1343.07072,0,0.0,15.3304312,0.1,AP,ANP2.2,
6002,DC870-D-1,D,1,1,99790.24,0.0,0,0.0,0.0,0.944274091,TO,ANP2.2,
6003,DC870-D-1,D,1,2,99790.24,1014.984,0,0.0,76.8579336,0.803355,TO,ANP2.2,
6004,DC870-D-1,D,1,3,99790.24,2312.57856,0,304.8,77.9897104,0.813232273,TO,ANP2.2,
6005,DC870-D-1,D,1,4,99790.24,2945.34336,0,405.50592,83.4942612,0.807233182,CL,ANP2.2,
6006,DC870-D-1,D,1,5,99790.24,3674.12016,0,484.41864,94.2975852,0.791017727,CL,ANP2.2,
6007,DC870-D-1,D,1,6,99790.24,3767.9376,0,503.2248,94.400474,0.72526,CL,ANP2.2,
6008,DC870-D-1,D,1,7,99790.24,4376.10504,0,522.06144,104.946576,0.709537273,CL,ANP2.2,
6009,DC870-D-1,D,1,8,99790.24,6195.91344,0,914.4,107.004352,0.721200455,CL,ANP2.2,
6010,DC870-D-1,D,1,9,99790.24,8269.04112,0,1005.6876,134.3213284,0.683209091,CL,ANP2.2,
6011,DC870-D-1,D,1,10,99790.24,12088.30704,0,1676.4,138.8484356,0.703146818,CL,ANP2.2,
6012,DC870-D-1,D,1,11,99790.24,15808.97016,0,2286.0,143.1697652,0.721267727,CL,ANP2.2,
6013,DC870-D-1,D,1,12,99790.24,20838.32256,0,3048.0,148.8286492,0.743919091,CL,ANP2.2,
6014,DC870-D-2,D,2,1,104326.16,0.0,0,0.0,0.0,0.944274091,TO,ANP2.2,
6015,DC870-D-2,D,2,2,104326.16,1113.7392,0,0.0,78.5555988,0.800187727,TO,ANP2.2,
6016,DC870-D-2,D,2,3,104326.16,2507.95536,0,304.8,79.73882,0.810065,TO,ANP2.2,
6017,DC870-D-2,D,2,4,104326.16,3243.89496,0,413.67456,85.6034816,0.803742727,CL,ANP2.2,
6018,DC870-D-2,D,2,5,104326.16,4037.56368,0,493.56264,96.45825,0.787559091,CL,ANP2.2,
6019,DC870-D-2,D,2,6,104326.16,4154.82024,0,514.10616,96.5096944,0.722326818,CL,ANP2.2,
6020,DC870-D-2,D,2,7,104326.16,4820.7168,0,534.64968,107.1586852,0.706655455,CL,ANP2.2,
6021,DC870-D-2,D,2,8,104326.16,6824.28912,0,914.4,109.1135724,0.717944091,CL,ANP2.2,
6022,DC870-D-2,D,2,9,104326.16,8899.82472,0,1005.078,134.3213284,0.683191364,CL,ANP2.2,
6023,DC870-D-2,D,2,10,104326.16,12956.71272,0,1676.4,138.8484356,0.703146818,CL,ANP2.2,
6024,DC870-D-2,D,2,11,104326.16,16908.41424,0,2286.0,143.1697652,0.721267727,CL,ANP2.2,
6025,DC870-D-2,D,2,12,104326.16,22255.15488,0,3048.0,148.8286492,0.743919091,CL,ANP2.2,
6026,DC870-D-3,D,3,1,111130.04,0.0,0,0.0,0.0,0.944274091,TO,ANP2.2,
6027,DC870-D-3,D,3,2,111130.04,1271.07696,0,0.0,81.0763744,0.795563636,TO,ANP2.2,
6028,DC870-D-3,D,3,3,111130.04,2818.36368,0,304.8,82.2595956,0.805440909,TO,ANP2.2,
6029,DC870-D-3,D,3,4,111130.04,3583.19832,0,407.18232,87.6612576,0.799778182,CL,ANP2.2,
6030,DC870-D-3,D,3,5,111130.04,4470.22728,0,488.41152,98.516026,0.783637273,CL,ANP2.2,
6031,DC870-D-3,D,3,6,111130.04,4617.1104,0,511.72872,98.6189148,0.718999545,CL,ANP2.2,
6032,DC870-D-3,D,3,7,111130.04,5377.79976,0,535.04592,109.2164612,0.703411364,CL,ANP2.2,
6033,DC870-D-3,D,3,8,111130.04,7567.33056,0,914.4,111.2742372,0.714687727,CL,ANP2.2,
6034,DC870-D-3,D,3,9,111130.04,9704.19192,0,1007.02872,134.3727728,0.683249091,CL,ANP2.2,
6035,DC870-D-3,D,3,10,111130.04,14111.59992,0,1676.4,138.8484356,0.703146818,CL,ANP2.2,
6036,DC870-D-3,D,3,11,111130.04,18422.02056,0,2286.0,143.1697652,0.721267727,CL,ANP2.2,
6037,DC870-D-3,D,3,12,111130.04,24263.05536,0,3048.0,148.8286492,0.743919091,CL,ANP2.2,
6038,DC870-D-4,D,4,1,120201.88,0.0,0,0.0,0.0,0.944274091,TO,ANP2.2,
6039,DC870-D-4,D,4,2,120201.88,1498.2444,0,0.0,84.3173716,0.789612727,TO,ANP2.2,
6040,DC870-D-4,D,4,3,120201.88,3266.57208,0,304.8,85.5520372,0.79949,TO,ANP2.2,
6041,DC870-D-4,D,4,4,120201.88,4239.28032,0,418.6428,91.3652544,0.793579091,CL,ANP2.2,
6042,DC870-D-4,D,4,5,120201.88,5274.83832,0,501.67032,102.2200228,0.777496364,CL,ANP2.2,
6043,DC870-D-4,D,4,6,120201.88,5474.32992,0,529.4376,102.374356,0.713827273,CL,ANP2.2,
6044,DC870-D-4,D,4,7,120201.88,6394.58208,0,557.20488,113.0233468,0.698371364,CL,ANP2.2,
6045,DC870-D-4,D,4,8,120201.88,8714.17104,0,914.4,115.0296784,0.708989091,CL,ANP2.2,
6046,DC870-D-4,D,4,9,120201.88,10806.19632,0,1003.8588,134.3213284,0.683155,CL,ANP2.2,
6047,DC870-D-4,D,4,10,120201.88,15741.27408,0,1676.4,138.8484356,0.703146818,CL,ANP2.2,
6048,DC870-D-4,D,4,11,120201.88,20554.40136,0,2286.0,143.1697652,0.721267727,CL,ANP2.2,
6049,DC870-D-4,D,4,12,120201.88,27091.386,0,3048.0,148.8286492,0.743919091,CL,ANP2.2,
6050,DC870-D-5,D,5,1,131541.68,0.0,0,0.0,0.0,0.944274091,TO,ANP2.2,
6051,DC870-D-5,D,5,2,131541.68,1810.60344,0,0.0,88.227146,0.782481818,TO,ANP2.2,
6052,DC870-D-5,D,5,3,131541.68,3887.14488,0,304.8,89.513256,0.792359091,TO,ANP2.2,
6053,DC870-D-5,D,5,4,131541.68,5017.52616,0,417.85032,95.0178068,0.786982727,CL,ANP2.2,
6054,DC870-D-5,D,5,5,131541.68,6248.8572,0,502.58472,105.9240196,0.770955455,CL,ANP2.2,
6055,DC870-D-5,D,5,6,131541.68,6538.53912,0,537.14904,106.0783528,0.708357727,CL,ANP2.2,
6056,DC870-D-5,D,5,7,131541.68,7690.43928,0,571.71336,116.778788,0.693103636,CL,ANP2.2,
6057,DC870-D-5,D,5,8,131541.68,10241.95056,0,914.4,118.7851196,0.703290455,CL,ANP2.2,
6058,DC870-D-5,D,5,9,131541.68,12276.1248,0,1000.2012,134.3213284,0.683045909,CL,ANP2.2,
6059,DC870-D-5,D,5,10,131541.68,17915.29056,0,1676.4,138.8484356,0.703146818,CL,ANP2.2,
6060,DC870-D-5,D,5,11,131541.68,23400.13608,0,2286.0,143.1697652,0.721267727,CL,ANP2.2,
6061,DC870-D-5,D,5,12,131541.68,30872.7348,0,3048.0,148.8286492,0.743919091,CL,ANP2.2,
6062,DC870-D-6,D,6,1,138345.56,0.0,0,0.0,0.0,0.944274091,TO,ANP2.2,
6063,DC870-D-6,D,6,2,138345.56,2013.3564,0,0.0,90.4906996,0.77835,TO,ANP2.2,
6064,DC870-D-6,D,6,3,138345.56,4294.75392,0,304.8,91.828254,0.788227273,TO,ANP2.2,
6065,DC870-D-6,D,6,4,138345.56,5654.55816,0,428.33544,97.6929156,0.78263,CL,ANP2.2,
6066,DC870-D-6,D,6,5,138345.56,7024.90848,0,514.10616,108.5991284,0.766635909,CL,ANP2.2,
6067,DC870-D-6,D,6,6,138345.56,7329.70848,0,547.23792,108.7534616,0.704587273,CL,ANP2.2,
6068,DC870-D-6,D,6,7,138345.56,8720.14512,0,593.4456,119.5567856,0.689679545,CL,ANP2.2,
6069,DC870-D-6,D,6,8,138345.56,11311.34136,0,914.4,121.4602284,0.69922,CL,ANP2.2,
6070,DC870-D-6,D,6,9,138345.56,13192.2012,0,992.94696,134.269884,0.682831364,CL,ANP2.2,
6071,DC870-D-6,D,6,10,138345.56,19324.32,0,1676.4,138.8484356,0.703146818,CL,ANP2.2,
6072,DC870-D-6,D,6,11,138345.56,25237.71432,0,2286.0,143.1697652,0.721267727,CL,ANP2.2,
6073,DC870-D-6,D,6,12,138345.56,33310.55568,0,3048.0,148.8286492,0.743919091,CL,ANP2.2,
6074,DC870-D-7,D,7,1,147417.4,0.0,0,0.0,0.0,0.944274091,TO,ANP2.2,
6075,DC870-D-7,D,7,2,147417.4,2301.88008,0,0.0,93.371586,0.772996364,TO,ANP2.2,
6076,DC870-D-7,D,7,3,147417.4,4883.8104,0,304.8,94.7605848,0.782873636,TO,ANP2.2,
6077,DC870-D-7,D,7,4,147417.4,6376.05024,0,424.98264,100.31658,0.777828182,CL,ANP2.2,
6078,DC870-D-7,D,7,5,147417.4,7930.77408,0,511.57632,111.2227928,0.761861364,CL,ANP2.2,
6079,DC870-D-7,D,7,6,147417.4,8235.57408,0,541.02,111.377126,0.700332273,CL,ANP2.2,
6080,DC870-D-7,D,7,7,147417.4,10023.53088,0,607.314,122.2833388,0.686021364,CL,ANP2.2,
6081,DC870-D-7,D,7,8,147417.4,12767.7672,0,914.4,124.1353372,0.695149545,CL,ANP2.2,
6082,DC870-D-7,D,7,9,147417.4,14487.57072,0,985.54032,134.2184396,0.682610455,CL,ANP2.2,
6083,DC870-D-7,D,7,10,147417.4,21300.6432,0,1676.4,138.8484356,0.703146818,CL,ANP2.2,
6084,DC870-D-7,D,7,11,147417.4,27818.21208,0,2286.0,143.1697652,0.721267727,CL,ANP2.2,
6085,DC870-D-7,D,7,12,147417.4,36741.9636,0,3048.0,148.8286492,0.743919091,CL,ANP2.2,
6086,DC8QN-D-1,D,1,1,99790.24,0.0,0,0.0,0.0,0.881010526,TO,ANP2.2,
6087,DC8QN-D-1,D,1,2,99790.24,1121.32872,0,0.0,76.8579336,0.841981053,TO,ANP2.2,
6088,DC8QN-D-1,D,1,3,99790.24,2642.89032,0,304.8,77.9897104,0.841057368,TO,ANP2.2,
6089,DC8QN-D-1,D,1,4,99790.24,3391.32672,0,406.57272,83.4942612,0.838185789,CL,ANP2.2,
6090,DC8QN-D-1,D,1,5,99790.24,4210.6596,0,482.37648,94.2975852,0.832758947,CL,ANP2.2,
6091,DC8QN-D-1,D,1,6,99790.24,4345.8384,0,505.72416,94.400474,0.74801,CL,ANP2.2,
6092,DC8QN-D-1,D,1,7,99790.24,5081.778,0,529.04136,104.9980204,0.740293158,CL,ANP2.2,
6093,DC8QN-D-1,D,1,8,99790.24,7160.3616,0,914.4,107.004352,0.738614737,CL,ANP2.2,
6094,DC8QN-D-1,D,1,9,99790.24,9663.31824,0,1024.52424,134.4756616,0.719102632,CL,ANP2.2,
6095,DC8QN-D-1,D,1,10,99790.24,13986.63192,0,1676.4,138.8484356,0.716323684,CL,ANP2.2,
6096,DC8QN-D-1,D,1,11,99790.24,18512.82048,0,2286.0,143.1697652,0.713781053,CL,ANP2.2,
6097,DC8QN-D-1,D,1,12,99790.24,24943.42992,0,3048.0,148.8286492,0.710679474,CL,ANP2.2,
6098,DC8QN-D-2,D,2,1,104326.16,0.0,0,0.0,0.0,0.881010526,TO,ANP2.2,
6099,DC8QN-D-2,D,2,2,104326.16,1226.85048,0,0.0,78.5555988,0.841103684,TO,ANP2.2,
6100,DC8QN-D-2,D,2,3,104326.16,2858.47536,0,304.8,79.73882,0.84018,TO,ANP2.2,
6101,DC8QN-D-2,D,2,4,104326.16,3730.1424,0,415.1376,85.654926,0.83712,CL,ANP2.2,
6102,DC8QN-D-2,D,2,5,104326.16,4621.34712,0,491.9472,96.4068056,0.83169,CL,ANP2.2,
6103,DC8QN-D-2,D,2,6,104326.16,4790.9988,0,517.58088,96.5611388,0.746435263,CL,ANP2.2,
6104,DC8QN-D-2,D,2,7,104326.16,5598.2616,0,543.18408,107.1586852,0.738707895,CL,ANP2.2,
6105,DC8QN-D-2,D,2,8,104326.16,7871.21616,0,914.4,109.1135724,0.737092105,CL,ANP2.2,
6106,DC8QN-D-2,D,2,9,104326.16,10387.2792,0,1024.24992,134.4756616,0.719103684,CL,ANP2.2,
6107,DC8QN-D-2,D,2,10,104326.16,14985.58344,0,1676.4,138.8484356,0.716323684,CL,ANP2.2,
6108,DC8QN-D-2,D,2,11,104326.16,19805.41632,0,2286.0,143.1697652,0.713781053,CL,ANP2.2,
6109,DC8QN-D-2,D,2,12,104326.16,26667.92736,0,3048.0,148.8286492,0.710679474,CL,ANP2.2,
6110,DC8QN-D-3,D,3,1,111130.04,0.0,0,0.0,0.0,0.881010526,TO,ANP2.2,
6111,DC8QN-D-3,D,3,2,111130.04,1394.21616,0,0.0,81.0763744,0.839823158,TO,ANP2.2,
6112,DC8QN-D-3,D,3,3,111130.04,3200.18664,0,304.8,82.2595956,0.838899474,TO,ANP2.2,
6113,DC8QN-D-3,D,3,4,111130.04,4110.13656,0,409.31592,87.712702,0.836097368,CL,ANP2.2,
6114,DC8QN-D-3,D,3,5,111130.04,5105.30856,0,487.55808,98.516026,0.830663684,CL,ANP2.2,
6115,DC8QN-D-3,D,3,6,111130.04,5319.94872,0,516.91032,98.6703592,0.744914737,CL,ANP2.2,
6116,DC8QN-D-3,D,3,7,111130.04,6248.61336,0,546.29304,109.31935,0.737171579,CL,ANP2.2,
6117,DC8QN-D-3,D,3,8,111130.04,8712.28128,0,914.4,111.2742372,0.735568947,CL,ANP2.2,
6118,DC8QN-D-3,D,3,9,111130.04,11323.50288,0,1027.51128,134.4756616,0.71909,CL,ANP2.2,
6119,DC8QN-D-3,D,3,10,111130.04,16323.83832,0,1676.4,138.8484356,0.716323684,CL,ANP2.2,
6120,DC8QN-D-3,D,3,11,111130.04,21603.37056,0,2286.0,143.1697652,0.713781053,CL,ANP2.2,
6121,DC8QN-D-3,D,3,12,111130.04,29146.3476,0,3048.0,148.8286492,0.710679474,CL,ANP2.2,
6122,DC8QN-D-4,D,4,1,120201.88,0.0,0,0.0,0.0,0.881010526,TO,ANP2.2,
6123,DC8QN-D-4,D,4,2,120201.88,1634.30712,0,0.0,84.3173716,0.838174737,TO,ANP2.2,
6124,DC8QN-D-4,D,4,3,120201.88,3692.13384,0,304.8,85.5520372,0.837251053,TO,ANP2.2,
6125,DC8QN-D-4,D,4,4,120201.88,4853.94,0,421.81272,91.4166988,0.83424,CL,ANP2.2,
6126,DC8QN-D-4,D,4,5,120201.88,6011.53992,0,501.67032,102.2200228,0.828801579,CL,ANP2.2,
6127,DC8QN-D-4,D,4,6,120201.88,6307.6836,0,537.17952,102.4258004,0.742161053,CL,ANP2.2,
6128,DC8QN-D-4,D,4,7,120201.88,7443.85608,0,572.68872,113.1262356,0.734391053,CL,ANP2.2,
6129,DC8QN-D-4,D,4,8,120201.88,10013.16768,0,914.4,115.0296784,0.732903684,CL,ANP2.2,
6130,DC8QN-D-4,D,4,9,120201.88,12596.10384,0,1024.76808,134.4756616,0.719101579,CL,ANP2.2,
6131,DC8QN-D-4,D,4,10,120201.88,18215.24424,0,1676.4,138.8484356,0.716323684,CL,ANP2.2,
6132,DC8QN-D-4,D,4,11,120201.88,24146.89608,0,2286.0,143.1697652,0.713781053,CL,ANP2.2,
6133,DC8QN-D-4,D,4,12,120201.88,32664.0444,0,3048.0,148.8286492,0.710679474,CL,ANP2.2,
6134,DC8QN-D-5,D,5,1,131541.68,0.0,0,0.0,0.0,0.881010526,TO,ANP2.2,
6135,DC8QN-D-5,D,5,2,131541.68,1961.81472,0,0.0,88.227146,0.8362,TO,ANP2.2,
6136,DC8QN-D-5,D,5,3,131541.68,4370.832,0,304.8,89.513256,0.835276316,TO,ANP2.2,
6137,DC8QN-D-5,D,5,4,131541.68,5729.11224,0,422.05656,95.0692512,0.83242,CL,ANP2.2,
6138,DC8QN-D-5,D,5,5,131541.68,7101.44376,0,503.59056,105.9240196,0.826975789,CL,ANP2.2,
6139,DC8QN-D-5,D,5,6,131541.68,7406.24376,0,534.86304,106.0783528,0.739506316,CL,ANP2.2,
6140,DC8QN-D-5,D,5,7,131541.68,8991.84384,0,594.17712,116.9331212,0.731631579,CL,ANP2.2,
6141,DC8QN-D-5,D,5,8,131541.68,11750.98488,0,914.4,118.7851196,0.730238947,CL,ANP2.2,
6142,DC8QN-D-5,D,5,9,131541.68,14303.8068,0,1021.9944,134.4242172,0.719113684,CL,ANP2.2,
6143,DC8QN-D-5,D,5,10,131541.68,20754.10632,0,1676.4,138.8484356,0.716323684,CL,ANP2.2,
6144,DC8QN-D-5,D,5,11,131541.68,27571.47648,0,2286.0,143.1697652,0.713781053,CL,ANP2.2,
6145,DC8QN-D-5,D,5,12,131541.68,37428.73896,0,3048.0,148.8286492,0.710679474,CL,ANP2.2,
6146,DC8QN-D-6,D,6,1,138345.56,0.0,0,0.0,0.0,0.881010526,TO,ANP2.2,
6147,DC8QN-D-6,D,6,2,138345.56,2172.94968,0,0.0,90.4906996,0.835055789,TO,ANP2.2,
6148,DC8QN-D-6,D,6,3,138345.56,4815.3828,0,304.8,91.828254,0.834132105,TO,ANP2.2,
6149,DC8QN-D-6,D,6,4,138345.56,6457.09656,0,433.85232,97.74436,0.831084737,CL,ANP2.2,
6150,DC8QN-D-6,D,6,5,138345.56,7981.70616,0,516.39216,108.5991284,0.825637895,CL,ANP2.2,
6151,DC8QN-D-6,D,6,6,138345.56,8286.50616,0,544.79952,108.7534616,0.737558947,CL,ANP2.2,
6152,DC8QN-D-6,D,6,7,138345.56,10249.8144,0,622.46256,119.7111188,0.729604211,CL,ANP2.2,
6153,DC8QN-D-6,D,6,8,138345.56,12976.92096,0,914.4,121.4602284,0.728335263,CL,ANP2.2,
6154,DC8QN-D-6,D,6,9,138345.56,15361.43232,0,1013.94768,134.3727728,0.719148421,CL,ANP2.2,
6155,DC8QN-D-6,D,6,10,138345.56,22410.96864,0,1676.4,138.8484356,0.716323684,CL,ANP2.2,
6156,DC8QN-D-6,D,6,11,138345.56,29802.06384,0,2286.0,143.1697652,0.713781053,CL,ANP2.2,
6157,DC8QN-D-6,D,6,12,138345.56,40538.06472,0,3048.0,148.8286492,0.710679474,CL,ANP2.2,
6158,DC8QN-D-7,D,7,1,147417.4,0.0,0,0.0,0.0,0.881010526,TO,ANP2.2,
6159,DC8QN-D-7,D,7,2,147417.4,2471.6232,0,0.0,93.371586,0.833572632,TO,ANP2.2,
6160,DC8QN-D-7,D,7,3,147417.4,5456.43816,0,304.8,94.7605848,0.832648947,TO,ANP2.2,
6161,DC8QN-D-7,D,7,4,147417.4,7270.82112,0,431.53584,100.31658,0.829791579,CL,ANP2.2,
6162,DC8QN-D-7,D,7,5,147417.4,8996.11104,0,514.8072,111.2227928,0.824342632,CL,ANP2.2,
6163,DC8QN-D-7,D,7,6,147417.4,9300.91104,0,540.04464,111.377126,0.735675789,CL,ANP2.2,
6164,DC8QN-D-7,D,7,7,147417.4,11583.43632,0,621.27384,122.3347832,0.727705789,CL,ANP2.2,
6165,DC8QN-D-7,D,7,8,147417.4,14609.76504,0,914.4,124.1353372,0.726431579,CL,ANP2.2,
6166,DC8QN-D-7,D,7,9,147417.4,16660.5204,0,990.72192,134.2184396,0.719248421,CL,ANP2.2,
6167,DC8QN-D-7,D,7,10,147417.4,24708.03288,0,1676.4,138.8484356,0.716323684,CL,ANP2.2,
6168,DC8QN-D-7,D,7,11,147417.4,32919.83256,0,2286.0,143.1697652,0.713781053,CL,ANP2.2,
6169,DC8QN-D-7,D,7,12,147417.4,44927.52,0,3048.0,148.8286492,0.710679474,CL,ANP2.2,
6170,DC8QN-A-1,A,1,1,99790.24,-34895.57664,0,1828.8,139.928768,0.009667895,AP,ANP2.2,
6171,DC8QN-A-1,A,1,2,99790.24,-17752.58832,0,930.37152,87.6098132,0.00866,AP,ANP2.2,
6172,DC8QN-A-1,A,1,3,99790.24,-17447.78832,0,914.4,86.3751476,0.076082632,AP,ANP2.2,
6173,DC8QN-A-1,A,1,4,99790.24,-9028.69416,0,473.17152,81.6422628,0.072142105,AP,ANP2.2,
6174,DC8QN-A-1,A,1,5,99790.24,-8723.89416,0,457.2,81.4879296,0.230810526,AP,ANP2.2,
6175,DC8QN-A-1,A,1,6,99790.24,-6120.71928,0,320.77152,78.967154,0.227072632,AP,ANP2.2,
6176,DC8QN-A-1,A,1,7,99790.24,-5815.91928,0,304.8,78.6584876,0.271180526,AP,ANP2.2,
6177,DC8QN-A-1,A,1,8,99790.24,-304.8,0,15.97152,77.5781552,0.262013684,AP,ANP2.2,
6178,DC8QN-A-1,A,1,9,99790.24,0.0,0,0.0,77.5267108,0.261552632,AP,ANP2.2,
6179,DC8QN-A-1,A,1,10,99790.24,116.586,0,0.0,73.565492,0.4,AP,ANP2.2,
6180,DC8QN-A-1,A,1,11,99790.24,1049.274,0,0.0,15.3304312,0.1,AP,ANP2.2,
6181,DC910-A-1,A,1,1,31751.44,-34895.57664,0,1828.8,139.928768,0.082537143,AP,ANP2.2,
6182,DC910-A-1,A,1,2,31751.44,-17752.58832,0,930.37152,81.7451516,0.073939286,AP,ANP2.2,
6183,DC910-A-1,A,1,3,31751.44,-17447.78832,0,914.4,80.3561528,0.078587857,AP,ANP2.2,
6184,DC910-A-1,A,1,4,31751.44,-9028.69416,0,473.17152,73.6169364,0.074517857,AP,ANP2.2,
6185,DC910-A-1,A,1,5,31751.44,-8723.89416,0,457.2,73.3597144,0.103272143,AP,ANP2.2,
6186,DC910-A-1,A,1,6,31751.44,-6120.71928,0,320.77152,68.2667188,0.101599286,AP,ANP2.2,
6187,DC910-A-1,A,1,7,31751.44,-5815.91928,0,304.8,67.5979416,0.227584286,AP,ANP2.2,
6188,DC910-A-1,A,1,8,31751.44,-304.8,0,15.97152,66.6719424,0.219891429,AP,ANP2.2,
6189,DC910-A-1,A,1,9,31751.44,0.0,0,0.0,66.620498,0.219507857,AP,ANP2.2,
6190,DC910-A-1,A,1,10,31751.44,108.90504,0,0.0,63.2251676,0.4,AP,ANP2.2,
6191,DC910-A-1,A,1,11,31751.44,980.14536,0,0.0,15.3304312,0.1,AP,ANP2.2,
6192,DC910-D-1,D,1,1,31751.44,0.0,0,0.0,0.0,0.879166429,TO,ANP2.2,
6193,DC910-D-1,D,1,2,31751.44,642.8232,0,0.0,64.6141664,0.874855,TO,ANP2.2,
6194,DC910-D-1,D,1,3,31751.44,1787.56056,0,304.8,65.59161,0.874977857,TO,ANP2.2,
6195,DC910-D-1,D,1,4,31751.44,2251.34424,0,388.13232,70.9418276,0.874679286,CL,ANP2.2,
6196,DC910-D-1,D,1,5,31751.44,2531.42496,0,423.15384,76.2406008,0.874352143,CL,ANP2.2,
6197,DC910-D-1,D,1,6,31751.44,2675.80872,0,454.51776,76.394934,0.766821429,CL,ANP2.2,
6198,DC910-D-1,D,1,7,31751.44,3540.95304,0,485.88168,94.8120292,0.759175,CL,ANP2.2,
6199,DC910-D-1,D,1,8,31751.44,5593.17144,0,914.4,96.8183608,0.758114286,CL,ANP2.2,
6200,DC910-D-1,D,1,9,31751.44,8480.26752,0,1046.04312,134.6299948,0.742870714,CL,ANP2.2,
6201,DC910-D-1,D,1,10,31751.44,12212.14728,0,1676.4,138.8484356,0.741345714,CL,ANP2.2,
6202,DC910-D-1,D,1,11,31751.44,16270.40688,0,2286.0,143.1697652,0.739902143,CL,ANP2.2,
6203,DC910-D-1,D,1,12,31751.44,22084.37544,0,3048.0,148.8286492,0.738140714,CL,ANP2.2,
6204,DC910-D-2,D,2,1,35380.176,0.0,0,0.0,0.0,0.879166429,TO,ANP2.2,
6205,DC910-D-2,D,2,2,35380.176,798.33216,0,0.0,68.2152744,0.874615714,TO,ANP2.2,
6206,DC910-D-2,D,2,3,35380.176,2138.87304,0,304.8,69.2441624,0.874737857,TO,ANP2.2,
6207,DC910-D-2,D,2,4,35380.176,2701.83864,0,391.39368,74.59438,0.874441429,CL,ANP2.2,
6208,DC910-D-2,D,2,5,35380.176,3040.25808,0,427.72584,79.9445976,0.874115,CL,ANP2.2,
6209,DC910-D-2,D,2,6,35380.176,3249.3204,0,466.344,80.0989308,0.765278571,CL,ANP2.2,
6210,DC910-D-2,D,2,7,35380.176,4336.51152,0,504.96216,98.5674704,0.757613571,CL,ANP2.2,
6211,DC910-D-2,D,2,8,35380.176,6643.20744,0,914.4,100.573802,0.756600714,CL,ANP2.2,
6212,DC910-D-2,D,2,9,35380.176,9895.7892,0,1060.704,134.6814392,0.742835,CL,ANP2.2,
6213,DC910-D-2,D,2,10,35380.176,14191.70136,0,1676.4,138.8484356,0.741345714,CL,ANP2.2,
6214,DC910-D-2,D,2,11,35380.176,18994.61784,0,2286.0,143.1697652,0.739902143,CL,ANP2.2,
6215,DC910-D-2,D,2,12,35380.176,25929.27504,0,3048.0,148.8286492,0.738140714,CL,ANP2.2,
6216,DC910-D-3,D,3,1,38555.32,0.0,0,0.0,0.0,0.879166429,TO,ANP2.2,
6217,DC910-D-3,D,3,2,38555.32,948.2328,0,0.0,71.1990496,0.874415714,TO,ANP2.2,
6218,DC910-D-3,D,3,3,38555.32,2472.56808,0,304.8,72.279382,0.874538571,TO,ANP2.2,
6219,DC910-D-3,D,3,4,38555.32,3146.99904,0,396.14856,77.7324884,0.874238571,CL,ANP2.2,
6220,DC910-D-3,D,3,5,38555.32,3542.59896,0,433.60848,83.082706,0.873912143,CL,ANP2.2,
6221,DC910-D-3,D,3,6,38555.32,3829.11096,0,479.9076,83.2884836,0.763947143,CL,ANP2.2,
6222,DC910-D-3,D,3,7,38555.32,5151.76008,0,526.17624,101.859912,0.756263571,CL,ANP2.2,
6223,DC910-D-3,D,3,8,38555.32,7653.0708,0,914.4,103.7633548,0.755302857,CL,ANP2.2,
6224,DC910-D-3,D,3,9,38555.32,11231.02656,0,1073.44464,134.784328,0.742803571,CL,ANP2.2,
6225,DC910-D-3,D,3,10,38555.32,16052.50536,0,1676.4,138.8484356,0.741345714,CL,ANP2.2,
6226,DC910-D-3,D,3,11,38555.32,21580.87632,0,2286.0,143.1697652,0.739902143,CL,ANP2.2,
6227,DC910-D-3,D,3,12,38555.32,29626.2552,0,3048.0,148.8286492,0.738140714,CL,ANP2.2,
6228,DC930-A-1,A,1,1,42410.852,-34895.57664,0,1828.8,139.928768,0.069708966,AP,ANP2.2,
6229,DC930-A-1,A,1,2,42410.852,-17752.58832,0,930.37152,88.1242572,0.062446897,AP,ANP2.2,
6230,DC930-A-1,A,1,3,42410.852,-17447.78832,0,914.4,86.941036,0.120995172,AP,ANP2.2,
6231,DC930-A-1,A,1,4,42410.852,-9028.69416,0,473.17152,80.0474864,0.114728966,AP,ANP2.2,
6232,DC930-A-1,A,1,5,42410.852,-8723.89416,0,457.2,79.7902644,0.13965931,AP,ANP2.2,
6233,DC930-A-1,A,1,6,42410.852,-6120.71928,0,320.77152,74.6458244,0.137397241,AP,ANP2.2,
6234,DC930-A-1,A,1,7,42410.852,-5815.91928,0,304.8,74.0284916,0.277293103,AP,ANP2.2,
6235,DC930-A-1,A,1,8,42410.852,-304.8,0,15.97152,72.9996036,0.26792,AP,ANP2.2,
6236,DC930-A-1,A,1,9,42410.852,0.0,0,0.0,72.8967148,0.267448966,AP,ANP2.2,
6237,DC930-A-1,A,1,10,42410.852,99.30384,0,0.0,69.192718,0.4,AP,ANP2.2,
6238,DC930-A-1,A,1,11,42410.852,893.73456,0,0.0,15.3304312,0.1,AP,ANP2.2,
6239,JET-MEDIUM-D-2,D,1,1,42410.852,0.0,0,0.0,0.0,0.894578621,TO,ANP2.2,
6240,JET-MEDIUM-D-2,D,1,2,42410.852,1099.74888,0,0.0,73.822714,0.871593103,TO,ANP2.2,
6241,JET-MEDIUM-D-2,D,1,3,42410.852,2825.9532,0,304.8,74.9030464,0.871026897,TO,ANP2.2,
6242,JET-MEDIUM-D-2,D,1,4,42410.852,3614.04408,0,399.22704,80.3561528,0.86930069,CL,ANP2.2,
6243,JET-MEDIUM-D-2,D,1,5,42410.852,4091.57424,0,439.3692,85.7063704,0.867633103,CL,ANP2.2,
6244,JET-MEDIUM-D-2,D,1,6,42410.852,4396.37424,0,484.08336,85.912148,0.762828276,CL,ANP2.2,
6245,JET-MEDIUM-D-2,D,1,7,42410.852,5987.1864,0,545.34816,104.5864652,0.755569655,CL,ANP2.2,
6246,JET-MEDIUM-D-2,D,1,8,42410.852,8468.98992,0,914.4,106.4384636,0.754711724,CL,ANP2.2,
6247,JET-MEDIUM-D-2,D,1,9,42410.852,11929.96344,0,1066.8,134.7328836,0.743993103,CL,ANP2.2,
6248,JET-MEDIUM-D-2,D,1,10,42410.852,16967.05776,0,1676.4,138.8484356,0.742606207,CL,ANP2.2,
6249,JET-MEDIUM-D-2,D,1,11,42410.852,22662.45912,0,2286.0,143.1697652,0.741248966,CL,ANP2.2,
6250,JET-MEDIUM-D-2,D,1,12,42410.852,30909.58512,0,3048.0,148.8286492,0.739593793,CL,ANP2.2,
6251,DC930-D-2,D,2,1,46719.976,0.0,0,0.0,0.0,0.894578621,TO,ANP2.2,
6252,DC930-D-2,D,2,2,46719.976,1336.30416,0,0.0,77.4752664,0.870453793,TO,ANP2.2,
6253,DC930-D-2,D,2,3,46719.976,3360.2676,0,304.8,78.6584876,0.869887586,TO,ANP2.2,
6254,DC930-D-2,D,2,4,46719.976,4320.50952,0,403.15896,84.0087052,0.868177931,CL,ANP2.2,
6255,DC930-D-2,D,2,5,46719.976,4901.27544,0,445.008,89.4103672,0.866507586,CL,ANP2.2,
6256,DC930-D-2,D,2,6,46719.976,5206.07544,0,480.70008,89.5647004,0.761413103,CL,ANP2.2,
6257,DC930-D-2,D,2,7,46719.976,7421.60568,0,580.58304,108.4447952,0.754064138,CL,ANP2.2,
6258,DC930-D-2,D,2,8,46719.976,10210.52568,0,914.4,110.1939048,0.753288966,CL,ANP2.2,
6259,DC930-D-2,D,2,9,46719.976,14017.50816,0,1079.69304,134.8357724,0.743963448,CL,ANP2.2,
6260,DC930-D-2,D,2,10,46719.976,19783.5012,0,1676.4,138.8484356,0.742606207,CL,ANP2.2,
6261,DC930-D-2,D,2,11,46719.976,26483.12712,0,2286.0,143.1697652,0.741248966,CL,ANP2.2,
6262,DC930-D-2,D,2,12,46719.976,36282.72144,0,3048.0,148.8286492,0.739593793,CL,ANP2.2,
6263,DC930-D-3,D,3,1,50802.304,0.0,0,0.0,0.0,0.894578621,TO,ANP2.2,
6264,DC930-D-3,D,3,2,50802.304,1581.88152,0,0.0,80.8191524,0.869422069,TO,ANP2.2,
6265,DC930-D-3,D,3,3,50802.304,3921.58728,0,304.8,82.0023736,0.868855862,TO,ANP2.2,
6266,DC930-D-3,D,3,4,50802.304,5153.46696,0,413.85744,87.712702,0.867042759,CL,ANP2.2,
6267,DC930-D-3,D,3,5,50802.304,5849.93496,0,457.29144,93.114364,0.865369655,CL,ANP2.2,
6268,DC930-D-3,D,3,6,50802.304,6154.73496,0,487.9848,93.2686972,0.759973103,CL,ANP2.2,
6269,DC930-D-3,D,3,7,50802.304,9210.47688,0,631.36272,112.406014,0.752522759,CL,ANP2.2,
6270,DC930-D-3,D,3,8,50802.304,11937.73584,0,914.4,113.949346,0.751865517,CL,ANP2.2,
6271,DC930-D-3,D,3,9,50802.304,16000.04928,0,1088.34936,134.8872168,0.743943448,CL,ANP2.2,
6272,DC930-D-3,D,3,10,50802.304,22554.49896,0,1676.4,138.8484356,0.742606207,CL,ANP2.2,
6273,DC930-D-3,D,3,11,50802.304,30334.79328,0,2286.0,143.1697652,0.741248966,CL,ANP2.2,
6274,DC930-D-3,D,3,12,50802.304,41842.42584,0,3048.0,148.8286492,0.739593793,CL,ANP2.2,
6275,DC93LW-A-1,A,1,1,42410.852,-34895.57664,0,1828.8,139.928768,0.069708966,AP,ANP2.2,
6276,DC93LW-A-1,A,1,2,42410.852,-17752.58832,0,930.37152,88.1242572,0.062446897,AP,ANP2.2,
6277,DC93LW-A-1,A,1,3,42410.852,-17447.78832,0,914.4,86.941036,0.120995172,AP,ANP2.2,
6278,DC93LW-A-1,A,1,4,42410.852,-9028.69416,0,473.17152,80.0474864,0.114728966,AP,ANP2.2,
6279,DC93LW-A-1,A,1,5,42410.852,-8723.89416,0,457.2,79.7902644,0.13965931,AP,ANP2.2,
6280,DC93LW-A-1,A,1,6,42410.852,-6120.71928,0,320.77152,74.6458244,0.137397241,AP,ANP2.2,
6281,DC93LW-A-1,A,1,7,42410.852,-5815.91928,0,304.8,74.0284916,0.277293103,AP,ANP2.2,
6282,DC93LW-A-1,A,1,8,42410.852,-304.8,0,15.97152,72.9996036,0.26792,AP,ANP2.2,
6283,DC93LW-A-1,A,1,9,42410.852,0.0,0,0.0,72.8967148,0.267448966,AP,ANP2.2,
6284,DC93LW-A-1,A,1,10,42410.852,99.30384,0,0.0,69.192718,0.4,AP,ANP2.2,
6285,DC93LW-A-1,A,1,11,42410.852,893.73456,0,0.0,15.3304312,0.1,AP,ANP2.2,
6286,DC93LW-D-1,D,1,1,42410.852,0.0,0,0.0,0.0,0.894578621,TO,ANP2.2,
6287,DC93LW-D-1,D,1,2,42410.852,1099.74888,0,0.0,73.822714,0.871593103,TO,ANP2.2,
6288,DC93LW-D-1,D,1,3,42410.852,2825.9532,0,304.8,74.9030464,0.871026897,TO,ANP2.2,
6289,DC93LW-D-1,D,1,4,42410.852,3614.04408,0,399.22704,80.3561528,0.86930069,CL,ANP2.2,
6290,DC93LW-D-1,D,1,5,42410.852,4091.57424,0,439.3692,85.7063704,0.867633103,CL,ANP2.2,
6291,DC93LW-D-1,D,1,6,42410.852,4396.37424,0,484.08336,85.912148,0.762828276,CL,ANP2.2,
6292,DC93LW-D-1,D,1,7,42410.852,5987.1864,0,545.34816,104.5864652,0.755569655,CL,ANP2.2,
6293,DC93LW-D-1,D,1,8,42410.852,8468.98992,0,914.4,106.4384636,0.754711724,CL,ANP2.2,
6294,DC93LW-D-1,D,1,9,42410.852,11929.96344,0,1066.8,134.7328836,0.743993103,CL,ANP2.2,
6295,DC93LW-D-1,D,1,10,42410.852,16967.05776,0,1676.4,138.8484356,0.742606207,CL,ANP2.2,
6296,DC93LW-D-1,D,1,11,42410.852,22662.45912,0,2286.0,143.1697652,0.741248966,CL,ANP2.2,
6297,DC93LW-D-1,D,1,12,42410.852,30909.58512,0,3048.0,148.8286492,0.739593793,CL,ANP2.2,
6298,DC93LW-D-2,D,2,1,46719.976,0.0,0,0.0,0.0,0.894578621,TO,ANP2.2,
6299,DC93LW-D-2,D,2,2,46719.976,1336.30416,0,0.0,77.4752664,0.870453793,TO,ANP2.2,
6300,DC93LW-D-2,D,2,3,46719.976,3360.2676,0,304.8,78.6584876,0.869887586,TO,ANP2.2,
6301,DC93LW-D-2,D,2,4,46719.976,4320.50952,0,403.15896,84.0087052,0.868177931,CL,ANP2.2,
6302,DC93LW-D-2,D,2,5,46719.976,4901.27544,0,445.008,89.4103672,0.866507586,CL,ANP2.2,
6303,DC93LW-D-2,D,2,6,46719.976,5206.07544,0,480.70008,89.5647004,0.761413103,CL,ANP2.2,
6304,DC93LW-D-2,D,2,7,46719.976,7421.60568,0,580.58304,108.4447952,0.754064138,CL,ANP2.2,
6305,DC93LW-D-2,D,2,8,46719.976,10210.52568,0,914.4,110.1939048,0.753288966,CL,ANP2.2,
6306,DC93LW-D-2,D,2,9,46719.976,14017.50816,0,1079.69304,134.8357724,0.743963448,CL,ANP2.2,
6307,DC93LW-D-2,D,2,10,46719.976,19783.5012,0,1676.4,138.8484356,0.742606207,CL,ANP2.2,
6308,DC93LW-D-2,D,2,11,46719.976,26483.12712,0,2286.0,143.1697652,0.741248966,CL,ANP2.2,
6309,DC93LW-D-2,D,2,12,46719.976,36282.72144,0,3048.0,148.8286492,0.739593793,CL,ANP2.2,
6310,DC93LW-D-3,D,3,1,50802.304,0.0,0,0.0,0.0,0.894578621,TO,ANP2.2,
6311,DC93LW-D-3,D,3,2,50802.304,1581.88152,0,0.0,80.8191524,0.869422069,TO,ANP2.2,
6312,DC93LW-D-3,D,3,3,50802.304,3921.58728,0,304.8,82.0023736,0.868855862,TO,ANP2.2,
6313,DC93LW-D-3,D,3,4,50802.304,5153.46696,0,413.85744,87.712702,0.867042759,CL,ANP2.2,
6314,DC93LW-D-3,D,3,5,50802.304,5849.93496,0,457.29144,93.114364,0.865369655,CL,ANP2.2,
6315,DC93LW-D-3,D,3,6,50802.304,6154.73496,0,487.9848,93.2686972,0.759973103,CL,ANP2.2,
6316,DC93LW-D-3,D,3,7,50802.304,9210.47688,0,631.36272,112.406014,0.752522759,CL,ANP2.2,
6317,DC93LW-D-3,D,3,8,50802.304,11937.73584,0,914.4,113.949346,0.751865517,CL,ANP2.2,
6318,DC93LW-D-3,D,3,9,50802.304,16000.04928,0,1088.34936,134.8872168,0.743943448,CL,ANP2.2,
6319,DC93LW-D-3,D,3,10,50802.304,22554.49896,0,1676.4,138.8484356,0.742606207,CL,ANP2.2,
6320,DC93LW-D-3,D,3,11,50802.304,30334.79328,0,2286.0,143.1697652,0.741248966,CL,ANP2.2,
6321,DC93LW-D-3,D,3,12,50802.304,41842.42584,0,3048.0,148.8286492,0.739593793,CL,ANP2.2,
6322,DC950-A-1,A,1,1,45359.2,-34895.57664,0,1828.8,139.928768,0.068128125,AP,ANP2.2,
6323,DC950-A-1,A,1,2,45359.2,-17752.58832,0,930.37152,90.6450328,0.061030625,AP,ANP2.2,
6324,DC950-A-1,A,1,3,45359.2,-17447.78832,0,914.4,89.513256,0.1182525,AP,ANP2.2,
6325,DC950-A-1,A,1,4,45359.2,-9028.69416,0,473.17152,82.568262,0.11212875,AP,ANP2.2,
6326,DC950-A-1,A,1,5,45359.2,-8723.89416,0,457.2,82.31104,0.13649375,AP,ANP2.2,
6327,DC950-A-1,A,1,6,45359.2,-6120.71928,0,320.77152,77.1151556,0.134283125,AP,ANP2.2,
6328,DC950-A-1,A,1,7,45359.2,-5815.91928,0,304.8,76.4978228,0.271519375,AP,ANP2.2,
6329,DC950-A-1,A,1,8,45359.2,-304.8,0,15.97152,75.4689348,0.26234125,AP,ANP2.2,
6330,DC950-A-1,A,1,9,45359.2,0.0,0,0.0,75.366046,0.26187875,AP,ANP2.2,
6331,DC950-A-1,A,1,10,45359.2,104.79024,0,0.0,71.507716,0.4,AP,ANP2.2,
6332,DC950-A-1,A,1,11,45359.2,943.11216,0,0.0,15.3304312,0.1,AP,ANP2.2,
6333,JET-REGIONAL-D-3,D,1,1,45359.2,0.0,0,0.0,0.0,0.91862125,TO,ANP2.2,
6334,JET-REGIONAL-D-3,D,1,2,45359.2,1105.63152,0,0.0,76.3434896,0.8987125,TO,ANP2.2,
6335,JET-REGIONAL-D-3,D,1,3,45359.2,2672.39496,0,304.8,77.4752664,0.89823875,TO,ANP2.2,
6336,JET-REGIONAL-D-3,D,1,4,45359.2,3426.62256,0,404.40864,82.9798172,0.896775625,CL,ANP2.2,
6337,JET-REGIONAL-D-3,D,1,5,45359.2,3880.5612,0,446.50152,88.3814792,0.89537625,CL,ANP2.2,
6338,JET-REGIONAL-D-3,D,1,6,45359.2,4185.3612,0,489.08208,88.5358124,0.744961875,CL,ANP2.2,
6339,JET-REGIONAL-D-3,D,1,7,45359.2,5763.82896,0,549.00576,107.2101296,0.739275,CL,ANP2.2,
6340,JET-REGIONAL-D-3,D,1,8,45359.2,8343.4428,0,914.4,109.1135724,0.738609375,CL,ANP2.2,
6341,JET-REGIONAL-D-3,D,1,9,45359.2,11396.59392,0,1047.62808,134.6299948,0.731039375,CL,ANP2.2,
6342,JET-REGIONAL-D-3,D,1,10,45359.2,16472.09304,0,1676.4,138.8484356,0.729918125,CL,ANP2.2,
6343,JET-REGIONAL-D-3,D,1,11,45359.2,22037.92392,0,2286.0,143.1697652,0.728854375,CL,ANP2.2,
6344,JET-REGIONAL-D-3,D,1,12,45359.2,30081.44352,0,3048.0,148.8286492,0.727556875,CL,ANP2.2,
6345,DC950-D-2,D,2,1,48534.344,0.0,0,0.0,0.0,0.91862125,TO,ANP2.2,
6346,DC950-D-2,D,2,2,48534.344,1266.77928,0,0.0,78.967154,0.8980275,TO,ANP2.2,
6347,DC950-D-2,D,2,3,48534.344,3010.8144,0,304.8,80.1503752,0.89755375,TO,ANP2.2,
6348,DC950-D-2,D,2,4,48534.344,3868.24728,0,406.69464,85.6034816,0.896104375,CL,ANP2.2,
6349,DC950-D-2,D,2,5,48534.344,4386.46824,0,450.0372,91.0051436,0.894703125,CL,ANP2.2,
6350,DC950-D-2,D,2,6,48534.344,4691.26824,0,488.1372,91.1594768,0.744166875,CL,ANP2.2,
6351,DC950-D-2,D,2,7,48534.344,6664.05576,0,570.70752,109.9366828,0.73843875,CL,ANP2.2,
6352,DC950-D-2,D,2,8,48534.344,9362.29776,0,914.4,111.7886812,0.737813125,CL,ANP2.2,
6353,DC950-D-2,D,2,9,48534.344,12564.1608,0,1052.71824,134.6299948,0.73103,CL,ANP2.2,
6354,DC950-D-2,D,2,10,48534.344,18168.76224,0,1676.4,138.8484356,0.729918125,CL,ANP2.2,
6355,DC950-D-2,D,2,11,48534.344,24391.25424,0,2286.0,143.1697652,0.728854375,CL,ANP2.2,
6356,DC950-D-2,D,2,12,48534.344,33442.5036,0,3048.0,148.8286492,0.727556875,CL,ANP2.2,
6357,DC950-D-3,D,3,1,52163.08,0.0,0,0.0,0.0,0.91862125,TO,ANP2.2,
6358,DC950-D-3,D,3,2,52163.08,1464.50304,0,0.0,81.8994848,0.897271875,TO,ANP2.2,
6359,DC950-D-3,D,3,3,52163.08,3426.92736,0,304.8,83.082706,0.8967975,TO,ANP2.2,
6360,DC950-D-3,D,3,4,52163.08,4466.17344,0,414.528,88.74159,0.895291875,CL,ANP2.2,
6361,DC950-D-3,D,3,5,52163.08,5067.54384,0,459.30312,94.1946964,0.89388875,CL,ANP2.2,
6362,DC950-D-3,D,3,6,52163.08,5372.34384,0,492.89208,94.3490296,0.7432025,CL,ANP2.2,
6363,DC950-D-3,D,3,7,52163.08,7921.69104,0,605.75952,113.2805688,0.73741875,CL,ANP2.2,
6364,DC950-D-3,D,3,8,52163.08,10649.22432,0,914.4,115.0296784,0.736856875,CL,ANP2.2,
6365,DC950-D-3,D,3,9,52163.08,13951.03128,0,1055.37,134.6814392,0.731025625,CL,ANP2.2,
6366,DC950-D-3,D,3,10,52163.08,20234.63568,0,1676.4,138.8484356,0.729918125,CL,ANP2.2,
6367,DC950-D-3,D,3,11,52163.08,27280.48392,0,2286.0,143.1697652,0.728854375,CL,ANP2.2,
6368,DC950-D-3,D,3,12,52163.08,37615.00224,0,3048.0,148.8286492,0.727556875,CL,ANP2.2,
6369,DC95HW-A-1,A,1,1,45359.2,-34895.57664,0,1828.8,139.928768,0.068128125,AP,ANP2.2,
6370,DC95HW-A-1,A,1,2,45359.2,-17752.58832,0,930.37152,90.6450328,0.061030625,AP,ANP2.2,
6371,DC95HW-A-1,A,1,3,45359.2,-17447.78832,0,914.4,89.513256,0.1182525,AP,ANP2.2,
6372,DC95HW-A-1,A,1,4,45359.2,-9028.69416,0,473.17152,82.568262,0.11212875,AP,ANP2.2,
6373,DC95HW-A-1,A,1,5,45359.2,-8723.89416,0,457.2,82.31104,0.13649375,AP,ANP2.2,
6374,DC95HW-A-1,A,1,6,45359.2,-6120.71928,0,320.77152,77.1151556,0.134283125,AP,ANP2.2,
6375,DC95HW-A-1,A,1,7,45359.2,-5815.91928,0,304.8,76.4978228,0.271519375,AP,ANP2.2,
6376,DC95HW-A-1,A,1,8,45359.2,-304.8,0,15.97152,75.4689348,0.26234125,AP,ANP2.2,
6377,DC95HW-A-1,A,1,9,45359.2,0.0,0,0.0,75.366046,0.26187875,AP,ANP2.2,
6378,DC95HW-A-1,A,1,10,45359.2,104.79024,0,0.0,71.507716,0.4,AP,ANP2.2,
6379,DC95HW-A-1,A,1,11,45359.2,943.11216,0,0.0,15.3304312,0.1,AP,ANP2.2,
6380,DC95HW-D-1,D,1,1,45359.2,0.0,0,0.0,0.0,0.91862125,TO,ANP2.2,
6381,DC95HW-D-1,D,1,2,45359.2,1105.63152,0,0.0,76.3434896,0.8987125,TO,ANP2.2,
6382,DC95HW-D-1,D,1,3,45359.2,2672.39496,0,304.8,77.4752664,0.89823875,TO,ANP2.2,
6383,DC95HW-D-1,D,1,4,45359.2,3426.62256,0,404.40864,82.9798172,0.896775625,CL,ANP2.2,
6384,DC95HW-D-1,D,1,5,45359.2,3880.5612,0,446.50152,88.3814792,0.89537625,CL,ANP2.2,
6385,DC95HW-D-1,D,1,6,45359.2,4185.3612,0,489.08208,88.5358124,0.744961875,CL,ANP2.2,
6386,DC95HW-D-1,D,1,7,45359.2,5763.82896,0,549.00576,107.2101296,0.739275,CL,ANP2.2,
6387,DC95HW-D-1,D,1,8,45359.2,8343.4428,0,914.4,109.1135724,0.738609375,CL,ANP2.2,
6388,DC95HW-D-1,D,1,9,45359.2,11396.59392,0,1047.62808,134.6299948,0.731039375,CL,ANP2.2,
6389,DC95HW-D-1,D,1,10,45359.2,16472.09304,0,1676.4,138.8484356,0.729918125,CL,ANP2.2,
6390,DC95HW-D-1,D,1,11,45359.2,22037.92392,0,2286.0,143.1697652,0.728854375,CL,ANP2.2,
6391,DC95HW-D-1,D,1,12,45359.2,30081.44352,0,3048.0,148.8286492,0.727556875,CL,ANP2.2,
6392,DC95HW-D-2,D,2,1,48534.344,0.0,0,0.0,0.0,0.91862125,TO,ANP2.2,
6393,DC95HW-D-2,D,2,2,48534.344,1266.77928,0,0.0,78.967154,0.8980275,TO,ANP2.2,
6394,DC95HW-D-2,D,2,3,48534.344,3010.8144,0,304.8,80.1503752,0.89755375,TO,ANP2.2,
6395,DC95HW-D-2,D,2,4,48534.344,3868.24728,0,406.69464,85.6034816,0.896104375,CL,ANP2.2,
6396,DC95HW-D-2,D,2,5,48534.344,4386.46824,0,450.0372,91.0051436,0.894703125,CL,ANP2.2,
6397,DC95HW-D-2,D,2,6,48534.344,4691.26824,0,488.1372,91.1594768,0.744166875,CL,ANP2.2,
6398,DC95HW-D-2,D,2,7,48534.344,6664.05576,0,570.70752,109.9366828,0.73843875,CL,ANP2.2,
6399,DC95HW-D-2,D,2,8,48534.344,9362.29776,0,914.4,111.7886812,0.737813125,CL,ANP2.2,
6400,DC95HW-D-2,D,2,9,48534.344,12564.1608,0,1052.71824,134.6299948,0.73103,CL,ANP2.2,
6401,DC95HW-D-2,D,2,10,48534.344,18168.76224,0,1676.4,138.8484356,0.729918125,CL,ANP2.2,
6402,DC95HW-D-2,D,2,11,48534.344,24391.25424,0,2286.0,143.1697652,0.728854375,CL,ANP2.2,
6403,DC95HW-D-2,D,2,12,48534.344,33442.5036,0,3048.0,148.8286492,0.727556875,CL,ANP2.2,
6404,DC95HW-D-3,D,3,1,52163.08,0.0,0,0.0,0.0,0.91862125,TO,ANP2.2,
6405,DC95HW-D-3,D,3,2,52163.08,1464.50304,0,0.0,81.8994848,0.897271875,TO,ANP2.2,
6406,DC95HW-D-3,D,3,3,52163.08,3426.92736,0,304.8,83.082706,0.8967975,TO,ANP2.2,
6407,DC95HW-D-3,D,3,4,52163.08,4466.17344,0,414.528,88.74159,0.895291875,CL,ANP2.2,
6408,DC95HW-D-3,D,3,5,52163.08,5067.54384,0,459.30312,94.1946964,0.89388875,CL,ANP2.2,
6409,DC95HW-D-3,D,3,6,52163.08,5372.34384,0,492.89208,94.3490296,0.7432025,CL,ANP2.2,
6410,DC95HW-D-3,D,3,7,52163.08,7921.69104,0,605.75952,113.2805688,0.73741875,CL,ANP2.2,
6411,DC95HW-D-3,D,3,8,52163.08,10649.22432,0,914.4,115.0296784,0.736856875,CL,ANP2.2,
6412,DC95HW-D-3,D,3,9,52163.08,13951.03128,0,1055.37,134.6814392,0.731025625,CL,ANP2.2,
6413,DC95HW-D-3,D,3,10,52163.08,20234.63568,0,1676.4,138.8484356,0.729918125,CL,ANP2.2,
6414,DC95HW-D-3,D,3,11,52163.08,27280.48392,0,2286.0,143.1697652,0.728854375,CL,ANP2.2,
6415,DC95HW-D-3,D,3,12,52163.08,37615.00224,0,3048.0,148.8286492,0.727556875,CL,ANP2.2,
6416,DHC6-A-1,A,1,1,5669.9,-34895.57664,0,1828.8,67.1863864,0.004185,AP,ANP2.2,
6417,DHC6-A-1,A,1,2,5669.9,-17752.58832,0,930.37152,43.72774,0.00375,AP,ANP2.2,
6418,DHC6-A-1,A,1,3,5669.9,-17447.78832,0,914.4,43.1618516,0.0061,AP,ANP2.2,
6419,DHC6-A-1,A,1,4,5669.9,-9028.69416,0,473.17152,37.2457456,0.005785,AP,ANP2.2,
6420,DHC6-A-1,A,1,5,5669.9,-8723.89416,0,457.2,36.9885236,0.01101,AP,ANP2.2,
6421,DHC6-A-1,A,1,6,5669.9,-6120.71928,0,320.77152,32.15275,0.01083,AP,ANP2.2,
6422,DHC6-A-1,A,1,7,5669.9,-5815.91928,0,304.8,31.5354172,0.018145,AP,ANP2.2,
6423,DHC6-A-1,A,1,8,5669.9,-304.8,0,15.97152,31.123862,0.01753,AP,ANP2.2,
6424,DHC6-A-1,A,1,9,5669.9,0.0,0,0.0,31.0724176,0.0175,AP,ANP2.2,
6425,DHC6-A-1,A,1,10,5669.9,12.07008,0,0.0,29.4776412,0.02,AP,ANP2.2,
6426,DHC6-A-1,A,1,11,5669.9,108.63072,0,0.0,15.3304312,0.005,AP,ANP2.2,
6427,DHC6-D-1,D,1,1,5669.9,0.0,0,0.0,0.0,0.04931,TO,ANP2.2,
6428,DHC6-D-1,D,1,2,5669.9,372.09984,0,0.0,45.01385,0.04931,TO,ANP2.2,
6429,DHC6-D-1,D,1,3,5669.9,1798.19808,0,304.8,45.6826272,0.05039,TO,ANP2.2,
6430,DHC6-D-1,D,1,4,5669.9,2080.16856,0,334.42656,50.9814004,0.045345,CL,ANP2.2,
6431,DHC6-D-1,D,1,5,5669.9,2384.96856,0,392.55192,51.1357336,0.043245,CL,ANP2.2,
6432,DHC6-D-1,D,1,6,5669.9,5122.49928,0,914.4,52.4218436,0.044895,CL,ANP2.2,
6433,DHC6-D-1,D,1,7,5669.9,9316.48632,0,1676.4,54.4281752,0.047455,CL,ANP2.2,
6434,DHC6-D-1,D,1,8,5669.9,12845.24736,0,2286.0,56.1258404,0.04965,CL,ANP2.2,
6435,DHC6-D-1,D,1,9,5669.9,17491.1004,0,3048.0,58.3379496,0.05258,CL,ANP2.2,
6436,DHC6QP-D-1,D,1,1,5669.9,0.0,0,0.0,0.0,0.04931,TO,ANP2.2,
6437,DHC6QP-D-1,D,1,2,5669.9,372.09984,0,0.0,45.01385,0.04931,TO,ANP2.2,
6438,DHC6QP-D-1,D,1,3,5669.9,1798.19808,0,304.8,45.6826272,0.05039,TO,ANP2.2,
6439,DHC6QP-D-1,D,1,4,5669.9,2080.16856,0,334.42656,50.9814004,0.045345,CL,ANP2.2,
6440,DHC6QP-D-1,D,1,5,5669.9,2384.96856,0,392.55192,51.1357336,0.043245,CL,ANP2.2,
6441,DHC6QP-D-1,D,1,6,5669.9,5122.49928,0,914.4,52.4218436,0.044895,CL,ANP2.2,
6442,DHC6QP-D-1,D,1,7,5669.9,9316.48632,0,1676.4,54.4281752,0.047455,CL,ANP2.2,
6443,DHC6QP-D-1,D,1,8,5669.9,12845.24736,0,2286.0,56.1258404,0.04965,CL,ANP2.2,
6444,DHC6QP-D-1,D,1,9,5669.9,17491.1004,0,3048.0,58.3379496,0.05258,CL,ANP2.2,
6445,DHC6QP-A-1,A,1,1,5669.9,-34895.57664,0,1828.8,67.1863864,0.004185,AP,ANP2.2,
6446,DHC6QP-A-1,A,1,2,5669.9,-17752.58832,0,930.37152,43.72774,0.00375,AP,ANP2.2,
6447,DHC6QP-A-1,A,1,3,5669.9,-17447.78832,0,914.4,43.1618516,0.0061,AP,ANP2.2,
6448,DHC6QP-A-1,A,1,4,5669.9,-9028.69416,0,473.17152,37.2457456,0.005785,AP,ANP2.2,
6449,DHC6QP-A-1,A,1,5,5669.9,-8723.89416,0,457.2,36.9885236,0.01101,AP,ANP2.2,
6450,DHC6QP-A-1,A,1,6,5669.9,-6120.71928,0,320.77152,32.15275,0.01083,AP,ANP2.2,
6451,DHC6QP-A-1,A,1,7,5669.9,-5815.91928,0,304.8,31.5354172,0.018145,AP,ANP2.2,
6452,DHC6QP-A-1,A,1,8,5669.9,-304.8,0,15.97152,31.123862,0.01753,AP,ANP2.2,
6453,DHC6QP-A-1,A,1,9,5669.9,0.0,0,0.0,31.0724176,0.0175,AP,ANP2.2,
6454,DHC6QP-A-1,A,1,10,5669.9,12.07008,0,0.0,29.4776412,0.02,AP,ANP2.2,
6455,DHC6QP-A-1,A,1,11,5669.9,108.63072,0,0.0,15.3304312,0.005,AP,ANP2.2,
6456,DHC7-A-1,A,1,1,17667.4084,-34895.57664,0,1828.8,89.5647004,0.003270175,AP,ANP2.2,
6457,DHC7-A-1,A,1,2,17667.4084,-17752.58832,0,930.37152,62.762168,0.002929825,AP,ANP2.2,
6458,DHC7-A-1,A,1,3,17667.4084,-17447.78832,0,914.4,62.1448352,0.008014035,AP,ANP2.2,
6459,DHC7-A-1,A,1,4,17667.4084,-9028.69416,0,473.17152,55.817174,0.0076,AP,ANP2.2,
6460,DHC7-A-1,A,1,5,17667.4084,-8723.89416,0,457.2,55.559952,0.007585965,AP,ANP2.2,
6461,DHC7-A-1,A,1,6,17667.4084,-6120.71928,0,320.77152,50.5698452,0.007463158,AP,ANP2.2,
6462,DHC7-A-1,A,1,7,17667.4084,-5815.91928,0,304.8,49.9525124,0.008631579,AP,ANP2.2,
6463,DHC7-A-1,A,1,8,17667.4084,-304.8,0,15.97152,49.2837352,0.008340351,AP,ANP2.2,
6464,DHC7-A-1,A,1,9,17667.4084,0.0,0,0.0,49.2322908,0.008326316,AP,ANP2.2,
6465,DHC7-A-1,A,1,10,17667.4084,29.90088,0,0.0,46.7115152,0.014035088,AP,ANP2.2,
6466,DHC7-A-1,A,1,11,17667.4084,269.10792,0,0.0,15.3304312,0.003508772,AP,ANP2.2,
6467,TURBOPROP-D-5,D,1,1,17667.4084,0.0,0,0.0,0.0,0.037154386,TO,ANP2.2,
6468,TURBOPROP-D-5,D,1,2,17667.4084,363.56544,0,0.0,47.1230704,0.037154386,TO,ANP2.2,
6469,TURBOPROP-D-5,D,1,3,17667.4084,2386.52304,0,304.8,47.843292,0.037964912,TO,ANP2.2,
6470,TURBOPROP-D-5,D,1,4,17667.4084,3128.25384,0,377.952,53.1420652,0.034463158,CL,ANP2.2,
6471,TURBOPROP-D-5,D,1,5,17667.4084,3978.98112,0,432.17592,63.7396116,0.028922807,CL,ANP2.2,
6472,TURBOPROP-D-5,D,1,6,17667.4084,4283.78112,0,472.01328,63.8939448,0.026105263,CL,ANP2.2,
6473,TURBOPROP-D-5,D,1,7,17667.4084,7669.77384,0,914.4,65.2829436,0.026950877,CL,ANP2.2,
6474,TURBOPROP-D-5,D,1,8,17667.4084,10747.49184,0,1065.03216,86.2208144,0.020775439,CL,ANP2.2,
6475,TURBOPROP-D-5,D,1,9,17667.4084,18817.59,0,1676.4,88.8959232,0.021722807,CL,ANP2.2,
6476,TURBOPROP-D-5,D,1,10,17667.4084,27380.00112,0,2286.0,91.6224764,0.022726316,CL,ANP2.2,
6477,TURBOPROP-D-5,D,1,11,17667.4084,38897.26536,0,3048.0,95.2750288,0.024066667,CL,ANP2.2,
6478,DHC8-A-1,A,1,1,14061.352,-34895.57664,0,1828.8,92.342698,0.001827368,AP,ANP2.2,
6479,DHC8-A-1,A,1,2,14061.352,-17752.58832,0,930.37152,59.0581712,0.001637895,AP,ANP2.2,
6480,DHC8-A-1,A,1,3,14061.352,-17447.78832,0,914.4,58.2865052,0.002061053,AP,ANP2.2,
6481,DHC8-A-1,A,1,4,14061.352,-9028.69416,0,473.17152,50.5184008,0.001955789,AP,ANP2.2,
6482,DHC8-A-1,A,1,5,14061.352,-8723.89416,0,457.2,50.2097344,0.002970526,AP,ANP2.2,
6483,DHC8-A-1,A,1,6,14061.352,-6120.71928,0,320.77152,46.6600708,0.002924211,AP,ANP2.2,
6484,DHC8-A-1,A,1,7,14061.352,-5815.91928,0,304.8,46.2485156,0.003517895,AP,ANP2.2,
6485,DHC8-A-1,A,1,8,14061.352,-304.8,0,15.97152,45.5797384,0.003397895,AP,ANP2.2,
6486,DHC8-A-1,A,1,9,14061.352,0.0,0,0.0,45.5797384,0.003393684,AP,ANP2.2,
6487,DHC8-A-1,A,1,10,14061.352,53.21808,0,0.0,43.213296,0.005178947,AP,ANP2.2,
6488,DHC8-A-1,A,1,11,14061.352,478.96272,0,0.0,15.3304312,0.000863158,AP,ANP2.2,
6489,DHC8-D-1,D,1,1,14061.352,0.0,0,0.0,0.0,0.031172632,TO,ANP2.2,
6490,DHC8-D-1,D,1,2,14061.352,542.30016,0,0.0,51.0842892,0.020635789,TO,ANP2.2,
6491,DHC8-D-1,D,1,3,14061.352,1932.40152,0,304.8,51.8045108,0.021071579,TO,ANP2.2,
6492,DHC8-D-1,D,1,4,14061.352,2394.29544,0,372.19128,57.3090616,0.020086316,CL,ANP2.2,
6493,DHC8-D-1,D,1,5,14061.352,2606.89344,0,405.384,57.4119504,0.018122105,CL,ANP2.2,
6494,DHC8-D-1,D,1,6,14061.352,3076.77312,0,438.6072,65.334388,0.016738947,CL,ANP2.2,
6495,DHC8-D-1,D,1,7,14061.352,6063.81312,0,914.4,66.87772,0.017349474,CL,ANP2.2,
6496,DHC8-D-1,D,1,8,14061.352,9231.53856,0,1154.61288,89.3074784,0.013854737,CL,ANP2.2,
6497,DHC8-D-1,D,1,9,14061.352,14307.86064,0,1676.4,91.6739208,0.014524211,CL,ANP2.2,
6498,DHC8-D-1,D,1,10,14061.352,20447.87376,0,2286.0,94.5033628,0.015307368,CL,ANP2.2,
6499,DHC8-D-1,D,1,11,14061.352,28521.78192,0,3048.0,98.258804,0.016284211,CL,ANP2.2,
6500,DHC830-A-1,A,1,1,17554.0104,-34895.57664,0,1828.8,100.1622468,0.001710045,AP,ANP2.2,
6501,DHC830-A-1,A,1,2,17554.0104,-17752.58832,0,930.37152,69.1412736,0.00153111,AP,ANP2.2,
6502,DHC830-A-1,A,1,3,17554.0104,-17447.78832,0,914.4,68.4724964,0.002228548,AP,ANP2.2,
6503,DHC830-A-1,A,1,4,17554.0104,-9028.69416,0,473.17152,61.4246136,0.002112647,AP,ANP2.2,
6504,DHC830-A-1,A,1,5,17554.0104,-8723.89416,0,457.2,61.1673916,0.003651891,AP,ANP2.2,
6505,DHC830-A-1,A,1,6,17554.0104,-6120.71928,0,320.77152,56.6402844,0.003592924,AP,ANP2.2,
6506,DHC830-A-1,A,1,7,17554.0104,-5815.91928,0,304.8,56.074396,0.004278162,AP,ANP2.2,
6507,DHC830-A-1,A,1,8,17554.0104,-304.8,0,15.97152,55.30273,0.004133794,AP,ANP2.2,
6508,DHC830-A-1,A,1,9,17554.0104,0.0,0,0.0,55.2512856,0.004127694,AP,ANP2.2,
6509,DHC830-A-1,A,1,10,17554.0104,66.93408,0,0.0,52.473288,0.005307035,AP,ANP2.2,
6510,DHC830-A-1,A,1,11,17554.0104,602.40672,0,0.0,15.3304312,0.000894673,AP,ANP2.2,
6511,DHC830-D-1,D,1,1,17554.0104,0.0,0,0.0,0.0,0.030713705,TO,ANP2.2,
6512,DHC830-D-1,D,1,2,17554.0104,733.5012,0,0.0,57.4633948,0.019373729,TO,ANP2.2,
6513,DHC830-D-1,D,1,3,17554.0104,2555.38224,0,304.8,58.2865052,0.019788532,TO,ANP2.2,
6514,DHC830-D-1,D,1,4,17554.0104,3199.66848,0,377.06808,63.5852784,0.018899959,CL,ANP2.2,
6515,DHC830-D-1,D,1,5,17554.0104,3504.46848,0,412.88208,63.6881672,0.017055714,CL,ANP2.2,
6516,DHC830-D-1,D,1,6,17554.0104,4231.17264,0,455.2188,71.6620492,0.015742172,CL,ANP2.2,
6517,DHC830-D-1,D,1,7,17554.0104,8132.88696,0,914.4,73.30827,0.016305409,CL,ANP2.2,
6518,DHC830-D-1,D,1,8,17554.0104,14165.39712,0,1273.48488,97.487138,0.012925986,CL,ANP2.2,
6519,DHC830-D-1,D,1,9,17554.0104,19922.09376,0,1676.4,99.4420252,0.013420089,CL,ANP2.2,
6520,DHC830-D-1,D,1,10,17554.0104,28925.64192,0,2286.0,102.5286892,0.014166328,CL,ANP2.2,
6521,DHC830-D-1,D,1,11,17554.0104,40816.6824,0,3048.0,106.5927968,0.015099634,CL,ANP2.2,
6522,DO228-A-1,A,1,1,6200.149048,-34895.57664,0,1828.8,111.9430144,0.1905,AP,ANP2.2,
6523,DO228-A-1,A,1,2,6200.149048,-23263.7076,0,1219.2,86.8895916,0.176745536,AP,ANP2.2,
6524,DO228-A-1,A,1,3,6200.149048,-11631.86904,0,609.6,63.2251676,0.16415625,AP,ANP2.2,
6525,DO228-A-1,A,1,4,6200.149048,-6120.71928,0,320.77152,52.5761768,0.158571429,AP,ANP2.2,
6526,DO228-A-1,A,1,5,6200.149048,-5815.91928,0,304.8,51.958844,0.191799107,AP,ANP2.2,
6527,DO228-A-1,A,1,6,6200.149048,-290.80968,0,15.24,45.0652944,0.185294643,AP,ANP2.2,
6528,DO228-A-1,A,1,7,6200.149048,-145.3896,0,7.62,43.9335176,0.185125,AP,ANP2.2,
6529,DO228-A-1,A,1,8,6200.149048,0.0,0,0.0,42.7502964,0.185008929,AP,ANP2.2,
6530,DO228-A-1,A,1,9,6200.149048,30.48,0,0.0,40.9497424,0.1,AP,ANP2.2,
6531,DO228-A-1,A,1,10,6200.149048,402.61032,0,0.0,15.3304312,0.1,AP,ANP2.2,
6532,TURBOPROP-D-2,D,1,1,6200.149048,0.0,0,0.0,0.0,1.128892857,TO,ANP2.2,
6533,TURBOPROP-D-2,D,1,2,6200.149048,350.76384,0,0.0,48.100514,0.790366071,TO,ANP2.2,
6534,TURBOPROP-D-2,D,1,3,6200.149048,636.08712,0,30.51048,51.7530664,0.76778125,TO,ANP2.2,
6535,TURBOPROP-D-2,D,1,4,6200.149048,2524.14024,0,304.8,52.473288,0.788611607,TO,ANP2.2,
6536,TURBOPROP-D-2,D,1,5,6200.149048,2828.94024,0,344.36304,52.5761768,0.822754464,CL,ANP2.2,
6537,TURBOPROP-D-2,D,1,6,6200.149048,3753.27672,0,417.39312,63.6881672,0.754116071,CL,ANP2.2,
6538,TURBOPROP-D-2,D,1,7,6200.149048,5239.29864,0,609.6,64.3055,0.768950893,CL,ANP2.2,
6539,TURBOPROP-D-2,D,1,8,6200.149048,10072.45128,0,1219.2,66.2603872,0.804424107,CL,ANP2.2,
6540,TURBOPROP-D-2,D,1,9,6200.149048,15304.06896,0,1828.8,68.2667188,0.822294643,CL,ANP2.2,
6541,TURBOPROP-D-2,D,1,10,6200.149048,21262.48224,0,2438.4,70.4273836,0.822558036,CL,ANP2.2,
6542,TURBOPROP-D-2,D,1,11,6200.149048,28468.65528,0,3048.0,72.6394928,0.805209821,CL,ANP2.2,
6543,DO328-A-1,A,1,1,13990.13806,-34895.57664,0,1828.8,111.9430144,0.099300222,AP,ANP2.2,
6544,DO328-A-1,A,1,2,13990.13806,-23263.7076,0,1219.2,95.0178068,0.09213195,AP,ANP2.2,
6545,DO328-A-1,A,1,3,13990.13806,-11631.86904,0,609.6,79.0700428,0.085571534,AP,ANP2.2,
6546,DO328-A-1,A,1,4,13990.13806,-6120.71928,0,320.77152,57.9778388,0.082658265,AP,ANP2.2,
6547,DO328-A-1,A,1,5,13990.13806,-5815.91928,0,304.8,56.58884,0.091596738,AP,ANP2.2,
6548,DO328-A-1,A,1,6,13990.13806,-2907.97488,0,152.4,56.1772848,0.08994811,AP,ANP2.2,
6549,DO328-A-1,A,1,7,13990.13806,-304.8,0,15.97152,53.244954,0.088501112,AP,ANP2.2,
6550,DO328-A-1,A,1,8,13990.13806,0.0,0,0.0,52.8848432,0.088361749,AP,ANP2.2,
6551,DO328-A-1,A,1,9,13990.13806,15.24,0,0.0,55.7657296,0.1,AP,ANP2.2,
6552,DO328-A-1,A,1,10,13990.13806,675.4368,0,0.0,15.3304312,0.1,AP,ANP2.2,
6553,DO328-D-1,D,1,1,13990.13806,0.0,0,0.0,0.0,1.033768718,TO,ANP2.2,
6554,DO328-D-1,D,1,2,13990.13806,488.47248,0,0.0,59.8812816,0.699089696,TO,ANP2.2,
6555,DO328-D-1,D,1,3,13990.13806,548.82288,0,5.30352,61.4246136,0.690671609,TO,ANP2.2,
6556,DO328-D-1,D,1,4,13990.13806,1947.00144,0,304.8,62.2991684,0.70582209,TO,ANP2.2,
6557,DO328-D-1,D,1,5,13990.13806,2221.26048,0,327.3552,67.5979416,0.678349889,CL,ANP2.2,
6558,DO328-D-1,D,1,6,13990.13806,2526.06048,0,396.05712,67.8037192,0.743611564,CL,ANP2.2,
6559,DO328-D-1,D,1,7,13990.13806,3473.62272,0,609.6,68.5239408,0.761326909,CL,ANP2.2,
6560,DO328-D-1,D,1,8,13990.13806,6223.31496,0,1219.2,70.5817168,0.799242402,CL,ANP2.2,
6561,DO328-D-1,D,1,9,13990.13806,9137.2944,0,1828.8,72.7423816,0.818416605,CL,ANP2.2,
6562,DO328-D-1,D,1,10,13990.13806,12348.5148,0,2438.4,75.0059352,0.818852483,CL,ANP2.2,
6563,DO328-D-1,D,1,11,13990.13806,16035.2232,0,3048.0,77.3723776,0.800548554,CL,ANP2.2,
6564,ECLIPSE500-A-1,A,1,1,2494.756,-34895.57664,0,1828.8,95.17214,0.389912706,AP,ANP2.2,
6565,ECLIPSE500-A-1,A,1,2,2494.756,-29079.65736,0,1524.0,88.227146,0.375528613,AP,ANP2.2,
6566,ECLIPSE500-A-1,A,1,3,2494.756,-17752.58832,0,930.37152,54.8911748,0.34929195,AP,ANP2.2,
6567,ECLIPSE500-A-1,A,1,4,2494.756,-17447.78832,0,914.4,53.7079536,0.225974782,AP,ANP2.2,
6568,ECLIPSE500-A-1,A,1,5,2494.756,-11631.86904,0,609.6,52.9362876,0.217817653,AP,ANP2.2,
6569,ECLIPSE500-A-1,A,1,6,2494.756,-5815.91928,0,304.8,52.1646216,0.21,AP,ANP2.2,
6570,ECLIPSE500-A-1,A,1,7,2494.756,-581.58888,0,30.48,46.3514044,0.203249273,AP,ANP2.2,
6571,ECLIPSE500-A-1,A,1,8,2494.756,-290.80968,0,15.24,46.29996,0.202880698,AP,ANP2.2,
6572,ECLIPSE500-A-1,A,1,9,2494.756,0.0,0,0.0,46.29996,0.202550921,AP,ANP2.2,
6573,ECLIPSE500-A-1,A,1,10,2494.756,43.8912,0,0.0,35.8053024,0.1,AP,ANP2.2,
6574,ECLIPSE500-A-1,A,1,11,2494.756,393.4968,0,0.0,10.2374356,0.1,AP,ANP2.2,
6575,PISTON-D-1,D,1,1,2494.756,0.0,0,0.0,0.0,1.010077595,TO,ANP2.2,
6576,PISTON-D-1,D,1,2,2494.756,521.23848,0,0.0,52.4218436,0.853627546,TO,ANP2.2,
6577,PISTON-D-1,D,1,3,2494.756,796.77768,0,60.96,52.5761768,0.860232784,TO,ANP2.2,
6578,PISTON-D-1,D,1,4,2494.756,1048.39008,0,121.92,52.73051,0.866663434,TO,ANP2.2,
6579,PISTON-D-1,D,1,5,2494.756,1198.96128,0,159.01416,52.8333988,0.862550921,TO,ANP2.2,
6580,PISTON-D-1,D,1,6,2494.756,1479.804,0,196.1388,58.8523936,0.846614937,TO,ANP2.2,
6581,PISTON-D-1,D,1,7,2494.756,2238.93888,0,320.77152,67.9580524,0.824830262,CL,ANP2.2,
6582,PISTON-D-1,D,1,8,2494.756,2993.71512,0,435.2544,75.9319344,0.806129971,CL,ANP2.2,
6583,PISTON-D-1,D,1,9,2494.756,3707.46528,0,533.76576,83.082706,0.789612027,CL,ANP2.2,
6584,PISTON-D-1,D,1,10,2494.756,4375.34304,0,616.33608,89.6161448,0.774374394,CL,ANP2.2,
6585,PISTON-D-1,D,1,11,2494.756,10866.24192,0,1828.8,95.17214,0.808933075,CL,ANP2.2,
6586,PISTON-D-1,D,1,12,2494.756,14519.57472,0,2438.4,98.1044708,0.829883608,CL,ANP2.2,
6587,PISTON-D-1,D,1,13,2494.756,18457.40784,0,3048.0,101.1911348,0.853220175,CL,ANP2.2,
6588,ECLIPSE500-D-2,D,2,1,2672.110472,0.0,0,0.0,0.0,1.010077595,TO,ANP2.2,
6589,ECLIPSE500-D-2,D,2,2,2672.110472,601.8276,0,0.0,54.273842,0.848166828,TO,ANP2.2,
6590,ECLIPSE500-D-2,D,2,3,2672.110472,912.23592,0,60.96,54.4281752,0.854772066,TO,ANP2.2,
6591,ECLIPSE500-D-2,D,2,4,2672.110472,1193.04816,0,121.92,54.5825084,0.861193016,TO,ANP2.2,
6592,ECLIPSE500-D-2,D,2,5,2672.110472,1315.18152,0,149.26056,54.6339528,0.857099903,TO,ANP2.2,
6593,ECLIPSE500-D-2,D,2,6,2672.110472,1548.87168,0,176.57064,59.2639488,0.844869059,TO,ANP2.2,
6594,ECLIPSE500-D-2,D,2,7,2672.110472,2353.11696,0,296.50944,68.1123856,0.823549952,TO,ANP2.2,
6595,ECLIPSE500-D-2,D,2,8,2672.110472,3167.42064,0,409.22448,75.9833788,0.805082444,CL,ANP2.2,
6596,ECLIPSE500-D-2,D,2,9,2672.110472,3946.12368,0,507.55296,83.082706,0.788690592,CL,ANP2.2,
6597,ECLIPSE500-D-2,D,2,10,2672.110472,4675.0224,0,590.48904,89.513256,0.773734239,CL,ANP2.2,
6598,ECLIPSE500-D-2,D,2,11,2672.110472,11995.67832,0,1828.8,95.17214,0.808933075,CL,ANP2.2,
6599,ECLIPSE500-D-2,D,2,12,2672.110472,16048.26864,0,2438.4,98.1044708,0.829883608,CL,ANP2.2,
6600,ECLIPSE500-D-2,D,2,13,2672.110472,20426.11104,0,3048.0,101.1911348,0.853220175,CL,ANP2.2,
6601,ECLIPSE500-D-3,D,3,1,2721.552,0.0,0,0.0,0.0,1.010077595,TO,ANP2.2,
6602,ECLIPSE500-D-3,D,3,2,2721.552,625.38864,0,0.0,54.788286,0.846673133,TO,ANP2.2,
6603,ECLIPSE500-D-3,D,3,3,2721.552,946.06872,0,60.96,54.9426192,0.853278371,TO,ANP2.2,
6604,ECLIPSE500-D-3,D,3,4,2721.552,1235.3544,0,121.92,55.0969524,0.85970902,TO,ANP2.2,
6605,ECLIPSE500-D-3,D,3,5,2721.552,1348.40472,0,146.57832,55.1483968,0.855615907,TO,ANP2.2,
6606,ECLIPSE500-D-3,D,3,6,2721.552,1566.27576,0,171.20616,59.3668376,0.844461688,TO,ANP2.2,
6607,ECLIPSE500-D-3,D,3,7,2721.552,2388.32136,0,290.6268,68.2152744,0.823132881,TO,ANP2.2,
6608,ECLIPSE500-D-3,D,3,8,2721.552,3210.82416,0,401.66544,75.9833788,0.804907856,CL,ANP2.2,
6609,ECLIPSE500-D-3,D,3,9,2721.552,4009.55256,0,500.14632,83.0312616,0.788516004,CL,ANP2.2,
6610,ECLIPSE500-D-3,D,3,10,2721.552,4757.89752,0,583.32624,89.513256,0.773559651,CL,ANP2.2,
6611,ECLIPSE500-D-3,D,3,11,2721.552,12321.32664,0,1828.8,95.17214,0.808933075,CL,ANP2.2,
6612,ECLIPSE500-D-3,D,3,12,2721.552,16489.80192,0,2438.4,98.1044708,0.829883608,CL,ANP2.2,
6613,ECLIPSE500-D-3,D,3,13,2721.552,20995.78224,0,3048.0,101.1911348,0.853220175,CL,ANP2.2,
6614,EMB120-A-1,A,1,1,10194.4802,-34895.57664,0,1828.8,79.1729316,0.118295,AP,ANP2.2,
6615,EMB120-A-1,A,1,2,10194.4802,-17752.58832,0,930.37152,70.9418276,0.10597,AP,ANP2.2,
6616,EMB120-A-1,A,1,3,10194.4802,-17447.78832,0,914.4,70.7874944,0.1642025,AP,ANP2.2,
6617,EMB120-A-1,A,1,4,10194.4802,-9028.69416,0,473.17152,66.8262756,0.1556975,AP,ANP2.2,
6618,EMB120-A-1,A,1,5,10194.4802,-8723.89416,0,457.2,66.6719424,0.0899525,AP,ANP2.2,
6619,EMB120-A-1,A,1,6,10194.4802,-6120.71928,0,320.77152,62.4535016,0.088495,AP,ANP2.2,
6620,EMB120-A-1,A,1,7,10194.4802,-5815.91928,0,304.8,61.9390576,0.240385,AP,ANP2.2,
6621,EMB120-A-1,A,1,8,10194.4802,-304.8,0,15.97152,61.0130584,0.23226,AP,ANP2.2,
6622,EMB120-A-1,A,1,9,10194.4802,0.0,0,0.0,60.961614,0.23186,AP,ANP2.2,
6623,EMB120-A-1,A,1,10,10194.4802,28.956,0,0.0,59.418282,0.4,AP,ANP2.2,
6624,EMB120-A-1,A,1,11,10194.4802,260.604,0,0.0,15.3304312,0.1,AP,ANP2.2,
6625,EMB120-D-1,D,1,1,10194.4802,0.0,0,0.0,0.0,1.284935,TO,ANP2.2,
6626,EMB120-D-1,D,1,2,10194.4802,629.01576,0,0.0,62.9165012,0.90231,TO,ANP2.2,
6627,EMB120-D-1,D,1,3,10194.4802,1986.65592,0,304.8,63.8425004,0.9239125,TO,ANP2.2,
6628,EMB120-D-1,D,1,4,10194.4802,2120.40216,0,309.79872,67.5464972,0.9022675,CL,ANP2.2,
6629,EMB120-D-1,D,1,5,10194.4802,2208.5808,0,312.17616,70.1187172,0.8868725,CL,ANP2.2,
6630,EMB120-D-1,D,1,6,10194.4802,2267.74248,0,322.56984,70.1701616,0.7700575,CL,ANP2.2,
6631,EMB120-D-1,D,1,7,10194.4802,2490.00264,0,332.994,74.3886024,0.746855,CL,ANP2.2,
6632,EMB120-D-1,D,1,8,10194.4802,5851.18464,0,914.4,76.4978228,0.7838725,CL,ANP2.2,
6633,EMB120-D-1,D,1,9,10194.4802,10444.76448,0,1676.4,79.4301536,0.8323825,CL,ANP2.2,
6634,EMB120-D-1,D,1,10,10194.4802,14307.7692,0,2286.0,81.8994848,0.8711925,CL,ANP2.2,
6635,EMB120-D-1,D,1,11,10194.4802,19420.30152,0,3048.0,85.140482,0.919705,CL,ANP2.2,
6636,EMB145-A-1,A,1,1,16102.516,-34895.57664,0,1828.8,139.928768,0.056593333,AP,ANP2.2,
6637,EMB145-A-1,A,1,2,16102.516,-17752.58832,0,930.37152,81.6422628,0.050697333,AP,ANP2.2,
6638,EMB145-A-1,A,1,3,16102.516,-17447.78832,0,914.4,80.253264,0.216650667,AP,ANP2.2,
6639,EMB145-A-1,A,1,4,16102.516,-9028.69416,0,473.17152,73.5140476,0.205432,AP,ANP2.2,
6640,EMB145-A-1,A,1,5,16102.516,-8723.89416,0,457.2,73.2568256,0.34072,AP,ANP2.2,
6641,EMB145-A-1,A,1,6,16102.516,-5815.91928,0,304.8,69.6042732,0.334562667,AP,ANP2.2,
6642,EMB145-A-1,A,1,7,16102.516,-304.8,0,15.97152,67.2892752,0.323253333,AP,ANP2.2,
6643,EMB145-A-1,A,1,8,16102.516,0.0,0,0.0,67.134942,0.322672,AP,ANP2.2,
6644,EMB145-A-1,A,1,9,16102.516,87.0204,0,0.0,66.5176092,0.4,AP,ANP2.2,
6645,EMB145-A-1,A,1,10,16102.516,783.1836,0,0.0,15.3304312,0.1,AP,ANP2.2,
6646,JET-BUSINESS-D-5,D,1,1,16102.516,0.0,0,0.0,0.0,0.965893333,TO,ANP2.2,
6647,JET-BUSINESS-D-5,D,1,2,16102.516,679.79544,0,0.0,63.276612,0.815416,TO,ANP2.2,
6648,JET-BUSINESS-D-5,D,1,3,16102.516,1811.91408,0,304.8,64.2026112,0.827538667,TO,ANP2.2,
6649,JET-BUSINESS-D-5,D,1,4,16102.516,2116.71408,0,348.44736,64.3569444,0.633222667,CL,ANP2.2,
6650,JET-BUSINESS-D-5,D,1,5,16102.516,6886.71216,0,699.2112,116.4701216,0.556336,CL,ANP2.2,
6651,JET-BUSINESS-D-5,D,1,6,16102.516,8433.3588,0,914.4,117.7047872,0.563246667,CL,ANP2.2,
6652,JET-BUSINESS-D-5,D,1,7,16102.516,10516.42296,0,1002.60912,134.3213284,0.538634667,CL,ANP2.2,
6653,JET-BUSINESS-D-5,D,1,8,16102.516,16019.46504,0,1676.4,138.8484356,0.560273333,CL,ANP2.2,
6654,JET-BUSINESS-D-5,D,1,9,16102.516,21342.00456,0,2286.0,143.1697652,0.579849333,CL,ANP2.2,
6655,JET-BUSINESS-D-5,D,1,10,16102.516,28532.14512,0,3048.0,148.8286492,0.60432,CL,ANP2.2,
6656,EMB145-D-2,D,2,1,17916.884,0.0,0,0.0,0.0,0.965893333,TO,ANP2.2,
6657,EMB145-D-2,D,2,2,17916.884,850.20912,0,0.0,66.7233868,0.807165333,TO,ANP2.2,
6658,EMB145-D-2,D,2,3,17916.884,2188.18968,0,304.8,67.7522748,0.819286667,TO,ANP2.2,
6659,EMB145-D-2,D,2,4,17916.884,2492.98968,0,341.71128,67.8551636,0.626805333,CL,ANP2.2,
6660,EMB145-D-2,D,2,5,17916.884,8663.84856,0,788.02992,116.9845656,0.559189333,CL,ANP2.2,
6661,EMB145-D-2,D,2,6,17916.884,9739.30488,0,914.4,117.7047872,0.563246667,CL,ANP2.2,
6662,EMB145-D-2,D,2,7,17916.884,12425.35488,0,1028.05992,134.4756616,0.539452,CL,ANP2.2,
6663,EMB145-D-2,D,2,8,17916.884,18720.9684,0,1676.4,138.8484356,0.560273333,CL,ANP2.2,
6664,EMB145-D-2,D,2,9,17916.884,25067.08728,0,2286.0,143.1697652,0.579849333,CL,ANP2.2,
6665,EMB145-D-2,D,2,10,17916.884,33685.76448,0,3048.0,148.8286492,0.60432,CL,ANP2.2,
6666,EMB145-D-3,D,3,1,18960.1456,0.0,0,0.0,0.0,0.965893333,TO,ANP2.2,
6667,EMB145-D-3,D,3,2,18960.1456,957.49872,0,0.0,68.678274,0.802609333,TO,ANP2.2,
6668,EMB145-D-3,D,3,3,18960.1456,2422.48944,0,304.8,69.6557176,0.814730667,TO,ANP2.2,
6669,EMB145-D-3,D,3,4,18960.1456,2727.28944,0,338.41944,69.8100508,0.623274667,CL,ANP2.2,
6670,EMB145-D-3,D,3,5,18960.1456,9946.17264,0,852.95232,117.3446764,0.561273333,CL,ANP2.2,
6671,EMB145-D-3,D,3,6,18960.1456,10520.84256,0,914.4,117.7047872,0.563246667,CL,ANP2.2,
6672,EMB145-D-3,D,3,7,18960.1456,13649.8584,0,1046.71368,134.6299948,0.540052,CL,ANP2.2,
6673,EMB145-D-3,D,3,8,18960.1456,20383.98768,0,1676.4,138.8484356,0.560273333,CL,ANP2.2,
6674,EMB145-D-3,D,3,9,18960.1456,27384.93888,0,2286.0,143.1697652,0.579849333,CL,ANP2.2,
6675,EMB145-D-3,D,3,10,18960.1456,36926.03232,0,3048.0,148.8286492,0.60432,CL,ANP2.2,
6676,EMB145-D-4,D,4,1,19958.048,0.0,0,0.0,0.0,0.965893333,TO,ANP2.2,
6677,EMB145-D-4,D,4,2,19958.048,1066.55616,0,0.0,70.4273836,0.798368,TO,ANP2.2,
6678,EMB145-D-4,D,4,3,19958.048,2659.65432,0,304.8,71.507716,0.810489333,TO,ANP2.2,
6679,EMB145-D-4,D,4,4,19958.048,2964.45432,0,335.5848,71.6106048,0.619996,CL,ANP2.2,
6680,EMB145-D-4,D,4,5,19958.048,11393.75928,0,924.67176,117.7562316,0.563576,CL,ANP2.2,
6681,EMB145-D-4,D,4,6,19958.048,11913.80904,0,975.36,118.064898,0.565204,CL,ANP2.2,
6682,EMB145-D-4,D,4,7,19958.048,15620.238,0,1131.53952,135.1958832,0.542776,CL,ANP2.2,
6683,EMB145-D-4,D,4,8,19958.048,22026.03672,0,1676.4,138.8484356,0.560273333,CL,ANP2.2,
6684,EMB145-D-4,D,4,9,19958.048,29706.02136,0,2286.0,143.1697652,0.579849333,CL,ANP2.2,
6685,EMB145-D-4,D,4,10,19958.048,40210.64856,0,3048.0,148.8286492,0.60432,CL,ANP2.2,
6686,EMB14L-A-1,A,1,1,16000.4578,-34895.57664,0,1828.8,139.928768,0.059364,AP,ANP2.2,
6687,EMB14L-A-1,A,1,2,16000.4578,-9028.69416,0,473.17152,74.3886024,0.050328,AP,ANP2.2,
6688,EMB14L-A-1,A,1,3,16000.4578,-8723.89416,0,457.2,73.2568256,0.211601333,AP,ANP2.2,
6689,EMB14L-A-1,A,1,4,16000.4578,-6120.71928,0,320.77152,72.7423816,0.208174667,AP,ANP2.2,
6690,EMB14L-A-1,A,1,5,16000.4578,-5815.91928,0,304.8,72.6909372,0.345274667,AP,ANP2.2,
6691,EMB14L-A-1,A,1,6,16000.4578,-2907.97488,0,152.4,71.1476052,0.339057333,AP,ANP2.2,
6692,EMB14L-A-1,A,1,7,16000.4578,-304.8,0,15.97152,68.5239408,0.333604,AP,ANP2.2,
6693,EMB14L-A-1,A,1,8,16000.4578,0.0,0,0.0,68.2152744,0.333002667,AP,ANP2.2,
6694,EMB14L-A-1,A,1,9,16000.4578,87.0204,0,0.0,67.5464972,0.4,AP,ANP2.2,
6695,EMB14L-A-1,A,1,10,16000.4578,783.1836,0,0.0,15.3304312,0.1,AP,ANP2.2,
6696,EMB14L-D-1,D,1,1,16000.4578,0.0,0,0.0,0.0,0.966976,TO,ANP2.2,
6697,EMB14L-D-1,D,1,2,16000.4578,644.77392,0,0.0,63.0708344,0.825485333,TO,ANP2.2,
6698,EMB14L-D-1,D,1,3,16000.4578,1732.05648,0,304.8,63.9968336,0.856785333,TO,ANP2.2,
6699,EMB14L-D-1,D,1,4,16000.4578,2036.85648,0,360.51744,64.2026112,0.738372,CL,ANP2.2,
6700,EMB14L-D-1,D,1,5,16000.4578,5310.74376,0,604.14408,115.9042332,0.649221333,CL,ANP2.2,
6701,EMB14L-D-1,D,1,6,16000.4578,7057.40016,0,914.4,117.7047872,0.660044,CL,ANP2.2,
6702,EMB14L-D-1,D,1,7,16000.4578,8548.116,0,977.55456,134.1669952,0.631970667,CL,ANP2.2,
6703,EMB14L-D-1,D,1,8,16000.4578,12994.9956,0,1676.4,138.8484356,0.656346667,CL,ANP2.2,
6704,EMB14L-D-1,D,1,9,16000.4578,17144.5428,0,2286.0,143.1697652,0.677610667,CL,ANP2.2,
6705,EMB14L-D-1,D,1,10,16000.4578,22740.73176,0,3048.0,148.8286492,0.704190667,CL,ANP2.2,
6706,EMB14L-D-2,D,2,1,17996.2626,0.0,0,0.0,0.0,0.966976,TO,ANP2.2,
6707,EMB14L-D-2,D,2,2,17996.2626,824.1792,0,0.0,66.87772,0.816921333,TO,ANP2.2,
6708,EMB14L-D-2,D,2,3,17996.2626,2128.84512,0,304.8,67.906608,0.84822,TO,ANP2.2,
6709,EMB14L-D-2,D,2,4,17996.2626,2433.64512,0,351.7392,68.0609412,0.730536,CL,ANP2.2,
6710,EMB14L-D-2,D,2,5,17996.2626,6517.81272,0,654.92376,116.2128996,0.650993333,CL,ANP2.2,
6711,EMB14L-D-2,D,2,6,17996.2626,8253.89256,0,914.4,117.7047872,0.660044,CL,ANP2.2,
6712,EMB14L-D-2,D,2,7,17996.2626,10134.78288,0,994.04424,134.269884,0.632545333,CL,ANP2.2,
6713,EMB14L-D-2,D,2,8,17996.2626,15314.3712,0,1676.4,138.8484356,0.656346667,CL,ANP2.2,
6714,EMB14L-D-2,D,2,9,17996.2626,20277.18576,0,2286.0,143.1697652,0.677610667,CL,ANP2.2,
6715,EMB14L-D-2,D,2,10,17996.2626,26998.69632,0,3048.0,148.8286492,0.704190667,CL,ANP2.2,
6716,EMB14L-D-3,D,3,1,19005.5048,0.0,0,0.0,0.0,0.966976,TO,ANP2.2,
6717,EMB14L-D-3,D,3,2,19005.5048,923.90976,0,0.0,68.7297184,0.812770667,TO,ANP2.2,
6718,EMB14L-D-3,D,3,3,19005.5048,2346.53328,0,304.8,69.7586064,0.844069333,TO,ANP2.2,
6719,EMB14L-D-3,D,3,4,19005.5048,2651.33328,0,348.02064,69.9129396,0.726758667,CL,ANP2.2,
6720,EMB14L-D-3,D,3,5,19005.5048,7202.75928,0,682.32528,116.3672328,0.651949333,CL,ANP2.2,
6721,EMB14L-D-3,D,3,6,19005.5048,8889.76632,0,914.4,117.7047872,0.660044,CL,ANP2.2,
6722,EMB14L-D-3,D,3,7,19005.5048,11006.96808,0,1004.04168,134.3213284,0.632893333,CL,ANP2.2,
6723,EMB14L-D-3,D,3,8,19005.5048,16564.356,0,1676.4,138.8484356,0.656346667,CL,ANP2.2,
6724,EMB14L-D-3,D,3,9,19005.5048,21975.80568,0,2286.0,143.1697652,0.677610667,CL,ANP2.2,
6725,EMB14L-D-3,D,3,10,19005.5048,29322.73536,0,3048.0,148.8286492,0.704190667,CL,ANP2.2,
6726,EMB14L-D-4,D,4,1,20003.4072,0.0,0,0.0,0.0,0.966976,TO,ANP2.2,
6727,EMB14L-D-4,D,4,2,20003.4072,1028.51712,0,0.0,70.5302724,0.808773333,TO,ANP2.2,
6728,EMB14L-D-4,D,4,3,20003.4072,2573.76168,0,304.8,71.5591604,0.840073333,TO,ANP2.2,
6729,EMB14L-D-4,D,4,4,20003.4072,2878.56168,0,344.75928,71.7134936,0.723130667,CL,ANP2.2,
6730,EMB14L-D-4,D,4,5,20003.4072,7924.1904,0,708.93432,116.521566,0.652877333,CL,ANP2.2,
6731,EMB14L-D-4,D,4,6,20003.4072,9541.67256,0,914.4,117.7047872,0.660044,CL,ANP2.2,
6732,EMB14L-D-4,D,4,7,20003.4072,11925.26952,0,1015.2888,134.4242172,0.633286667,CL,ANP2.2,
6733,EMB14L-D-4,D,4,8,20003.4072,17857.34808,0,1676.4,138.8484356,0.656346667,CL,ANP2.2,
6734,EMB14L-D-4,D,4,9,20003.4072,23740.35384,0,2286.0,143.1697652,0.677610667,CL,ANP2.2,
6735,EMB14L-D-4,D,4,10,20003.4072,31748.24232,0,3048.0,148.8286492,0.704190667,CL,ANP2.2,
6736,EMB14L-D-5,D,5,1,21001.3096,0.0,0,0.0,0.0,0.966976,TO,ANP2.2,
6737,EMB14L-D-5,D,5,2,21001.3096,1139.19,0,0.0,72.279382,0.804876,TO,ANP2.2,
6738,EMB14L-D-5,D,5,3,21001.3096,2813.51736,0,304.8,73.30827,0.836174667,TO,ANP2.2,
6739,EMB14L-D-5,D,5,4,21001.3096,3118.31736,0,341.80272,73.4626032,0.719601333,CL,ANP2.2,
6740,EMB14L-D-5,D,5,5,21001.3096,8699.05296,0,735.90912,116.6758992,0.653818667,CL,ANP2.2,
6741,EMB14L-D-5,D,5,6,21001.3096,10217.62752,0,914.4,117.7047872,0.660044,CL,ANP2.2,
6742,EMB14L-D-5,D,5,7,21001.3096,12907.79232,0,1028.21232,134.4756616,0.633737333,CL,ANP2.2,
6743,EMB14L-D-5,D,5,8,21001.3096,19211.14776,0,1676.4,138.8484356,0.656346667,CL,ANP2.2,
6744,EMB14L-D-5,D,5,9,21001.3096,25596.31152,0,2286.0,143.1697652,0.677610667,CL,ANP2.2,
6745,EMB14L-D-5,D,5,10,21001.3096,34312.15896,0,3048.0,148.8286492,0.704190667,CL,ANP2.2,
6746,EMB14L-D-6,D,6,1,21999.212,0.0,0,0.0,0.0,0.966976,TO,ANP2.2,
6747,EMB14L-D-6,D,6,2,21999.212,1255.9284,0,0.0,73.9770472,0.801069333,TO,ANP2.2,
6748,EMB14L-D-6,D,6,3,21999.212,3066.50136,0,304.8,75.0573796,0.832369333,TO,ANP2.2,
6749,EMB14L-D-6,D,6,4,21999.212,3371.30136,0,339.12048,75.1602684,0.716161333,CL,ANP2.2,
6750,EMB14L-D-6,D,6,5,21999.212,9502.96296,0,759.77496,116.8302324,0.654650667,CL,ANP2.2,
6751,EMB14L-D-6,D,6,6,21999.212,10922.26416,0,914.4,117.7047872,0.660044,CL,ANP2.2,
6752,EMB14L-D-6,D,6,7,21999.212,13969.16688,0,1043.26944,134.5785504,0.634261333,CL,ANP2.2,
6753,EMB14L-D-6,D,6,8,21999.212,20633.436,0,1676.4,138.8484356,0.656346667,CL,ANP2.2,
6754,EMB14L-D-6,D,6,9,21999.212,27554.62104,0,2286.0,143.1697652,0.677610667,CL,ANP2.2,
6755,EMB14L-D-6,D,6,10,21999.212,37030.7616,0,3048.0,148.8286492,0.704190667,CL,ANP2.2,
6756,EMB170-A-1,A,1,1,28608.04744,-34895.57664,0,1828.8,139.928768,0.000671014,AP,ANP2.2,
6757,EMB170-A-1,A,1,2,28608.04744,-17447.78832,0,914.4,96.3039168,0.020598551,AP,ANP2.2,
6758,EMB170-A-1,A,1,3,28608.04744,-11631.86904,0,609.6,73.7712696,0.031468116,AP,ANP2.2,
6759,EMB170-A-1,A,1,4,28608.04744,-9028.69416,0,473.17152,68.6268296,0.03405,AP,ANP2.2,
6760,EMB170-A-1,A,1,5,28608.04744,-8723.89416,0,457.2,68.0094968,0.236508696,AP,ANP2.2,
6761,EMB170-A-1,A,1,6,28608.04744,-304.8,0,15.97152,65.2314992,0.224384783,AP,ANP2.2,
6762,EMB170-A-1,A,1,7,28608.04744,0.0,0,0.0,65.1286104,0.22398913,AP,ANP2.2,
6763,EMB170-A-1,A,1,8,28608.04744,81.44256,0,0.0,61.4246136,0.4,AP,ANP2.2,
6764,EMB170-A-1,A,1,9,28608.04744,733.044,0,0.0,15.3304312,0.1,AP,ANP2.2,
6765,EMB170-D-1,D,1,1,28608.04744,0.0,0,0.0,0.0,0.964728261,TO,ANP2.2,
6766,EMB170-D-1,D,1,2,28608.04744,878.1288,0,0.0,74.5429356,0.780794928,TO,ANP2.2,
6767,EMB170-D-1,D,1,3,28608.04744,2564.95296,0,457.2,76.1891564,0.79980942,TO,ANP2.2,
6768,EMB170-D-1,D,1,4,28608.04744,2869.75296,0,527.1516,76.4463784,0.735527536,CL,ANP2.2,
6769,EMB170-D-1,D,1,5,28608.04744,4557.09528,0,914.4,77.8868216,0.750013043,CL,ANP2.2,
6770,EMB170-D-1,D,1,6,28608.04744,6508.82112,0,1100.328,105.2552424,0.707363768,CL,ANP2.2,
6771,EMB170-D-1,D,1,7,28608.04744,9323.28336,0,1357.76208,131.2346644,0.669344203,CL,ANP2.2,
6772,EMB170-D-1,D,1,8,28608.04744,11180.6736,0,1676.4,133.2924404,0.673742754,CL,ANP2.2,
6773,EMB170-D-1,D,1,9,28608.04744,15009.99792,0,2286.0,137.4594368,0.673771739,CL,ANP2.2,
6774,EMB170-D-1,D,1,10,28608.04744,20518.31304,0,3048.0,142.8610988,0.658318116,CL,ANP2.2,
6775,EMB170-D-2,D,2,1,30208.77361,0.0,0,0.0,0.0,0.964728261,TO,ANP2.2,
6776,EMB170-D-2,D,2,2,30208.77361,985.54032,0,0.0,76.6007116,0.775718841,TO,ANP2.2,
6777,EMB170-D-2,D,2,3,30208.77361,2822.11272,0,457.2,78.2983768,0.794734058,TO,ANP2.2,
6778,EMB170-D-2,D,2,4,30208.77361,3126.91272,0,521.45184,78.5555988,0.731371739,CL,ANP2.2,
6779,EMB170-D-2,D,2,5,30208.77361,4991.49624,0,914.4,80.0474864,0.746103623,CL,ANP2.2,
6780,EMB170-D-2,D,2,6,30208.77361,7178.74104,0,1114.5012,107.004352,0.704715942,CL,ANP2.2,
6781,EMB170-D-2,D,2,7,30208.77361,10109.24064,0,1368.79584,131.2861088,0.669547101,CL,ANP2.2,
6782,EMB170-D-2,D,2,8,30208.77361,12048.34776,0,1676.4,133.2924404,0.673742754,CL,ANP2.2,
6783,EMB170-D-2,D,2,9,30208.77361,16191.95136,0,2286.0,137.4594368,0.673771739,CL,ANP2.2,
6784,EMB170-D-2,D,2,10,30208.77361,22170.20712,0,3048.0,142.8610988,0.658318116,CL,ANP2.2,
6785,EMB170-D-3,D,3,1,31970.97853,0.0,0,0.0,0.0,0.964728261,TO,ANP2.2,
6786,EMB170-D-3,D,3,2,31970.97853,1111.66656,0,0.0,78.8128208,0.770284058,TO,ANP2.2,
6787,EMB170-D-3,D,3,3,31970.97853,3120.75576,0,457.2,80.5619304,0.789299275,TO,ANP2.2,
6788,EMB170-D-3,D,3,4,31970.97853,3425.55576,0,515.874,80.767708,0.726944928,CL,ANP2.2,
6789,EMB170-D-3,D,3,5,31970.97853,5495.42208,0,914.4,82.3624844,0.741918116,CL,ANP2.2,
6790,EMB170-D-3,D,3,6,31970.97853,7857.95736,0,1117.3968,108.290462,0.702553623,CL,ANP2.2,
6791,EMB170-D-3,D,3,7,31970.97853,10963.1988,0,1372.60584,131.3375532,0.669616667,CL,ANP2.2,
6792,EMB170-D-3,D,3,8,31970.97853,13043.0016,0,1676.4,133.2924404,0.673742754,CL,ANP2.2,
6793,EMB170-D-3,D,3,9,31970.97853,17549.04288,0,2286.0,137.4594368,0.673771739,CL,ANP2.2,
6794,EMB170-D-3,D,3,10,31970.97853,24073.34784,0,3048.0,142.8610988,0.658318116,CL,ANP2.2,
6795,EMB175-A-1,A,1,1,29800.08722,-34895.57664,0,1828.8,139.928768,0.000671014,AP,ANP2.2,
6796,EMB175-A-1,A,1,2,29800.08722,-17447.78832,0,914.4,96.3039168,0.020598551,AP,ANP2.2,
6797,EMB175-A-1,A,1,3,29800.08722,-11631.86904,0,609.6,73.7712696,0.031468116,AP,ANP2.2,
6798,EMB175-A-1,A,1,4,29800.08722,-9028.69416,0,473.17152,68.6268296,0.03405,AP,ANP2.2,
6799,EMB175-A-1,A,1,5,29800.08722,-8723.89416,0,457.2,68.0094968,0.245806522,AP,ANP2.2,
6800,EMB175-A-1,A,1,6,29800.08722,-304.8,0,15.97152,66.3118316,0.233205797,AP,ANP2.2,
6801,EMB175-A-1,A,1,7,29800.08722,0.0,0,0.0,66.2089428,0.232794928,AP,ANP2.2,
6802,EMB175-A-1,A,1,8,29800.08722,84.21624,0,0.0,61.4246136,0.4,AP,ANP2.2,
6803,EMB175-A-1,A,1,9,29800.08722,758.0376,0,0.0,15.3304312,0.1,AP,ANP2.2,
6804,EMB175-D-1,D,1,1,29800.08722,0.0,0,0.0,0.0,0.964728261,TO,ANP2.2,
6805,EMB175-D-1,D,1,2,29800.08722,968.07528,0,0.0,75.9319344,0.777286957,TO,ANP2.2,
6806,EMB175-D-1,D,1,3,29800.08722,2768.62032,0,457.2,77.6295996,0.796301449,TO,ANP2.2,
6807,EMB175-D-1,D,1,4,29800.08722,3073.42032,0,522.70152,77.8868216,0.732633333,CL,ANP2.2,
6808,EMB175-D-1,D,1,5,29800.08722,4896.03288,0,914.4,79.3787092,0.74731087,CL,ANP2.2,
6809,EMB175-D-1,D,1,6,29800.08722,6921.82512,0,1104.19896,105.3066868,0.707465217,CL,ANP2.2,
6810,EMB175-D-1,D,1,7,29800.08722,9979.51776,0,1376.0196,131.3375532,0.669677536,CL,ANP2.2,
6811,EMB175-D-1,D,1,8,29800.08722,11835.50592,0,1676.4,133.2924404,0.673742754,CL,ANP2.2,
6812,EMB175-D-1,D,1,9,29800.08722,15892.79016,0,2286.0,137.4594368,0.673771739,CL,ANP2.2,
6813,EMB175-D-1,D,1,10,29800.08722,21740.89632,0,3048.0,142.8610988,0.658318116,CL,ANP2.2,
6814,EMB175-D-2,D,2,1,31506.04673,0.0,0,0.0,0.0,0.964728261,TO,ANP2.2,
6815,EMB175-D-2,D,2,2,31506.04673,1089.5076,0,0.0,78.0925992,0.771996377,TO,ANP2.2,
6816,EMB175-D-2,D,2,3,31506.04673,3055.55904,0,457.2,79.8417088,0.79101087,TO,ANP2.2,
6817,EMB175-D-2,D,2,4,31506.04673,3360.35904,0,517.15416,80.0474864,0.728318841,CL,ANP2.2,
6818,EMB175-D-2,D,2,5,31506.04673,5379.8724,0,914.4,81.6422628,0.743236957,CL,ANP2.2,
6819,EMB175-D-2,D,2,6,31506.04673,7634.7828,0,1112.76384,107.2101296,0.704282609,CL,ANP2.2,
6820,EMB175-D-2,D,2,7,31506.04673,10797.26568,0,1378.6104,131.3375532,0.669723913,CL,ANP2.2,
6821,EMB175-D-2,D,2,8,31506.04673,12791.41968,0,1676.4,133.2924404,0.673742754,CL,ANP2.2,
6822,EMB175-D-2,D,2,9,31506.04673,17194.49952,0,2286.0,137.4594368,0.673771739,CL,ANP2.2,
6823,EMB175-D-2,D,2,10,31506.04673,23562.35064,0,3048.0,142.8610988,0.658318116,CL,ANP2.2,
6824,EMB175-D-3,D,3,1,33347.17666,0.0,0,0.0,0.0,0.964728261,TO,ANP2.2,
6825,EMB175-D-3,D,3,2,33347.17666,1229.38032,0,0.0,80.3561528,0.766444928,TO,ANP2.2,
6826,EMB175-D-3,D,3,3,33347.17666,3383.18856,0,457.2,82.1567068,0.78545942,TO,ANP2.2,
6827,EMB175-D-3,D,3,4,33347.17666,3687.98856,0,511.88112,82.3624844,0.723813768,CL,ANP2.2,
6828,EMB175-D-3,D,3,5,33347.17666,5932.13952,0,914.4,84.0087052,0.738961594,CL,ANP2.2,
6829,EMB175-D-3,D,3,6,33347.17666,8396.20368,0,1117.64064,108.7534616,0.701684058,CL,ANP2.2,
6830,EMB175-D-3,D,3,7,33347.17666,11722.66896,0,1382.20704,131.3889976,0.669788406,CL,ANP2.2,
6831,EMB175-D-3,D,3,8,33347.17666,13865.10816,0,1676.4,133.2924404,0.673742754,CL,ANP2.2,
6832,EMB175-D-3,D,3,9,33347.17666,18660.4656,0,2286.0,137.4594368,0.673771739,CL,ANP2.2,
6833,EMB175-D-3,D,3,10,33347.17666,25622.92056,0,3048.0,142.8610988,0.658318116,CL,ANP2.2,
6834,EMB190-A-1,A,1,1,37884.00384,-34895.57664,0,1828.8,139.928768,0.012665405,AP,ANP2.2,
6835,EMB190-A-1,A,1,2,37884.00384,-17447.78832,0,914.4,96.3039168,0.024692432,AP,ANP2.2,
6836,EMB190-A-1,A,1,3,37884.00384,-11631.86904,0,609.6,73.7712696,0.03198973,AP,ANP2.2,
6837,EMB190-A-1,A,1,4,37884.00384,-9028.69416,0,473.17152,68.6268296,0.03348,AP,ANP2.2,
6838,EMB190-A-1,A,1,5,37884.00384,-8723.89416,0,457.2,68.0094968,0.215550811,AP,ANP2.2,
6839,EMB190-A-1,A,1,6,37884.00384,-304.8,0,15.97152,65.7973876,0.204501622,AP,ANP2.2,
6840,EMB190-A-1,A,1,7,37884.00384,0.0,0,0.0,65.6944988,0.204143784,AP,ANP2.2,
6841,EMB190-A-1,A,1,8,37884.00384,82.87512,0,0.0,61.4246136,0.4,AP,ANP2.2,
6842,EMB190-A-1,A,1,9,37884.00384,745.8456,0,0.0,15.3304312,0.1,AP,ANP2.2,
6843,EMB190-D-1,D,1,1,37884.00384,0.0,0,0.0,0.0,0.944543784,TO,ANP2.2,
6844,EMB190-D-1,D,1,2,37884.00384,879.62232,0,0.0,73.1539368,0.797816216,TO,ANP2.2,
6845,EMB190-D-1,D,1,3,37884.00384,2520.17784,0,457.2,74.8001576,0.821703243,TO,ANP2.2,
6846,EMB190-D-1,D,1,4,37884.00384,2824.97784,0,525.13992,75.0573796,0.727674595,CL,ANP2.2,
6847,EMB190-D-1,D,1,5,37884.00384,4571.0856,0,914.4,76.4463784,0.737885946,CL,ANP2.2,
6848,EMB190-D-1,D,1,6,37884.00384,6591.4524,0,1108.89288,104.8436872,0.702208649,CL,ANP2.2,
6849,EMB190-D-1,D,1,7,37884.00384,10075.83456,0,1416.07032,137.099326,0.66342973,CL,ANP2.2,
6850,EMB190-D-1,D,1,8,37884.00384,11599.86504,0,1676.4,138.8484356,0.665577297,CL,ANP2.2,
6851,EMB190-D-1,D,1,9,37884.00384,15440.1012,0,2286.0,143.1697652,0.664835676,CL,ANP2.2,
6852,EMB190-D-1,D,1,10,37884.00384,20954.32944,0,3048.0,148.8286492,0.652537297,CL,ANP2.2,
6853,EMB190-D-2,D,2,1,39805.87314,0.0,0,0.0,0.0,0.944543784,TO,ANP2.2,
6854,EMB190-D-2,D,2,2,39805.87314,975.60384,0,0.0,75.0059352,0.794140541,TO,ANP2.2,
6855,EMB190-D-2,D,2,3,39805.87314,2746.73568,0,457.2,76.652156,0.818027027,TO,ANP2.2,
6856,EMB190-D-2,D,2,4,39805.87314,3051.53568,0,520.04976,76.909378,0.724751351,CL,ANP2.2,
6857,EMB190-D-2,D,2,5,39805.87314,4963.75944,0,914.4,78.4012656,0.735117838,CL,ANP2.2,
6858,EMB190-D-2,D,2,6,39805.87314,7141.58592,0,1111.758,106.1812416,0.700327027,CL,ANP2.2,
6859,EMB190-D-2,D,2,7,39805.87314,10783.88496,0,1416.37512,137.099326,0.663433514,CL,ANP2.2,
6860,EMB190-D-2,D,2,8,39805.87314,12417.33864,0,1676.4,138.8484356,0.665577297,CL,ANP2.2,
6861,EMB190-D-2,D,2,9,39805.87314,16543.23336,0,2286.0,143.1697652,0.664835676,CL,ANP2.2,
6862,EMB190-D-2,D,2,10,39805.87314,22483.54152,0,3048.0,148.8286492,0.652537297,CL,ANP2.2,
6863,EMB190-D-3,D,3,1,41895.1179,0.0,0,0.0,0.0,0.944543784,TO,ANP2.2,
6864,EMB190-D-3,D,3,2,41895.1179,1086.03288,0,0.0,76.909378,0.790244324,TO,ANP2.2,
6865,EMB190-D-3,D,3,3,41895.1179,3004.7184,0,457.2,78.6584876,0.814130811,TO,ANP2.2,
6866,EMB190-D-3,D,3,4,41895.1179,3309.5184,0,515.112,78.8642652,0.721665405,CL,ANP2.2,
6867,EMB190-D-3,D,3,5,41895.1179,5411.17536,0,914.4,80.4075972,0.732183784,CL,ANP2.2,
6868,EMB190-D-3,D,3,6,41895.1179,7777.21584,0,1115.75088,107.7245736,0.698232973,CL,ANP2.2,
6869,EMB190-D-3,D,3,7,41895.1179,11581.0284,0,1416.95424,137.099326,0.66344,CL,ANP2.2,
6870,EMB190-D-3,D,3,8,41895.1179,13336.31064,0,1676.4,138.8484356,0.665577297,CL,ANP2.2,
6871,EMB190-D-3,D,3,9,41895.1179,17786.05536,0,2286.0,143.1697652,0.664835676,CL,ANP2.2,
6872,EMB190-D-3,D,3,10,41895.1179,24212.76336,0,3048.0,148.8286492,0.652537297,CL,ANP2.2,
6873,EMB190-D-4,D,4,1,45656.75635,0.0,0,0.0,0.0,0.944543784,TO,ANP2.2,
6874,EMB190-D-4,D,4,2,45656.75635,1300.94736,0,0.0,80.3047084,0.783465946,TO,ANP2.2,
6875,EMB190-D-4,D,4,3,45656.75635,3501.90816,0,457.2,82.1052624,0.807352432,TO,ANP2.2,
6876,EMB190-D-4,D,4,4,45656.75635,3806.70816,0,507.46152,82.31104,0.716325405,CL,ANP2.2,
6877,EMB190-D-4,D,4,5,45656.75635,6275.2224,0,914.4,83.9572608,0.727079459,CL,ANP2.2,
6878,EMB190-D-4,D,4,6,45656.75635,9005.10264,0,1119.77424,110.6569044,0.69412973,CL,ANP2.2,
6879,EMB190-D-4,D,4,7,45656.75635,12978.90216,0,1402.65912,136.9964372,0.663278919,CL,ANP2.2,
6880,EMB190-D-4,D,4,8,45656.75635,20137.95312,0,2286.0,143.1697652,0.664835676,CL,ANP2.2,
6881,EMB190-D-4,D,4,9,45656.75635,27507.80376,0,3048.0,148.8286492,0.652537297,CL,ANP2.2,
6882,EMB195-A-1,A,1,1,39506.04883,-34895.57664,0,1828.8,139.928768,0.012665405,AP,ANP2.2,
6883,EMB195-A-1,A,1,2,39506.04883,-17447.78832,0,914.4,96.3039168,0.024692432,AP,ANP2.2,
6884,EMB195-A-1,A,1,3,39506.04883,-11631.86904,0,609.6,73.7712696,0.03198973,AP,ANP2.2,
6885,EMB195-A-1,A,1,4,39506.04883,-9028.69416,0,473.17152,68.6268296,0.03348,AP,ANP2.2,
6886,EMB195-A-1,A,1,5,39506.04883,-8723.89416,0,457.2,68.0094968,0.22515027,AP,ANP2.2,
6887,EMB195-A-1,A,1,6,39506.04883,-304.8,0,15.97152,66.9291644,0.213609189,AP,ANP2.2,
6888,EMB195-A-1,A,1,7,39506.04883,0.0,0,0.0,66.87772,0.213235135,AP,ANP2.2,
6889,EMB195-A-1,A,1,8,39506.04883,85.67928,0,0.0,61.4246136,0.4,AP,ANP2.2,
6890,EMB195-A-1,A,1,9,39506.04883,771.144,0,0.0,15.3304312,0.1,AP,ANP2.2,
6891,EMB195-D-1,D,1,1,39506.04883,0.0,0,0.0,0.0,0.944543784,TO,ANP2.2,
6892,EMB195-D-1,D,1,2,39506.04883,952.43904,0,0.0,74.6972688,0.794735676,TO,ANP2.2,
6893,EMB195-D-1,D,1,3,39506.04883,2706.53256,0,457.2,76.3434896,0.818622162,TO,ANP2.2,
6894,EMB195-D-1,D,1,4,39506.04883,3011.33256,0,520.65936,76.6007116,0.725217297,CL,ANP2.2,
6895,EMB195-D-1,D,1,5,39506.04883,4902.73848,0,914.4,78.0925992,0.735565946,CL,ANP2.2,
6896,EMB195-D-1,D,1,6,39506.04883,7105.55856,0,1117.2444,106.1812416,0.700501081,CL,ANP2.2,
6897,EMB195-D-1,D,1,7,39506.04883,10748.772,0,1423.81224,137.1507704,0.663515135,CL,ANP2.2,
6898,EMB195-D-1,D,1,8,39506.04883,16426.98264,0,2286.0,143.1697652,0.664835676,CL,ANP2.2,
6899,EMB195-D-1,D,1,9,39506.04883,22343.91264,0,3048.0,148.8286492,0.652537297,CL,ANP2.2,
6900,EMB195-D-2,D,2,1,41529.97634,0.0,0,0.0,0.0,0.944543784,TO,ANP2.2,
6901,EMB195-D-2,D,2,2,41529.97634,1057.56456,0,0.0,76.6007116,0.790945946,TO,ANP2.2,
6902,EMB195-D-2,D,2,3,41529.97634,2954.24352,0,457.2,78.2983768,0.814832432,TO,ANP2.2,
6903,EMB195-D-2,D,2,4,41529.97634,3259.04352,0,515.78256,78.5041544,0.722214595,CL,ANP2.2,
6904,EMB195-D-2,D,2,5,41529.97634,5333.3904,0,914.4,80.0474864,0.732712432,CL,ANP2.2,
6905,EMB195-D-2,D,2,6,41529.97634,7665.04944,0,1117.27488,107.0557964,0.699264324,CL,ANP2.2,
6906,EMB195-D-2,D,2,7,41529.97634,11615.07456,0,1438.3512,137.2536592,0.663671351,CL,ANP2.2,
6907,EMB195-D-2,D,2,8,41529.97634,17631.70464,0,2286.0,143.1697652,0.664835676,CL,ANP2.2,
6908,EMB195-D-2,D,2,9,41529.97634,24023.17776,0,3048.0,148.8286492,0.652537297,CL,ANP2.2,
6909,EMB195-D-3,D,3,1,43720.8257,0.0,0,0.0,0.0,0.944543784,TO,ANP2.2,
6910,EMB195-D-3,D,3,2,43720.8257,1178.02152,0,0.0,78.5555988,0.786946486,TO,ANP2.2,
6911,EMB195-D-3,D,3,3,43720.8257,3235.84824,0,457.2,80.3047084,0.810832973,TO,ANP2.2,
6912,EMB195-D-3,D,3,4,43720.8257,3540.64824,0,511.05816,80.5619304,0.719057838,CL,ANP2.2,
6913,EMB195-D-3,D,3,5,43720.8257,5823.56976,0,914.4,82.1567068,0.729700541,CL,ANP2.2,
6914,EMB195-D-3,D,3,6,43720.8257,8378.4948,0,1122.30408,108.804906,0.696879459,CL,ANP2.2,
6915,EMB195-D-3,D,3,7,43720.8257,12456.17016,0,1433.6268,137.2022148,0.663621081,CL,ANP2.2,
6916,EMB195-D-3,D,3,8,43720.8257,18989.86296,0,2286.0,143.1697652,0.664835676,CL,ANP2.2,
6917,EMB195-D-3,D,3,9,43720.8257,25923.42288,0,3048.0,148.8286492,0.652537297,CL,ANP2.2,
6918,EMB195-D-4,D,4,1,47689.7557,0.0,0,0.0,0.0,0.944543784,TO,ANP2.2,
6919,EMB195-D-4,D,4,2,47689.7557,1414.18056,0,0.0,82.053818,0.779948649,TO,ANP2.2,
6920,EMB195-D-4,D,4,3,47689.7557,3783.84816,0,457.2,83.9058164,0.803835135,TO,ANP2.2,
6921,EMB195-D-4,D,4,4,47689.7557,4088.64816,0,503.682,84.0601496,0.713561081,CL,ANP2.2,
6922,EMB195-D-4,D,4,5,47689.7557,6780.97704,0,914.4,85.7578148,0.724430811,CL,ANP2.2,
6923,EMB195-D-4,D,4,6,47689.7557,9696.2976,0,1123.7976,111.4285704,0.693117838,CL,ANP2.2,
6924,EMB195-D-4,D,4,7,47689.7557,14033.63208,0,1422.07488,137.099326,0.663495676,CL,ANP2.2,
6925,EMB195-D-4,D,4,8,47689.7557,21603.43152,0,2286.0,143.1697652,0.664835676,CL,ANP2.2,
6926,EMB195-D-4,D,4,9,47689.7557,29603.27328,0,3048.0,148.8286492,0.652537297,CL,ANP2.2,
6927,F10062-A-1,A,1,1,35380.176,-34895.57664,0,1828.8,139.928768,0.060552518,AP,ANP2.2,
6928,F10062-A-1,A,1,2,35380.176,-17752.58832,0,930.37152,87.5069244,0.054244604,AP,ANP2.2,
6929,F10062-A-1,A,1,3,35380.176,-17447.78832,0,914.4,86.2722588,0.122569065,AP,ANP2.2,
6930,F10062-A-1,A,1,4,35380.176,-9028.69416,0,473.17152,74.3886024,0.116221583,AP,ANP2.2,
6931,F10062-A-1,A,1,5,35380.176,-8723.89416,0,457.2,73.9256028,0.18047482,AP,ANP2.2,
6932,F10062-A-1,A,1,6,35380.176,-6120.71928,0,320.77152,68.8326072,0.177551799,AP,ANP2.2,
6933,F10062-A-1,A,1,7,35380.176,-5815.91928,0,304.8,68.2152744,0.304126619,AP,ANP2.2,
6934,F10062-A-1,A,1,8,35380.176,-304.8,0,15.97152,67.2378308,0.293846763,AP,ANP2.2,
6935,F10062-A-1,A,1,9,35380.176,0.0,0,0.0,67.1863864,0.29332518,AP,ANP2.2,
6936,F10062-A-1,A,1,10,35380.176,96.012,0,0.0,63.7396116,0.4,AP,ANP2.2,
6937,F10062-A-1,A,1,11,35380.176,864.108,0,0.0,15.3304312,0.1,AP,ANP2.2,
6938,F10062-D-1,D,1,1,35380.176,0.0,0,0.0,0.0,0.976379856,TO,ANP2.2,
6939,F10062-D-1,D,1,2,35380.176,1004.19408,0,0.0,73.7712696,0.80462446,TO,ANP2.2,
6940,F10062-D-1,D,1,3,35380.176,2367.32064,0,304.8,74.851602,0.824797122,TO,ANP2.2,
6941,F10062-D-1,D,1,4,35380.176,2968.9044,0,395.75232,80.3561528,0.819101439,CL,ANP2.2,
6942,F10062-D-1,D,1,5,35380.176,3588.07512,0,460.27848,88.4329236,0.805502158,CL,ANP2.2,
6943,F10062-D-1,D,1,6,35380.176,3734.83632,0,482.40696,88.5358124,0.653352518,CL,ANP2.2,
6944,F10062-D-1,D,1,7,35380.176,4353.42792,0,504.50496,96.5096944,0.643739568,CL,ANP2.2,
6945,F10062-D-1,D,1,8,35380.176,7140.73248,0,914.4,98.4131372,0.656994245,CL,ANP2.2,
6946,F10062-D-1,D,1,9,35380.176,11824.4112,0,1126.236,135.1444388,0.618404317,CL,ANP2.2,
6947,F10062-D-1,D,1,10,35380.176,16618.54944,0,1676.4,138.8484356,0.636194245,CL,ANP2.2,
6948,F10062-D-1,D,1,11,35380.176,22302.18552,0,2286.0,143.1697652,0.655906475,CL,ANP2.2,
6949,F10062-D-1,D,1,12,35380.176,30045.44664,0,3048.0,148.8286492,0.680546763,CL,ANP2.2,
6950,F10062-D-2,D,2,1,39008.912,0.0,0,0.0,0.0,0.976379856,TO,ANP2.2,
6951,F10062-D-2,D,2,2,39008.912,1233.89136,0,0.0,77.4752664,0.796030935,TO,ANP2.2,
6952,F10062-D-2,D,2,3,39008.912,2819.67432,0,304.8,78.6070432,0.816203597,TO,ANP2.2,
6953,F10062-D-2,D,2,4,39008.912,3531.59568,0,397.52016,84.0087052,0.810879856,CL,ANP2.2,
6954,F10062-D-2,D,2,5,39008.912,4283.59824,0,465.33816,92.1369204,0.797497842,CL,ANP2.2,
6955,F10062-D-2,D,2,6,39008.912,4503.75528,0,493.56264,92.2398092,0.648893525,CL,ANP2.2,
6956,F10062-D-2,D,2,7,39008.912,5299.00896,0,521.75664,100.2651356,0.639478417,CL,ANP2.2,
6957,F10062-D-2,D,2,8,39008.912,8441.49696,0,914.4,102.1685784,0.65217482,CL,ANP2.2,
6958,F10062-D-2,D,2,9,39008.912,13902.26328,0,1157.87424,135.3502164,0.619427338,CL,ANP2.2,
6959,F10062-D-2,D,2,10,39008.912,19212.21456,0,1676.4,138.8484356,0.636194245,CL,ANP2.2,
6960,F10062-D-2,D,2,11,39008.912,25906.476,0,2286.0,143.1697652,0.655906475,CL,ANP2.2,
6961,F10062-D-2,D,2,12,39008.912,35078.91384,0,3048.0,148.8286492,0.680546763,CL,ANP2.2,
6962,F10062-D-3,D,3,1,42184.056,0.0,0,0.0,0.0,0.976379856,TO,ANP2.2,
6963,F10062-D-3,D,3,2,42184.056,1456.09056,0,0.0,80.5619304,0.788835252,TO,ANP2.2,
6964,F10062-D-3,D,3,3,42184.056,3253.06944,0,304.8,81.7451516,0.809007914,TO,ANP2.2,
6965,F10062-D-3,D,3,4,42184.056,4085.6916,0,400.62912,87.1468136,0.80393741,CL,ANP2.2,
6966,F10062-D-3,D,3,5,42184.056,4970.64792,0,471.31224,95.2750288,0.790744604,CL,ANP2.2,
6967,F10062-D-3,D,3,6,42184.056,5275.44792,0,505.3584,95.429362,0.645144604,CL,ANP2.2,
6968,F10062-D-3,D,3,7,42184.056,6283.26912,0,541.87344,103.5061328,0.635997842,CL,ANP2.2,
6969,F10062-D-3,D,3,8,42184.056,9706.17312,0,914.4,105.4095756,0.648043885,CL,ANP2.2,
6970,F10062-D-3,D,3,9,42184.056,15978.13416,0,1190.57928,135.555994,0.620484892,CL,ANP2.2,
6971,F10062-D-3,D,3,10,42184.056,21685.33128,0,1676.4,138.8484356,0.636194245,CL,ANP2.2,
6972,F10062-D-3,D,3,11,42184.056,29379.76344,0,2286.0,143.1697652,0.655906475,CL,ANP2.2,
6973,F10062-D-3,D,3,12,42184.056,39983.72496,0,3048.0,148.8286492,0.680546763,CL,ANP2.2,
6974,F10065-A-1,A,1,1,36287.36,-34895.57664,0,1828.8,139.928768,0.060652318,AP,ANP2.2,
6975,F10065-A-1,A,1,2,36287.36,-17752.58832,0,930.37152,88.4329236,0.054333775,AP,ANP2.2,
6976,F10065-A-1,A,1,3,36287.36,-17447.78832,0,914.4,87.2497024,0.118182119,AP,ANP2.2,
6977,F10065-A-1,A,1,4,36287.36,-9028.69416,0,473.17152,75.3146016,0.112061589,AP,ANP2.2,
6978,F10065-A-1,A,1,5,36287.36,-8723.89416,0,457.2,74.851602,0.172378808,AP,ANP2.2,
6979,F10065-A-1,A,1,6,36287.36,-6120.71928,0,320.77152,69.7586064,0.169587417,AP,ANP2.2,
6980,F10065-A-1,A,1,7,36287.36,-5815.91928,0,304.8,69.1412736,0.288144371,AP,ANP2.2,
6981,F10065-A-1,A,1,8,36287.36,-304.8,0,15.97152,68.2152744,0.278404636,AP,ANP2.2,
6982,F10065-A-1,A,1,9,36287.36,0.0,0,0.0,68.16383,0.277909272,AP,ANP2.2,
6983,F10065-A-1,A,1,10,36287.36,99.9744,0,0.0,64.6656108,0.4,AP,ANP2.2,
6984,F10065-A-1,A,1,11,36287.36,899.7696,0,0.0,15.3304312,0.1,AP,ANP2.2,
6985,F10065-D-1,D,1,1,36287.36,0.0,0,0.0,0.0,0.981376821,TO,ANP2.2,
6986,F10065-D-1,D,1,2,36287.36,964.0824,0,0.0,75.4174904,0.818206623,TO,ANP2.2,
6987,F10065-D-1,D,1,3,36287.36,2217.38952,0,304.8,76.5492672,0.822511258,TO,ANP2.2,
6988,F10065-D-1,D,1,4,36287.36,2816.56536,0,403.64664,81.9509292,0.813233775,CL,ANP2.2,
6989,F10065-D-1,D,1,5,36287.36,3431.95656,0,473.75064,90.0791444,0.797615232,CL,ANP2.2,
6990,F10065-D-1,D,1,6,36287.36,3577.8948,0,495.69624,90.1820332,0.620598013,CL,ANP2.2,
6991,F10065-D-1,D,1,7,36287.36,4204.89888,0,517.64184,98.1044708,0.610737748,CL,ANP2.2,
6992,F10065-D-1,D,1,8,36287.36,6911.76672,0,914.4,100.059358,0.621409934,CL,ANP2.2,
6993,F10065-D-1,D,1,9,36287.36,11444.84376,0,1118.3112,135.0929944,0.583003311,CL,ANP2.2,
6994,F10065-D-1,D,1,10,36287.36,16368.79632,0,1676.4,138.8484356,0.598015232,CL,ANP2.2,
6995,F10065-D-1,D,1,11,36287.36,22162.4652,0,2286.0,143.1697652,0.614412583,CL,ANP2.2,
6996,F10065-D-1,D,1,12,36287.36,30115.42872,0,3048.0,148.8286492,0.634909272,CL,ANP2.2,
6997,F10065-D-2,D,2,1,39916.096,0.0,0,0.0,0.0,0.981376821,TO,ANP2.2,
6998,F10065-D-2,D,2,2,39916.096,1177.99104,0,0.0,79.1214872,0.810242384,TO,ANP2.2,
6999,F10065-D-2,D,2,3,39916.096,2627.61984,0,304.8,80.253264,0.81454702,TO,ANP2.2,
7000,F10065-D-2,D,2,4,39916.096,3408.30408,0,415.99104,86.16937,0.804549669,CL,ANP2.2,
7001,F10065-D-2,D,2,5,39916.096,4156.77096,0,489.69168,94.3490296,0.788981457,CL,ANP2.2,
7002,F10065-D-2,D,2,6,39916.096,4375.2516,0,517.58088,94.4519184,0.615613245,CL,ANP2.2,
7003,F10065-D-2,D,2,7,39916.096,5184.4956,0,545.50056,102.4772448,0.605913245,CL,ANP2.2,
7004,F10065-D-2,D,2,8,39916.096,8148.58416,0,914.4,104.3292432,0.615836424,CL,ANP2.2,
7005,F10065-D-2,D,2,9,39916.096,13301.3196,0,1142.51232,135.2473276,0.583654305,CL,ANP2.2,
7006,F10065-D-2,D,2,10,39916.096,18822.6192,0,1676.4,138.8484356,0.598015232,CL,ANP2.2,
7007,F10065-D-2,D,2,11,39916.096,25633.80192,0,2286.0,143.1697652,0.614412583,CL,ANP2.2,
7008,F10065-D-2,D,2,12,39916.096,35042.856,0,3048.0,148.8286492,0.634909272,CL,ANP2.2,
7009,F10065-D-3,D,3,1,43544.832,0.0,0,0.0,0.0,0.981376821,TO,ANP2.2,
7010,F10065-D-3,D,3,2,43544.832,1415.1864,0,0.0,82.6197064,0.80263245,TO,ANP2.2,
7011,F10065-D-3,D,3,3,43544.832,3076.86456,0,304.8,83.854372,0.806937086,TO,ANP2.2,
7012,F10065-D-3,D,3,4,43544.832,3930.2436,0,411.26664,89.256034,0.797839735,CL,ANP2.2,
7013,F10065-D-3,D,3,5,43544.832,4821.4788,0,488.56392,97.487138,0.782321854,CL,ANP2.2,
7014,F10065-D-3,D,3,6,43544.832,5126.2788,0,519.95832,97.5900268,0.611497351,CL,ANP2.2,
7015,F10065-D-3,D,3,7,43544.832,6184.5444,0,560.25288,105.6667976,0.602130464,CL,ANP2.2,
7016,F10065-D-3,D,3,8,43544.832,9716.4144,0,914.4,107.518796,0.611656291,CL,ANP2.2,
7017,F10065-D-3,D,3,9,43544.832,15772.1808,0,1179.1188,135.5045496,0.584639073,CL,ANP2.2,
7018,F10065-D-3,D,3,10,43544.832,21776.8932,0,1676.4,138.8484356,0.598015232,CL,ANP2.2,
7019,F10065-D-3,D,3,11,43544.832,29750.55264,0,2286.0,143.1697652,0.614412583,CL,ANP2.2,
7020,F10065-D-3,D,3,12,43544.832,40847.01,0,3048.0,148.8286492,0.634909272,CL,ANP2.2,
7021,F28MK2-A-1,A,1,1,26308.336,-34895.57664,0,1828.8,139.928768,0.104836548,AP,ANP2.2,
7022,F28MK2-A-1,A,1,2,26308.336,-17752.58832,0,930.37152,83.1855948,0.093915736,AP,ANP2.2,
7023,F28MK2-A-1,A,1,3,26308.336,-17447.78832,0,914.4,81.796596,0.158256853,AP,ANP2.2,
7024,F28MK2-A-1,A,1,4,26308.336,-9028.69416,0,473.17152,70.0158284,0.150061929,AP,ANP2.2,
7025,F28MK2-A-1,A,1,5,26308.336,-8723.89416,0,457.2,69.5528288,0.21113198,AP,ANP2.2,
7026,F28MK2-A-1,A,1,6,26308.336,-6120.71928,0,320.77152,64.4598332,0.20771269,AP,ANP2.2,
7027,F28MK2-A-1,A,1,7,26308.336,-5815.91928,0,304.8,63.8425004,0.327540102,AP,ANP2.2,
7028,F28MK2-A-1,A,1,8,26308.336,-304.8,0,15.97152,62.9679456,0.316469036,AP,ANP2.2,
7029,F28MK2-A-1,A,1,9,26308.336,0.0,0,0.0,62.9165012,0.315905584,AP,ANP2.2,
7030,F28MK2-A-1,A,1,10,26308.336,68.03136,0,0.0,59.675504,0.4,AP,ANP2.2,
7031,F28MK2-A-1,A,1,11,26308.336,612.28224,0,0.0,15.3304312,0.1,AP,ANP2.2,
7032,F28MK2-D-1,D,1,1,26308.336,0.0,0,0.0,0.0,1.000767513,TO,ANP2.2,
7033,F28MK2-D-1,D,1,2,26308.336,995.59872,0,0.0,74.2857136,0.887594924,TO,ANP2.2,
7034,F28MK2-D-1,D,1,3,26308.336,2349.64224,0,304.8,75.366046,0.896620305,TO,ANP2.2,
7035,F28MK2-D-1,D,1,4,26308.336,2976.34152,0,400.32432,80.8705968,0.891768528,CL,ANP2.2,
7036,F28MK2-D-1,D,1,5,26308.336,3622.15176,0,468.23376,88.998812,0.882083249,CL,ANP2.2,
7037,F28MK2-D-1,D,1,6,26308.336,3726.942,0,486.3084,89.0502564,0.789901523,CL,ANP2.2,
7038,F28MK2-D-1,D,1,7,26308.336,4251.5028,0,504.38304,97.0241384,0.783345178,CL,ANP2.2,
7039,F28MK2-D-1,D,1,8,26308.336,6691.5792,0,914.4,98.9790256,0.797657868,CL,ANP2.2,
7040,F28MK2-D-1,D,1,9,26308.336,10361.24928,0,1080.30264,134.8357724,0.772301523,CL,ANP2.2,
7041,F28MK2-D-1,D,1,10,26308.336,14719.4016,0,1676.4,138.8484356,0.793109645,CL,ANP2.2,
7042,F28MK2-D-1,D,1,11,26308.336,19536.0036,0,2286.0,143.1697652,0.814388832,CL,ANP2.2,
7043,F28MK2-D-1,D,1,12,26308.336,26153.76024,0,3048.0,148.8286492,0.840987817,CL,ANP2.2,
7044,F28MK2-D-2,D,2,1,29029.888,0.0,0,0.0,0.0,1.000767513,TO,ANP2.2,
7045,F28MK2-D-2,D,2,2,29029.888,1220.05344,0,0.0,78.0411548,0.881885279,TO,ANP2.2,
7046,F28MK2-D-2,D,2,3,29029.888,2796.96672,0,304.8,79.1729316,0.89091066,TO,ANP2.2,
7047,F28MK2-D-2,D,2,4,29029.888,3533.5464,0,401.48256,84.5231492,0.886345178,CL,ANP2.2,
7048,F28MK2-D-2,D,2,5,29029.888,4323.4356,0,473.29344,92.7028088,0.876775635,CL,ANP2.2,
7049,F28MK2-D-2,D,2,6,29029.888,4477.87776,0,495.94008,92.8056976,0.786884264,CL,ANP2.2,
7050,F28MK2-D-2,D,2,7,29029.888,5143.71336,0,518.58672,100.7281352,0.78048731,CL,ANP2.2,
7051,F28MK2-D-2,D,2,8,29029.888,7915.71696,0,914.4,102.7344668,0.794303553,CL,ANP2.2,
7052,F28MK2-D-2,D,2,9,29029.888,12105.55872,0,1101.18144,134.9901056,0.773030457,CL,ANP2.2,
7053,F28MK2-D-2,D,2,10,29029.888,17058.4368,0,1676.4,138.8484356,0.793109645,CL,ANP2.2,
7054,F28MK2-D-2,D,2,11,29029.888,22750.05864,0,2286.0,143.1697652,0.814388832,CL,ANP2.2,
7055,F28MK2-D-2,D,2,12,29029.888,30620.14704,0,3048.0,148.8286492,0.840987817,CL,ANP2.2,
7056,F28MK4-A-1,A,1,1,27669.112,-34895.57664,0,1828.8,139.928768,0.089849495,AP,ANP2.2,
7057,F28MK4-A-1,A,1,2,27669.112,-17752.58832,0,930.37152,83.5457056,0.080488889,AP,ANP2.2,
7058,F28MK4-A-1,A,1,3,27669.112,-17447.78832,0,914.4,82.1567068,0.150622222,AP,ANP2.2,
7059,F28MK4-A-1,A,1,4,27669.112,-9028.69416,0,473.17152,70.3759392,0.142822222,AP,ANP2.2,
7060,F28MK4-A-1,A,1,5,27669.112,-8723.89416,0,457.2,69.9129396,0.209078788,AP,ANP2.2,
7061,F28MK4-A-1,A,1,6,27669.112,-6120.71928,0,320.77152,64.819944,0.205692929,AP,ANP2.2,
7062,F28MK4-A-1,A,1,7,27669.112,-5815.91928,0,304.8,64.2026112,0.335961616,AP,ANP2.2,
7063,F28MK4-A-1,A,1,8,27669.112,-304.8,0,15.97152,63.276612,0.324605051,AP,ANP2.2,
7064,F28MK4-A-1,A,1,9,27669.112,0.0,0,0.0,63.2251676,0.324029293,AP,ANP2.2,
7065,F28MK4-A-1,A,1,10,27669.112,68.18376,0,0.0,59.9841704,0.4,AP,ANP2.2,
7066,F28MK4-A-1,A,1,11,27669.112,613.65384,0,0.0,15.3304312,0.1,AP,ANP2.2,
7067,F28MK4-D-1,D,1,1,27669.112,0.0,0,0.0,0.0,1.001074747,TO,ANP2.2,
7068,F28MK4-D-1,D,1,2,27669.112,963.10704,0,0.0,72.4337152,0.894630303,TO,ANP2.2,
7069,F28MK4-D-1,D,1,3,27669.112,2362.59624,0,304.8,73.5140476,0.902357576,TO,ANP2.2,
7070,F28MK4-D-1,D,1,4,27669.112,3027.66984,0,402.57984,79.3272648,0.896973737,CL,ANP2.2,
7071,F28MK4-D-1,D,1,5,27669.112,3665.09808,0,467.01456,87.4040356,0.887327273,CL,ANP2.2,
7072,F28MK4-D-1,D,1,6,27669.112,3779.24568,0,486.09504,87.5069244,0.789030303,CL,ANP2.2,
7073,F28MK4-D-1,D,1,7,27669.112,4318.28448,0,505.17552,95.429362,0.782275758,CL,ANP2.2,
7074,F28MK4-D-1,D,1,8,27669.112,6831.54336,0,914.4,97.3842492,0.79579697,CL,ANP2.2,
7075,F28MK4-D-1,D,1,9,27669.112,10847.19192,0,1096.88376,134.9386612,0.768347475,CL,ANP2.2,
7076,F28MK4-D-1,D,1,10,27669.112,15243.74904,0,1676.4,138.8484356,0.787494949,CL,ANP2.2,
7077,F28MK4-D-1,D,1,11,27669.112,20239.482,0,2286.0,143.1697652,0.807636364,CL,ANP2.2,
7078,F28MK4-D-1,D,1,12,27669.112,27106.53456,0,3048.0,148.8286492,0.832813131,CL,ANP2.2,
7079,F28MK4-D-2,D,2,1,29937.072,0.0,0,0.0,0.0,1.001074747,TO,ANP2.2,
7080,F28MK4-D-2,D,2,2,29937.072,1132.85016,0,0.0,75.366046,0.890353535,TO,ANP2.2,
7081,F28MK4-D-2,D,2,3,29937.072,2710.55592,0,304.8,76.4463784,0.898080808,TO,ANP2.2,
7082,F28MK4-D-2,D,2,4,29937.072,3436.25424,0,399.83664,81.8994848,0.893144444,CL,ANP2.2,
7083,F28MK4-D-2,D,2,5,29937.072,4179.96624,0,467.106,90.0277,0.883569697,CL,ANP2.2,
7084,F28MK4-D-2,D,2,6,29937.072,4334.74368,0,489.93552,90.1305888,0.786694949,CL,ANP2.2,
7085,F28MK4-D-2,D,2,7,29937.072,4983.66288,0,512.73456,98.1044708,0.780063636,CL,ANP2.2,
7086,F28MK4-D-2,D,2,8,29937.072,7783.34232,0,914.4,100.059358,0.793335354,CL,ANP2.2,
7087,F28MK4-D-2,D,2,9,29937.072,12302.00232,0,1117.67112,135.0929944,0.769034343,CL,ANP2.2,
7088,F28MK4-D-2,D,2,10,29937.072,17120.06736,0,1676.4,138.8484356,0.787494949,CL,ANP2.2,
7089,F28MK4-D-2,D,2,11,29937.072,22810.59192,0,2286.0,143.1697652,0.807636364,CL,ANP2.2,
7090,F28MK4-D-2,D,2,12,29937.072,30670.13424,0,3048.0,148.8286492,0.832813131,CL,ANP2.2,
7091,F28MK4-D-3,D,3,1,33112.216,0.0,0,0.0,0.0,1.001074747,TO,ANP2.2,
7092,F28MK4-D-3,D,3,2,33112.216,1394.85624,0,0.0,79.2758204,0.884630303,TO,ANP2.2,
7093,F28MK4-D-3,D,3,3,33112.216,3243.13296,0,304.8,80.4075972,0.892357576,TO,ANP2.2,
7094,F28MK4-D-3,D,3,4,33112.216,4172.83392,0,408.76728,86.1179256,0.887354545,CL,ANP2.2,
7095,F28MK4-D-3,D,3,5,33112.216,5086.68528,0,479.51136,94.2975852,0.877867677,CL,ANP2.2,
7096,F28MK4-D-3,D,3,6,33112.216,5324.64264,0,509.04648,94.400474,0.783387879,CL,ANP2.2,
7097,F28MK4-D-3,D,3,7,33112.216,6174.9432,0,538.61208,102.4258004,0.776979798,CL,ANP2.2,
7098,F28MK4-D-3,D,3,8,33112.216,9286.61592,0,914.4,104.3292432,0.78939596,CL,ANP2.2,
7099,F28MK4-D-3,D,3,9,33112.216,14524.1772,0,1146.23088,135.2473276,0.769978788,CL,ANP2.2,
7100,F28MK4-D-3,D,3,10,33112.216,19959.58416,0,1676.4,138.8484356,0.787494949,CL,ANP2.2,
7101,F28MK4-D-3,D,3,11,33112.216,26749.12608,0,2286.0,143.1697652,0.807636364,CL,ANP2.2,
7102,F28MK4-D-3,D,3,12,33112.216,36199.66344,0,3048.0,148.8286492,0.832813131,CL,ANP2.2,
7103,FAL20-A-1,A,1,1,12999.94672,-34895.57664,0,1828.8,139.928768,0.065528889,AP,ANP2.2,
7104,FAL20-A-1,A,1,2,12999.94672,-17752.58832,0,930.37152,77.6295996,0.058702222,AP,ANP2.2,
7105,FAL20-A-1,A,1,3,12999.94672,-17447.78832,0,914.4,76.0862676,0.102528889,AP,ANP2.2,
7106,FAL20-A-1,A,1,4,12999.94672,-9028.69416,0,473.17152,66.363276,0.09722,AP,ANP2.2,
7107,FAL20-A-1,A,1,5,12999.94672,-8723.89416,0,457.2,65.9517208,0.19198,AP,ANP2.2,
7108,FAL20-A-1,A,1,6,12999.94672,-6120.71928,0,320.77152,64.6656108,0.188868889,AP,ANP2.2,
7109,FAL20-A-1,A,1,7,12999.94672,-5815.91928,0,304.8,64.5112776,0.242751111,AP,ANP2.2,
7110,FAL20-A-1,A,1,8,12999.94672,-304.8,0,15.97152,63.6367228,0.234546667,AP,ANP2.2,
7111,FAL20-A-1,A,1,9,12999.94672,0.0,0,0.0,63.5852784,0.234137778,AP,ANP2.2,
7112,FAL20-A-1,A,1,10,12999.94672,39.22776,0,0.0,60.3442812,0.4,AP,ANP2.2,
7113,FAL20-A-1,A,1,11,12999.94672,353.04984,0,0.0,15.3304312,0.1,AP,ANP2.2,
7114,FAL20-D-1,D,1,1,12999.94672,0.0,0,0.0,0.0,0.893704444,TO,ANP2.2,
7115,FAL20-D-1,D,1,2,12999.94672,1250.1372,0,0.0,70.0158284,0.788655556,TO,ANP2.2,
7116,FAL20-D-1,D,1,3,12999.94672,2424.59256,0,117.40896,78.2469324,0.781797778,TO,ANP2.2,
7117,FAL20-D-1,D,1,4,12999.94672,4806.11688,0,457.2,79.5330424,0.794917778,TO,ANP2.2,
7118,FAL20-D-1,D,1,5,12999.94672,5702.47272,0,537.972,85.0890376,0.790153333,CL,ANP2.2,
7119,FAL20-D-1,D,1,6,12999.94672,5878.25088,0,563.66664,85.1919264,0.785151111,CL,ANP2.2,
7120,FAL20-D-1,D,1,7,12999.94672,6526.13376,0,589.3308,93.2172528,0.775811111,CL,ANP2.2,
7121,FAL20-D-1,D,1,8,12999.94672,8650.86408,0,914.4,94.7091404,0.760922222,CL,ANP2.2,
7122,FAL20-D-1,D,1,9,12999.94672,15570.18984,0,1364.86392,136.7392152,0.710151111,CL,ANP2.2,
7123,FAL20-D-1,D,1,10,12999.94672,18414.40056,0,1676.4,138.8484356,0.707568889,CL,ANP2.2,
7124,FAL20-D-1,D,1,11,12999.94672,24510.46152,0,2286.0,143.1697652,0.716213333,CL,ANP2.2,
7125,FAL20-D-1,D,1,12,12999.94672,32905.41552,0,3048.0,148.8286492,0.75252,CL,ANP2.2,
7126,GII-A-1,A,1,1,25401.152,-34895.57664,0,1828.8,128.7138888,0.070164035,AP,ANP2.2,
7127,GII-A-1,A,1,2,25401.152,-17752.58832,0,930.37152,91.7253652,0.062854386,AP,ANP2.2,
7128,GII-A-1,A,1,3,25401.152,-17447.78832,0,914.4,90.9536992,0.088821053,AP,ANP2.2,
7129,GII-A-1,A,1,4,25401.152,-9028.69416,0,473.17152,80.767708,0.084221053,AP,ANP2.2,
7130,GII-A-1,A,1,5,25401.152,-8723.89416,0,457.2,80.3561528,0.153987719,AP,ANP2.2,
7131,GII-A-1,A,1,6,25401.152,-5815.91928,0,304.8,79.7902644,0.151205263,AP,ANP2.2,
7132,GII-A-1,A,1,7,25401.152,-1467.97776,0,76.93152,74.1313804,0.147155263,AP,ANP2.2,
7133,GII-A-1,A,1,8,25401.152,-1163.17776,0,60.96,73.7198252,0.287738596,AP,ANP2.2,
7134,GII-A-1,A,1,9,25401.152,-304.8,0,15.97152,69.8100508,0.28620614,AP,ANP2.2,
7135,GII-A-1,A,1,10,25401.152,0.0,0,0.0,68.3696076,0.285690351,AP,ANP2.2,
7136,GII-A-1,A,1,11,25401.152,231.648,0,0.0,10.2374356,0.1,AP,ANP2.2,
7137,GII-D-1,D,1,1,25401.152,0.0,0,0.0,0.0,0.994327193,TO,ANP2.2,
7138,GII-D-1,D,1,2,25401.152,960.51624,0,0.0,76.8064892,0.866707895,TO,ANP2.2,
7139,GII-D-1,D,1,3,25401.152,1004.0112,0,10.668,76.8064892,0.86717807,TO,ANP2.2,
7140,GII-D-1,D,1,4,25401.152,1355.87232,0,45.93336,83.082706,0.858546491,TO,ANP2.2,
7141,GII-D-1,D,1,5,25401.152,1674.20544,0,121.92,83.3913724,0.861850877,TO,ANP2.2,
7142,GII-D-1,D,1,6,25401.152,1820.69232,0,140.208,83.4942612,0.528572807,TO,ANP2.2,
7143,GII-D-1,D,1,7,25401.152,1967.1792,0,158.496,83.5457056,0.528531579,TO,ANP2.2,
7144,GII-D-1,D,1,8,25401.152,4448.37312,0,457.2,84.7803712,0.527872807,TO,ANP2.2,
7145,GII-D-1,D,1,9,25401.152,8580.94296,0,914.4,86.683814,0.526928947,CL,ANP2.2,
7146,GII-D-1,D,1,10,25401.152,8885.74296,0,974.598,86.941036,0.772660526,CL,ANP2.2,
7147,GII-D-1,D,1,11,25401.152,10044.8364,0,1051.80384,103.403244,0.75670614,CL,ANP2.2,
7148,GII-D-1,D,1,12,25401.152,13743.2796,0,1341.5772,136.584882,0.725065789,CL,ANP2.2,
7149,GII-D-1,D,1,13,25401.152,15870.6312,0,1676.4,138.8484356,0.72317193,CL,ANP2.2,
7150,GII-D-1,D,1,14,25401.152,20136.0024,0,2286.0,143.1697652,0.719723684,CL,ANP2.2,
7151,GII-D-1,D,1,15,25401.152,26314.66416,0,3048.0,148.8286492,0.715413158,CL,ANP2.2,
7152,JET-BUSINESS-A-1,A,1,1,26873.05804,-34895.57664,0,1828.8,128.7138888,0.061784211,AP,ANP2.2,
7153,JET-BUSINESS-A-1,A,1,2,26873.05804,-17752.58832,0,930.37152,91.7253652,0.055348246,AP,ANP2.2,
7154,JET-BUSINESS-A-1,A,1,3,26873.05804,-17447.78832,0,914.4,90.9536992,0.058592982,AP,ANP2.2,
7155,JET-BUSINESS-A-1,A,1,4,26873.05804,-9028.69416,0,473.17152,78.5555988,0.055558772,AP,ANP2.2,
7156,JET-BUSINESS-A-1,A,1,5,26873.05804,-8723.89416,0,457.2,78.0411548,0.142494737,AP,ANP2.2,
7157,JET-BUSINESS-A-1,A,1,6,26873.05804,-5815.91928,0,304.8,77.4752664,0.139920175,AP,ANP2.2,
7158,JET-BUSINESS-A-1,A,1,7,26873.05804,-1467.97776,0,76.93152,71.8678268,0.136172807,AP,ANP2.2,
7159,JET-BUSINESS-A-1,A,1,8,26873.05804,-1163.17776,0,60.96,71.4562716,0.233398246,AP,ANP2.2,
7160,JET-BUSINESS-A-1,A,1,9,26873.05804,-304.8,0,15.97152,67.5464972,0.232154386,AP,ANP2.2,
7161,JET-BUSINESS-A-1,A,1,10,26873.05804,0.0,0,0.0,66.106054,0.231742105,AP,ANP2.2,
7162,JET-BUSINESS-A-1,A,1,11,26873.05804,231.648,0,0.0,10.2374356,0.1,AP,ANP2.2,
7163,JET-BUSINESS-D-6,D,1,1,26873.05804,0.0,0,0.0,0.0,0.994327193,TO,ANP2.2,
7164,JET-BUSINESS-D-6,D,1,2,26873.05804,863.92512,0,0.0,72.6394928,0.87362193,TO,ANP2.2,
7165,JET-BUSINESS-D-6,D,1,3,26873.05804,908.82216,0,10.668,72.6909372,0.874092105,TO,ANP2.2,
7166,JET-BUSINESS-D-6,D,1,4,26873.05804,1342.15632,0,56.11368,80.0474864,0.864095614,TO,ANP2.2,
7167,JET-BUSINESS-D-6,D,1,5,26873.05804,1627.632,0,121.92,80.3047084,0.866954386,TO,ANP2.2,
7168,JET-BUSINESS-D-6,D,1,6,26873.05804,1799.56968,0,140.208,80.3561528,0.470585965,TO,ANP2.2,
7169,JET-BUSINESS-D-6,D,1,7,26873.05804,1971.53784,0,158.496,80.4590416,0.470542982,TO,ANP2.2,
7170,JET-BUSINESS-D-6,D,1,8,26873.05804,4882.83504,0,457.2,81.6422628,0.469846491,TO,ANP2.2,
7171,JET-BUSINESS-D-6,D,1,9,26873.05804,9726.99096,0,914.4,83.4428168,0.468780702,CL,ANP2.2,
7172,JET-BUSINESS-D-6,D,1,10,26873.05804,10031.79096,0,971.94624,83.7000388,0.775778947,CL,ANP2.2,
7173,JET-BUSINESS-D-6,D,1,11,26873.05804,11625.92544,0,1095.1464,103.6090216,0.756460526,CL,ANP2.2,
7174,JET-BUSINESS-D-6,D,1,12,26873.05804,15684.52032,0,1412.16888,137.0478816,0.724666667,CL,ANP2.2,
7175,JET-BUSINESS-D-6,D,1,13,26873.05804,17438.8272,0,1676.4,138.8484356,0.72317193,CL,ANP2.2,
7176,JET-BUSINESS-D-6,D,1,14,26873.05804,21855.86688,0,2286.0,143.1697652,0.719723684,CL,ANP2.2,
7177,JET-BUSINESS-D-6,D,1,15,26873.05804,28231.09416,0,3048.0,148.8286492,0.715413158,CL,ANP2.2,
7178,GIV-A-1,A,1,1,28762.26872,-34895.57664,0,1828.8,139.928768,0.024639711,AP,ANP2.2,
7179,GIV-A-1,A,1,2,28762.26872,-17447.78832,0,914.4,85.6034816,0.022020939,AP,ANP2.2,
7180,GIV-A-1,A,1,3,28762.26872,-9028.69416,0,473.17152,83.8029276,0.020880866,AP,ANP2.2,
7181,GIV-A-1,A,1,4,28762.26872,-8723.89416,0,457.2,83.7000388,0.125968953,AP,ANP2.2,
7182,GIV-A-1,A,1,5,28762.26872,-6120.71928,0,320.77152,79.224376,0.123929242,AP,ANP2.2,
7183,GIV-A-1,A,1,6,28762.26872,-5815.91928,0,304.8,78.6584876,0.199496751,AP,ANP2.2,
7184,GIV-A-1,A,1,7,28762.26872,-304.8,0,15.97152,72.7423816,0.192753791,AP,ANP2.2,
7185,GIV-A-1,A,1,8,28762.26872,0.0,0,0.0,72.4337152,0.192411552,AP,ANP2.2,
7186,GIV-A-1,A,1,9,28762.26872,90.8304,0,0.0,40.9497424,0.4,AP,ANP2.2,
7187,GIV-A-1,A,1,10,28762.26872,299.3136,0,0.0,10.2374356,0.04,AP,ANP2.2,
7188,GIV-D-1,D,1,1,28762.26872,0.0,0,0.0,0.0,0.992664982,TO,ANP2.2,
7189,GIV-D-1,D,1,2,28762.26872,800.89248,0,0.0,74.7487132,0.80080722,TO,ANP2.2,
7190,GIV-D-1,D,1,3,28762.26872,842.58912,0,10.668,74.7487132,0.801604332,TO,ANP2.2,
7191,GIV-D-1,D,1,4,28762.26872,1266.71832,0,62.7888,81.7451516,0.788101083,TO,ANP2.2,
7192,GIV-D-1,D,1,5,28762.26872,1483.33968,0,121.92,81.9509292,0.792357401,TO,ANP2.2,
7193,GIV-D-1,D,1,6,28762.26872,1629.43032,0,152.4,82.053818,0.65900361,TO,ANP2.2,
7194,GIV-D-1,D,1,7,28762.26872,1775.52096,0,182.88,82.2081512,0.66028231,TO,ANP2.2,
7195,GIV-D-1,D,1,8,28762.26872,1995.58656,0,228.6,82.3624844,0.662198556,TO,ANP2.2,
7196,GIV-D-1,D,1,9,28762.26872,3529.15728,0,563.88,83.7000388,0.676148736,CL,ANP2.2,
7197,GIV-D-1,D,1,10,28762.26872,5177.88144,0,914.4,85.1919264,0.690547292,CL,ANP2.2,
7198,GIV-D-1,D,1,11,28762.26872,9997.22664,0,1311.03624,136.3791044,0.634755957,CL,ANP2.2,
7199,GIV-D-1,D,1,12,28762.26872,11252.66736,0,1524.0,137.8195476,0.6432787,CL,ANP2.2,
7200,GIV-D-1,D,1,13,28762.26872,13088.874,0,1828.8,139.928768,0.655355235,CL,ANP2.2,
7201,GIV-D-1,D,1,14,28762.26872,14974.91544,0,2133.6,142.0894328,0.667286643,CL,ANP2.2,
7202,GIV-D-1,D,1,15,28762.26872,16921.79496,0,2438.4,144.301542,0.675527076,CL,ANP2.2,
7203,GIV-D-1,D,1,16,28762.26872,18941.034,0,2743.2,146.5136512,0.683752347,CL,ANP2.2,
7204,GIV-D-1,D,1,17,28762.26872,21037.17408,0,3048.0,148.8286492,0.691977617,CL,ANP2.2,
7205,GV-A-1,A,1,1,34892.5646,-34895.57664,0,1828.8,139.928768,0.03128339,AP,ANP2.2,
7206,GV-A-1,A,1,2,34892.5646,-17752.58832,0,930.37152,86.8381472,0.028023729,AP,ANP2.2,
7207,GV-A-1,A,1,3,34892.5646,-17447.78832,0,914.4,85.6034816,0.061887458,AP,ANP2.2,
7208,GV-A-1,A,1,4,34892.5646,-9028.69416,0,473.17152,83.8029276,0.058682712,AP,ANP2.2,
7209,GV-A-1,A,1,5,34892.5646,-8723.89416,0,457.2,83.7000388,0.113301017,AP,ANP2.2,
7210,GV-A-1,A,1,6,34892.5646,-6120.71928,0,320.77152,72.9481592,0.111465763,AP,ANP2.2,
7211,GV-A-1,A,1,7,34892.5646,-5815.91928,0,304.8,71.5591604,0.19580339,AP,ANP2.2,
7212,GV-A-1,A,1,8,34892.5646,-304.8,0,15.97152,65.7459432,0.189185085,AP,ANP2.2,
7213,GV-A-1,A,1,9,34892.5646,0.0,0,0.0,65.3858324,0.188853559,AP,ANP2.2,
7214,GV-A-1,A,1,10,34892.5646,91.44,0,0.0,54.788286,0.4,AP,ANP2.2,
7215,GV-A-1,A,1,11,34892.5646,352.6536,0,0.0,10.2374356,0.046,AP,ANP2.2,
7216,GV-D-1,D,1,1,34892.5646,0.0,0,0.0,0.0,0.990654915,TO,ANP2.2,
7217,GV-D-1,D,1,2,34892.5646,885.41352,0,0.0,73.2568256,0.807662373,TO,ANP2.2,
7218,GV-D-1,D,1,3,34892.5646,933.72432,0,10.668,73.30827,0.808053559,TO,ANP2.2,
7219,GV-D-1,D,1,4,34892.5646,1758.42168,0,93.90888,85.1919264,0.782227797,TO,ANP2.2,
7220,GV-D-1,D,1,5,34892.5646,1880.64648,0,121.92,85.2948152,0.783255593,TO,ANP2.2,
7221,GV-D-1,D,1,6,34892.5646,2033.016,0,152.4,85.4491484,0.715032542,TO,ANP2.2,
7222,GV-D-1,D,1,7,34892.5646,2185.35504,0,182.88,85.5520372,0.715846102,TO,ANP2.2,
7223,GV-D-1,D,1,8,34892.5646,2415.32664,0,228.6,85.7578148,0.717066441,TO,ANP2.2,
7224,GV-D-1,D,1,9,34892.5646,3944.93496,0,548.64,87.0953692,0.725608814,CL,ANP2.2,
7225,GV-D-1,D,1,10,34892.5646,5762.30496,0,914.4,88.6387012,0.735371525,CL,ANP2.2,
7226,GV-D-1,D,1,11,34892.5646,10995.75144,0,1339.7484,136.584882,0.680427797,CL,ANP2.2,
7227,GV-D-1,D,1,12,34892.5646,12180.66144,0,1524.0,137.8195476,0.685345763,CL,ANP2.2,
7228,GV-D-1,D,1,13,34892.5646,14197.70592,0,1828.8,139.928768,0.693481356,CL,ANP2.2,
7229,GV-D-1,D,1,14,34892.5646,16289.79216,0,2133.6,142.0894328,0.701616949,CL,ANP2.2,
7230,GV-D-1,D,1,15,34892.5646,18461.61408,0,2438.4,144.301542,0.709752542,CL,ANP2.2,
7231,GV-D-1,D,1,16,34892.5646,20718.29232,0,2743.2,146.5136512,0.717888136,CL,ANP2.2,
7232,GV-D-1,D,1,17,34892.5646,23065.46568,0,3048.0,148.8286492,0.726023729,CL,ANP2.2,
7233,TURBOPROP-A-1,A,1,1,21092.028,-34895.57664,0,1828.8,89.5647004,0.002207767,AP,ANP2.2,
7234,TURBOPROP-A-1,A,1,2,21092.028,-17752.58832,0,930.37152,59.5726152,0.001976699,AP,ANP2.2,
7235,TURBOPROP-A-1,A,1,3,21092.028,-17447.78832,0,914.4,58.903838,0.003048544,AP,ANP2.2,
7236,TURBOPROP-A-1,A,1,4,21092.028,-9028.69416,0,473.17152,52.6276212,0.002891262,AP,ANP2.2,
7237,TURBOPROP-A-1,A,1,5,21092.028,-8723.89416,0,457.2,52.3703992,0.004320388,AP,ANP2.2,
7238,TURBOPROP-A-1,A,1,6,21092.028,-6120.71928,0,320.77152,47.4317368,0.004250485,AP,ANP2.2,
7239,TURBOPROP-A-1,A,1,7,21092.028,-5815.91928,0,304.8,46.814404,0.006648544,AP,ANP2.2,
7240,TURBOPROP-A-1,A,1,8,21092.028,-304.8,0,15.97152,46.1456268,0.006425243,AP,ANP2.2,
7241,TURBOPROP-A-1,A,1,9,21092.028,0.0,0,0.0,46.1456268,0.006413592,AP,ANP2.2,
7242,TURBOPROP-A-1,A,1,10,21092.028,63.0936,0,0.0,43.7791844,0.00776699,AP,ANP2.2,
7243,TURBOPROP-A-1,A,1,11,21092.028,567.8424,0,0.0,15.3304312,0.001941748,AP,ANP2.2,
7244,TURBOPROP-D-6,D,1,1,21092.028,0.0,0,0.0,0.0,0.019114563,TO,ANP2.2,
7245,TURBOPROP-D-6,D,1,2,21092.028,791.99232,0,0.0,59.8812816,0.019114563,TO,ANP2.2,
7246,TURBOPROP-D-6,D,1,3,21092.028,3409.76712,0,304.8,60.7558364,0.019533981,TO,ANP2.2,
7247,TURBOPROP-D-6,D,1,4,21092.028,4521.64704,0,390.57072,66.2089428,0.018104854,CL,ANP2.2,
7248,TURBOPROP-D-6,D,1,5,21092.028,4826.44704,0,410.35224,66.3118316,0.016314563,CL,ANP2.2,
7249,TURBOPROP-D-6,D,1,6,21092.028,7443.42936,0,539.9532,77.2180444,0.014225243,CL,ANP2.2,
7250,TURBOPROP-D-6,D,1,7,21092.028,12348.75864,0,914.4,78.6584876,0.014613592,CL,ANP2.2,
7251,TURBOPROP-D-6,D,1,8,21092.028,22912.97424,0,1676.4,81.6422628,0.015448544,CL,ANP2.2,
7252,TURBOPROP-D-6,D,1,9,21092.028,31991.99088,0,2286.0,84.1630384,0.016161165,CL,ANP2.2,
7253,TURBOPROP-D-6,D,1,10,21092.028,44232.51504,0,3048.0,87.5069244,0.017116505,CL,ANP2.2,
7254,IA1125-A-1,A,1,1,10659.412,-34895.57664,0,1828.8,139.928768,0.06042973,AP,ANP2.2,
7255,IA1125-A-1,A,1,2,10659.412,-17752.58832,0,930.37152,82.7225952,0.054135135,AP,ANP2.2,
7256,IA1125-A-1,A,1,3,10659.412,-17447.78832,0,914.4,81.3850408,0.097456757,AP,ANP2.2,
7257,IA1125-A-1,A,1,4,10659.412,-9028.69416,0,473.17152,74.59438,0.092410811,AP,ANP2.2,
7258,IA1125-A-1,A,1,5,10659.412,-8723.89416,0,457.2,74.337158,0.180721622,AP,ANP2.2,
7259,IA1125-A-1,A,1,6,10659.412,-6120.71928,0,320.77152,69.2441624,0.177797297,AP,ANP2.2,
7260,IA1125-A-1,A,1,7,10659.412,-5815.91928,0,304.8,68.6268296,0.223981081,AP,ANP2.2,
7261,IA1125-A-1,A,1,8,10659.412,-304.8,0,15.97152,67.649386,0.216410811,AP,ANP2.2,
7262,IA1125-A-1,A,1,9,10659.412,0.0,0,0.0,67.5979416,0.216032432,AP,ANP2.2,
7263,IA1125-A-1,A,1,10,10659.412,72.11568,0,0.0,64.1511668,0.4,AP,ANP2.2,
7264,IA1125-A-1,A,1,11,10659.412,649.04112,0,0.0,15.3304312,0.1,AP,ANP2.2,
7265,TURBOPROP-D-4,D,1,1,10659.412,0.0,0,0.0,0.0,0.936178378,TO,ANP2.2,
7266,TURBOPROP-D-4,D,1,2,10659.412,1178.26536,0,0.0,75.5718236,0.780975676,TO,ANP2.2,
7267,TURBOPROP-D-4,D,1,3,10659.412,2049.56664,0,63.91656,83.7000388,0.767432432,TO,ANP2.2,
7268,TURBOPROP-D-4,D,1,4,10659.412,4906.57896,0,457.2,85.2948152,0.781389189,TO,ANP2.2,
7269,TURBOPROP-D-4,D,1,5,10659.412,6380.56128,0,550.6212,98.8246924,0.758018919,CL,ANP2.2,
7270,TURBOPROP-D-4,D,1,6,10659.412,6685.36128,0,590.21472,98.9790256,0.683264865,CL,ANP2.2,
7271,TURBOPROP-D-4,D,1,7,10659.412,9179.814,0,914.4,100.573802,0.691,CL,ANP2.2,
7272,TURBOPROP-D-4,D,1,8,10659.412,16346.82024,0,1325.48376,136.4819932,0.639694595,CL,ANP2.2,
7273,TURBOPROP-D-4,D,1,9,10659.412,20091.74544,0,1676.4,138.8484356,0.643759459,CL,ANP2.2,
7274,TURBOPROP-D-4,D,1,10,10659.412,27241.37808,0,2286.0,143.1697652,0.646016216,CL,ANP2.2,
7275,TURBOPROP-D-4,D,1,11,10659.412,37766.27448,0,3048.0,148.8286492,0.640262162,CL,ANP2.2,
7276,L1011-A-1,A,1,1,149685.36,-34895.57664,0,1828.8,139.928768,0.037157619,AP,ANP2.2,
7277,L1011-A-1,A,1,2,149685.36,-17752.58832,0,930.37152,87.0953692,0.03328619,AP,ANP2.2,
7278,L1011-A-1,A,1,3,149685.36,-17447.78832,0,914.4,85.8607036,0.121804286,AP,ANP2.2,
7279,L1011-A-1,A,1,4,149685.36,-9028.69416,0,473.17152,85.2433708,0.115496429,AP,ANP2.2,
7280,L1011-A-1,A,1,5,149685.36,-8723.89416,0,457.2,85.2433708,0.235155952,AP,ANP2.2,
7281,L1011-A-1,A,1,6,149685.36,-6120.71928,0,320.77152,76.652156,0.231347619,AP,ANP2.2,
7282,L1011-A-1,A,1,7,149685.36,-5815.91928,0,304.8,75.5718236,0.278882381,AP,ANP2.2,
7283,L1011-A-1,A,1,8,149685.36,-304.8,0,15.97152,74.5429356,0.269455714,AP,ANP2.2,
7284,L1011-A-1,A,1,9,149685.36,0.0,0,0.0,74.4914912,0.268974048,AP,ANP2.2,
7285,L1011-A-1,A,1,10,149685.36,127.1016,0,0.0,70.6846056,0.1,AP,ANP2.2,
7286,L1011-A-1,A,1,11,149685.36,1143.9144,0,0.0,15.3304312,0.1,AP,ANP2.2,
7287,L1011-D-1,D,1,1,149685.36,0.0,0,0.0,0.0,0.970089048,TO,ANP2.2,
7288,L1011-D-1,D,1,2,149685.36,1527.84048,0,0.0,77.9897104,0.780796667,TO,ANP2.2,
7289,L1011-D-1,D,1,3,149685.36,3005.69376,0,304.8,79.1729316,0.788520714,TO,ANP2.2,
7290,L1011-D-1,D,1,4,149685.36,3722.09568,0,405.10968,84.5231492,0.779179048,CL,ANP2.2,
7291,L1011-D-1,D,1,5,149685.36,4605.8328,0,489.47832,95.3779176,0.756507619,CL,ANP2.2,
7292,L1011-D-1,D,1,6,149685.36,4826.23368,0,519.16584,95.5322508,0.636109762,CL,ANP2.2,
7293,L1011-D-1,D,1,7,149685.36,5727.13104,0,548.88384,106.1812416,0.615888571,CL,ANP2.2,
7294,L1011-D-1,D,1,8,149685.36,8201.68032,0,914.4,108.0846844,0.623888571,CL,ANP2.2,
7295,L1011-D-1,D,1,9,149685.36,11371.44792,0,1053.20592,134.6299948,0.57688619,CL,ANP2.2,
7296,L1011-D-1,D,1,10,149685.36,16532.83968,0,1676.4,138.8484356,0.590934286,CL,ANP2.2,
7297,L1011-D-1,D,1,11,149685.36,22002.4452,0,2286.0,143.1697652,0.605065476,CL,ANP2.2,
7298,L1011-D-1,D,1,12,149685.36,29509.3644,0,3048.0,148.8286492,0.623270238,CL,ANP2.2,
7299,L1011-D-2,D,2,1,154221.28,0.0,0,0.0,0.0,0.970089048,TO,ANP2.2,
7300,L1011-D-2,D,2,2,154221.28,1627.75392,0,0.0,79.1729316,0.77795,TO,ANP2.2,
7301,L1011-D-2,D,2,3,154221.28,3183.72744,0,304.8,80.3561528,0.785674048,TO,ANP2.2,
7302,L1011-D-2,D,2,4,154221.28,4005.9864,0,413.94888,86.16937,0.775679286,CL,ANP2.2,
7303,L1011-D-2,D,2,5,154221.28,4949.83008,0,499.2624,96.972694,0.75303381,CL,ANP2.2,
7304,L1011-D-2,D,2,6,154221.28,5203.33224,0,531.51024,97.1270272,0.633247143,CL,ANP2.2,
7305,L1011-D-2,D,2,7,154221.28,6186.61704,0,563.75808,107.8274624,0.613081429,CL,ANP2.2,
7306,L1011-D-2,D,2,8,154221.28,8685.70272,0,914.4,109.6794608,0.62075881,CL,ANP2.2,
7307,L1011-D-2,D,2,9,154221.28,11884.6092,0,1053.6936,134.6814392,0.576896429,CL,ANP2.2,
7308,L1011-D-2,D,2,10,154221.28,17282.89152,0,1676.4,138.8484356,0.590934286,CL,ANP2.2,
7309,L1011-D-2,D,2,11,154221.28,23014.32024,0,2286.0,143.1697652,0.605065476,CL,ANP2.2,
7310,L1011-D-2,D,2,12,154221.28,30892.51632,0,3048.0,148.8286492,0.623270238,CL,ANP2.2,
7311,L1011-D-3,D,3,1,161025.16,0.0,0,0.0,0.0,0.970089048,TO,ANP2.2,
7312,L1011-D-3,D,3,2,161025.16,1784.1468,0,0.0,80.9220412,0.773757381,TO,ANP2.2,
7313,L1011-D-3,D,3,3,161025.16,3462.74136,0,304.8,82.1052624,0.781481429,TO,ANP2.2,
7314,L1011-D-3,D,3,4,161025.16,4335.1704,0,412.36392,87.712702,0.771912857,CL,ANP2.2,
7315,L1011-D-3,D,3,5,161025.16,5362.89504,0,498.89664,98.5674704,0.749298095,CL,ANP2.2,
7316,L1011-D-3,D,3,6,161025.16,5667.69504,0,534.68016,98.7218036,0.630185714,CL,ANP2.2,
7317,L1011-D-3,D,3,7,161025.16,6779.17872,0,571.59144,109.4222388,0.610121905,CL,ANP2.2,
7318,L1011-D-3,D,3,8,161025.16,9403.04952,0,914.4,111.2742372,0.61762881,CL,ANP2.2,
7319,L1011-D-3,D,3,9,161025.16,12726.80208,0,1058.2656,134.6814392,0.576998095,CL,ANP2.2,
7320,L1011-D-3,D,3,10,161025.16,18459.02328,0,1676.4,138.8484356,0.590934286,CL,ANP2.2,
7321,L1011-D-3,D,3,11,161025.16,24599.52408,0,2286.0,143.1697652,0.605065476,CL,ANP2.2,
7322,L1011-D-3,D,3,12,161025.16,33060.2844,0,3048.0,148.8286492,0.623270238,CL,ANP2.2,
7323,L1011-D-4,D,4,1,167829.04,0.0,0,0.0,0.0,0.970089048,TO,ANP2.2,
7324,L1011-D-4,D,4,2,167829.04,1948.434,0,0.0,82.6197064,0.769652381,TO,ANP2.2,
7325,L1011-D-4,D,4,3,167829.04,3756.75144,0,304.8,83.8029276,0.777376667,TO,ANP2.2,
7326,L1011-D-4,D,4,4,167829.04,4687.45824,0,411.51048,89.256034,0.768165238,CL,ANP2.2,
7327,L1011-D-4,D,4,5,167829.04,5805.678,0,499.32336,100.1108024,0.745583333,CL,ANP2.2,
7328,L1011-D-4,D,4,6,167829.04,6110.478,0,532.36368,100.31658,0.627005952,CL,ANP2.2,
7329,L1011-D-4,D,4,7,167829.04,7433.85864,0,581.64984,111.0684596,0.607210238,CL,ANP2.2,
7330,L1011-D-4,D,4,8,167829.04,10166.20776,0,914.4,112.8690136,0.614499048,CL,ANP2.2,
7331,L1011-D-4,D,4,9,167829.04,13606.8816,0,1062.44136,134.7328836,0.577090952,CL,ANP2.2,
7332,L1011-D-4,D,4,10,167829.04,19688.98272,0,1676.4,138.8484356,0.590934286,CL,ANP2.2,
7333,L1011-D-4,D,4,11,167829.04,26259.55632,0,2286.0,143.1697652,0.605065476,CL,ANP2.2,
7334,L1011-D-4,D,4,12,167829.04,35336.04312,0,3048.0,148.8286492,0.623270238,CL,ANP2.2,
7335,L1011-D-5,D,5,1,181436.8,0.0,0,0.0,0.0,0.970089048,TO,ANP2.2,
7336,L1011-D-5,D,5,2,181436.8,2300.99616,0,0.0,85.8607036,0.761685,TO,ANP2.2,
7337,L1011-D-5,D,5,3,181436.8,4392.7776,0,304.8,87.1468136,0.769409048,TO,ANP2.2,
7338,L1011-D-5,D,5,4,181436.8,5589.8796,0,423.33672,92.9600308,0.759775,CL,ANP2.2,
7339,L1011-D-5,D,5,5,181436.8,6919.8744,0,513.64896,103.8662436,0.737259048,CL,ANP2.2,
7340,L1011-D-5,D,5,6,181436.8,7224.6744,0,541.69056,104.0205768,0.619905476,CL,ANP2.2,
7341,L1011-D-5,D,5,7,181436.8,9137.05056,0,621.85296,114.978234,0.600782143,CL,ANP2.2,
7342,L1011-D-5,D,5,8,181436.8,11905.00032,0,914.4,116.6244548,0.60719619,CL,ANP2.2,
7343,L1011-D-5,D,5,9,181436.8,15445.4352,0,1064.63592,134.7328836,0.57714,CL,ANP2.2,
7344,L1011-D-5,D,5,10,181436.8,22335.40872,0,1676.4,138.8484356,0.590934286,CL,ANP2.2,
7345,L1011-D-5,D,5,11,181436.8,29836.20144,0,2286.0,143.1697652,0.605065476,CL,ANP2.2,
7346,L1011-D-5,D,5,12,181436.8,40255.72848,0,3048.0,148.8286492,0.623270238,CL,ANP2.2,
7347,L1011-D-6,D,6,1,195044.56,0.0,0,0.0,0.0,0.970089048,TO,ANP2.2,
7348,L1011-D-6,D,6,2,195044.56,2686.11096,0,0.0,89.0502564,0.75401119,TO,ANP2.2,
7349,L1011-D-6,D,6,3,195044.56,5098.96872,0,304.8,90.3363664,0.761735238,TO,ANP2.2,
7350,L1011-D-6,D,6,4,195044.56,6521.77512,0,427.20768,96.1495836,0.752421905,CL,ANP2.2,
7351,L1011-D-6,D,6,5,195044.56,8085.06384,0,519.684,107.0557964,0.729963095,CL,ANP2.2,
7352,L1011-D-6,D,6,6,195044.56,8389.86384,0,543.54984,107.1586852,0.613685952,CL,ANP2.2,
7353,L1011-D-6,D,6,7,195044.56,11192.77416,0,666.9024,118.3735644,0.595504762,CL,ANP2.2,
7354,L1011-D-6,D,6,8,195044.56,13878.36696,0,914.4,119.8140076,0.600936667,CL,ANP2.2,
7355,L1011-D-6,D,6,9,195044.56,17523.07392,0,1067.22672,134.7328836,0.577197619,CL,ANP2.2,
7356,L1011-D-6,D,6,10,195044.56,25297.05888,0,1676.4,138.8484356,0.590934286,CL,ANP2.2,
7357,L1011-D-6,D,6,11,195044.56,33835.26888,0,2286.0,143.1697652,0.605065476,CL,ANP2.2,
7358,L1011-D-6,D,6,12,195044.56,45771.17592,0,3048.0,148.8286492,0.623270238,CL,ANP2.2,
7359,L10115-A-1,A,1,1,156489.24,-34895.57664,0,1828.8,139.928768,0.0320842,AP,ANP2.2,
7360,L10115-A-1,A,1,2,156489.24,-17752.58832,0,930.37152,88.0728128,0.0287414,AP,ANP2.2,
7361,L10115-A-1,A,1,3,156489.24,-17447.78832,0,914.4,86.8895916,0.1051738,AP,ANP2.2,
7362,L10115-A-1,A,1,4,156489.24,-9028.69416,0,473.17152,79.3787092,0.0997274,AP,ANP2.2,
7363,L10115-A-1,A,1,5,156489.24,-8723.89416,0,457.2,79.1214872,0.2088706,AP,ANP2.2,
7364,L10115-A-1,A,1,6,156489.24,-6120.71928,0,320.77152,76.8064892,0.205488,AP,ANP2.2,
7365,L10115-A-1,A,1,7,156489.24,-5815.91928,0,304.8,76.5492672,0.2406376,AP,ANP2.2,
7366,L10115-A-1,A,1,8,156489.24,-304.8,0,15.97152,75.5203792,0.2325036,AP,ANP2.2,
7367,L10115-A-1,A,1,9,156489.24,0.0,0,0.0,75.4174904,0.2320878,AP,ANP2.2,
7368,L10115-A-1,A,1,10,156489.24,157.45968,0,0.0,71.5591604,0.1,AP,ANP2.2,
7369,L10115-A-1,A,1,11,156489.24,1417.13712,0,0.0,15.3304312,0.1,AP,ANP2.2,
7370,L10115-D-1,D,1,1,156489.24,0.0,0,0.0,0.0,0.9372748,TO,ANP2.2,
7371,L10115-D-1,D,1,2,156489.24,1394.52096,0,0.0,79.73882,0.7746956,TO,ANP2.2,
7372,L10115-D-1,D,1,3,156489.24,2626.24824,0,304.8,80.9220412,0.7811838,TO,ANP2.2,
7373,L10115-D-1,D,1,4,156489.24,3293.69928,0,416.814,86.683814,0.772989,CL,ANP2.2,
7374,L10115-D-1,D,1,5,156489.24,4069.44576,0,505.54128,97.5385824,0.7540408,CL,ANP2.2,
7375,L10115-D-1,D,1,6,156489.24,4201.14984,0,527.39544,97.6414712,0.636809,CL,ANP2.2,
7376,L10115-D-1,D,1,7,156489.24,4912.73592,0,549.28008,108.2390176,0.619599,CL,ANP2.2,
7377,L10115-D-1,D,1,8,156489.24,6957.5172,0,914.4,110.1939048,0.6263426,CL,ANP2.2,
7378,L10115-D-1,D,1,9,156489.24,9147.9624,0,1009.71096,134.3727728,0.5893794,CL,ANP2.2,
7379,L10115-D-1,D,1,10,156489.24,13560.27768,0,1676.4,138.8484356,0.6020474,CL,ANP2.2,
7380,L10115-D-1,D,1,11,156489.24,17948.33088,0,2286.0,143.1697652,0.6139688,CL,ANP2.2,
7381,L10115-D-1,D,1,12,156489.24,23974.53168,0,3048.0,148.8286492,0.6293252,CL,ANP2.2,
7382,L10115-D-2,D,2,1,161025.16,0.0,0,0.0,0.0,0.9372748,TO,ANP2.2,
7383,L10115-D-2,D,2,2,161025.16,1480.99272,0,0.0,80.9220412,0.7723562,TO,ANP2.2,
7384,L10115-D-2,D,2,3,161025.16,2771.82072,0,304.8,82.1052624,0.7788444,TO,ANP2.2,
7385,L10115-D-2,D,2,4,161025.16,3460.8516,0,415.22904,87.712702,0.770869,CL,ANP2.2,
7386,L10115-D-2,D,2,5,161025.16,4278.50808,0,504.77928,98.5674704,0.7519378,CL,ANP2.2,
7387,L10115-D-2,D,2,6,161025.16,4425.42168,0,528.03552,98.7218036,0.6350596,CL,ANP2.2,
7388,L10115-D-2,D,2,7,161025.16,5184.73944,0,551.32224,109.31935,0.6178752,CL,ANP2.2,
7389,L10115-D-2,D,2,8,161025.16,7308.86016,0,914.4,111.2742372,0.6245816,CL,ANP2.2,
7390,L10115-D-2,D,2,9,161025.16,9526.49352,0,1010.50344,134.3727728,0.5893944,CL,ANP2.2,
7391,L10115-D-2,D,2,10,161025.16,14118.27504,0,1676.4,138.8484356,0.6020474,CL,ANP2.2,
7392,L10115-D-2,D,2,11,161025.16,18694.11552,0,2286.0,143.1697652,0.6139688,CL,ANP2.2,
7393,L10115-D-2,D,2,12,161025.16,24985.218,0,3048.0,148.8286492,0.6293252,CL,ANP2.2,
7394,L10115-D-3,D,3,1,167829.04,0.0,0,0.0,0.0,0.9372748,TO,ANP2.2,
7395,L10115-D-3,D,3,2,167829.04,1615.98864,0,0.0,82.6197064,0.768908,TO,ANP2.2,
7396,L10115-D-3,D,3,3,167829.04,2998.56144,0,304.8,83.8029276,0.7753964,TO,ANP2.2,
7397,L10115-D-3,D,3,4,167829.04,3725.50944,0,413.766,89.256034,0.7677076,CL,ANP2.2,
7398,L10115-D-3,D,3,5,167829.04,4608.91128,0,504.41352,100.1622468,0.7488006,CL,ANP2.2,
7399,L10115-D-3,D,3,6,167829.04,4781.97672,0,529.98624,100.2651356,0.6324534,CL,ANP2.2,
7400,L10115-D-3,D,3,7,167829.04,5619.01848,0,555.52848,110.9141264,0.615311,CL,ANP2.2,
7401,L10115-D-3,D,3,8,167829.04,7857.65256,0,914.4,112.8690136,0.62194,CL,ANP2.2,
7402,L10115-D-3,D,3,9,167829.04,10106.13168,0,1011.26544,134.3727728,0.5894088,CL,ANP2.2,
7403,L10115-D-3,D,3,10,167829.04,14977.32336,0,1676.4,138.8484356,0.6020474,CL,ANP2.2,
7404,L10115-D-3,D,3,11,167829.04,19843.6992,0,2286.0,143.1697652,0.6139688,CL,ANP2.2,
7405,L10115-D-3,D,3,12,167829.04,26545.91592,0,3048.0,148.8286492,0.6293252,CL,ANP2.2,
7406,L10115-D-4,D,4,1,174632.92,0.0,0,0.0,0.0,0.9372748,TO,ANP2.2,
7407,L10115-D-4,D,4,2,174632.92,1757.38536,0,0.0,84.2659272,0.7655292,TO,ANP2.2,
7408,L10115-D-4,D,4,3,174632.92,3235.7568,0,304.8,85.5005928,0.7720174,TO,ANP2.2,
7409,L10115-D-4,D,4,4,174632.92,4091.23896,0,424.52544,91.4166988,0.7637664,CL,ANP2.2,
7410,L10115-D-4,D,4,5,174632.92,5052.88296,0,516.636,102.3229116,0.744892,CL,ANP2.2,
7411,L10115-D-4,D,4,6,174632.92,5258.4096,0,544.83,102.4772448,0.6292032,CL,ANP2.2,
7412,L10115-D-4,D,4,7,174632.92,6190.45752,0,573.024,113.1262356,0.6121094,CL,ANP2.2,
7413,L10115-D-4,D,4,8,174632.92,8464.47888,0,914.4,115.0296784,0.618418,CL,ANP2.2,
7414,L10115-D-4,D,4,9,174632.92,10672.66344,0,1008.79656,134.3727728,0.5893624,CL,ANP2.2,
7415,L10115-D-4,D,4,10,174632.92,15856.64088,0,1676.4,138.8484356,0.6020474,CL,ANP2.2,
7416,L10115-D-4,D,4,11,174632.92,21024.67728,0,2286.0,143.1697652,0.6139688,CL,ANP2.2,
7417,L10115-D-4,D,4,12,174632.92,28155.56472,0,3048.0,148.8286492,0.6293252,CL,ANP2.2,
7418,L10115-D-5,D,5,1,187333.496,0.0,0,0.0,0.0,0.9372748,TO,ANP2.2,
7419,L10115-D-5,D,5,2,187333.496,2038.62432,0,0.0,87.2497024,0.7593934,TO,ANP2.2,
7420,L10115-D-5,D,5,3,187333.496,3707.77008,0,304.8,88.5358124,0.7658818,TO,ANP2.2,
7421,L10115-D-5,D,5,4,187333.496,4718.66976,0,430.16424,94.5548072,0.7576284,CL,ANP2.2,
7422,L10115-D-5,D,5,5,187333.496,5828.05032,0,524.53032,105.5124644,0.7388034,CL,ANP2.2,
7423,L10115-D-5,D,5,6,187333.496,6109.01496,0,558.3936,105.6667976,0.6241684,CL,ANP2.2,
7424,L10115-D-5,D,5,7,187333.496,7234.97664,0,592.25688,116.3672328,0.6071788,CL,ANP2.2,
7425,L10115-D-5,D,5,8,187333.496,9644.11584,0,914.4,118.2192312,0.613135,CL,ANP2.2,
7426,L10115-D-5,D,5,9,187333.496,11801.45976,0,1005.56568,134.3213284,0.5893016,CL,ANP2.2,
7427,L10115-D-5,D,5,10,187333.496,17592.53784,0,1676.4,138.8484356,0.6020474,CL,ANP2.2,
7428,L10115-D-5,D,5,11,187333.496,23356.09248,0,2286.0,143.1697652,0.6139688,CL,ANP2.2,
7429,L10115-D-5,D,5,12,187333.496,31338.3168,0,3048.0,148.8286492,0.6293252,CL,ANP2.2,
7430,L10115-D-6,D,6,1,200034.072,0.0,0,0.0,0.0,0.9372748,TO,ANP2.2,
7431,L10115-D-6,D,6,2,200034.072,2342.6928,0,0.0,90.1820332,0.7534624,TO,ANP2.2,
7432,L10115-D-6,D,6,3,200034.072,4220.13888,0,304.8,91.5195876,0.7599508,TO,ANP2.2,
7433,L10115-D-6,D,6,4,200034.072,5321.1984,0,426.62856,97.1784716,0.7523354,CL,ANP2.2,
7434,L10115-D-6,D,6,5,200034.072,6586.75848,0,523.0368,108.1361288,0.733555,CL,ANP2.2,
7435,L10115-D-6,D,6,6,200034.072,6891.55848,0,555.498,108.290462,0.6197126,CL,ANP2.2,
7436,L10115-D-6,D,6,7,200034.072,8324.3928,0,604.7232,119.093786,0.6030054,CL,ANP2.2,
7437,L10115-D-6,D,6,8,200034.072,10908.97488,0,914.4,120.89434,0.6087324,CL,ANP2.2,
7438,L10115-D-6,D,6,9,200034.072,13012.49112,0,1002.42624,134.3213284,0.5892428,CL,ANP2.2,
7439,L10115-D-6,D,6,10,200034.072,19456.51176,0,1676.4,138.8484356,0.6020474,CL,ANP2.2,
7440,L10115-D-6,D,6,11,200034.072,25862.15808,0,2286.0,143.1697652,0.6139688,CL,ANP2.2,
7441,L10115-D-6,D,6,12,200034.072,34769.99904,0,3048.0,148.8286492,0.6293252,CL,ANP2.2,
7442,L10115-D-7,D,7,1,213188.24,0.0,0,0.0,0.0,0.9372748,TO,ANP2.2,
7443,L10115-D-7,D,7,2,213188.24,2682.05712,0,0.0,93.114364,0.747515,TO,ANP2.2,
7444,L10115-D-7,D,7,3,213188.24,4796.66808,0,304.8,94.4519184,0.7540032,TO,ANP2.2,
7445,L10115-D-7,D,7,4,213188.24,6126.66288,0,435.4068,100.3680244,0.7462656,CL,ANP2.2,
7446,L10115-D-7,D,7,5,213188.24,7583.2716,0,534.10104,111.3256816,0.727535,CL,ANP2.2,
7447,L10115-D-7,D,7,6,213188.24,7888.0716,0,562.5084,111.4800148,0.6145584,CL,ANP2.2,
7448,L10115-D-7,D,7,7,213188.24,9794.38224,0,635.14224,122.437672,0.5982808,CL,ANP2.2,
7449,L10115-D-7,D,7,8,213188.24,12407.21928,0,914.4,124.1353372,0.6034492,CL,ANP2.2,
7450,L10115-D-7,D,7,9,213188.24,14286.76848,0,992.124,134.269884,0.5890506,CL,ANP2.2,
7451,L10115-D-7,D,7,10,213188.24,21532.596,0,1676.4,138.8484356,0.6020474,CL,ANP2.2,
7452,L10115-D-7,D,7,11,213188.24,28658.69808,0,2286.0,143.1697652,0.6139688,CL,ANP2.2,
7453,L10115-D-7,D,7,12,213188.24,38614.74624,0,3048.0,148.8286492,0.6293252,CL,ANP2.2,
7454,L188-A-1,A,1,1,42184.056,-34895.57664,0,1828.8,111.9430144,0.00134625,AP,ANP2.2,
7455,L188-A-1,A,1,2,42184.056,-17752.58832,0,930.37152,79.5844868,0.001205,AP,ANP2.2,
7456,L188-A-1,A,1,3,42184.056,-17447.78832,0,914.4,78.9157096,0.0027075,AP,ANP2.2,
7457,L188-A-1,A,1,4,42184.056,-9028.69416,0,473.17152,71.250494,0.0025675,AP,ANP2.2,
7458,L188-A-1,A,1,5,42184.056,-8723.89416,0,457.2,70.9418276,0.00261125,AP,ANP2.2,
7459,L188-A-1,A,1,6,42184.056,-6120.71928,0,320.77152,67.8037192,0.00256875,AP,ANP2.2,
7460,L188-A-1,A,1,7,42184.056,-5815.91928,0,304.8,67.392164,0.004445,AP,ANP2.2,
7461,L188-A-1,A,1,8,42184.056,-304.8,0,15.97152,66.4661648,0.004295,AP,ANP2.2,
7462,L188-A-1,A,1,9,42184.056,0.0,0,0.0,66.4147204,0.0042875,AP,ANP2.2,
7463,L188-A-1,A,1,10,42184.056,106.9848,0,0.0,63.01939,0.005,AP,ANP2.2,
7464,L188-A-1,A,1,11,42184.056,962.8632,0,0.0,15.3304312,0.00125,AP,ANP2.2,
7465,L188-D-1,D,1,1,42184.056,0.0,0,0.0,0.0,0.01296625,TO,ANP2.2,
7466,L188-D-1,D,1,2,42184.056,809.51832,0,0.0,63.1222788,0.01296625,TO,ANP2.2,
7467,L188-D-1,D,1,3,42184.056,2340.4068,0,304.8,64.048278,0.01324875,TO,ANP2.2,
7468,L188-D-1,D,1,4,42184.056,3021.20808,0,394.92936,69.3984956,0.01236125,CL,ANP2.2,
7469,L188-D-1,D,1,5,42184.056,3326.00808,0,437.50992,69.5013844,0.01139625,CL,ANP2.2,
7470,L188-D-1,D,1,6,42184.056,4135.19112,0,493.41024,80.2018196,0.00994625,CL,ANP2.2,
7471,L188-D-1,D,1,7,42184.056,6510.43656,0,914.4,81.8480404,0.01025125,CL,ANP2.2,
7472,L188-D-1,D,1,8,42184.056,11004.52968,0,1676.4,84.9861488,0.01083625,CL,ANP2.2,
7473,L188-D-1,D,1,9,42184.056,14794.8396,0,2286.0,87.6098132,0.0113375,CL,ANP2.2,
7474,L188-D-1,D,1,10,42184.056,19798.16208,0,3048.0,91.1080324,0.01200625,CL,ANP2.2,
7475,L188-D-2,D,2,1,46266.384,0.0,0,0.0,0.0,0.01238,TO,ANP2.2,
7476,L188-D-2,D,2,2,46266.384,1019.79984,0,0.0,66.106054,0.01238,TO,ANP2.2,
7477,L188-D-2,D,2,3,46266.384,3041.142,0,304.8,67.0834976,0.01265125,TO,ANP2.2,
7478,L188-D-2,D,2,4,46266.384,4013.81976,0,402.24456,72.536604,0.01183375,CL,ANP2.2,
7479,L188-D-2,D,2,5,46266.384,4318.61976,0,434.85816,72.6394928,0.0109025,CL,ANP2.2,
7480,L188-D-2,D,2,6,46266.384,5472.684,0,500.26824,83.339928,0.009575,CL,ANP2.2,
7481,L188-D-2,D,2,7,46266.384,8340.45576,0,914.4,85.0375932,0.009865,CL,ANP2.2,
7482,L188-D-2,D,2,8,46266.384,13870.04592,0,1676.4,88.3300348,0.0104275,CL,ANP2.2,
7483,L188-D-2,D,2,9,46266.384,18550.15848,0,2286.0,91.056588,0.01091,CL,ANP2.2,
7484,L188-D-2,D,2,10,46266.384,24752.3508,0,3048.0,94.657696,0.01155375,CL,ANP2.2,
7485,L188-D-3,D,3,1,52163.08,0.0,0,0.0,0.0,0.01166,TO,ANP2.2,
7486,L188-D-3,D,3,2,52163.08,1376.41584,0,0.0,70.1701616,0.01166,TO,ANP2.2,
7487,L188-D-3,D,3,3,52163.08,4473.18384,0,304.8,71.1990496,0.011915,TO,ANP2.2,
7488,L188-D-3,D,3,4,52163.08,6181.83168,0,416.44824,76.7550448,0.01120125,CL,ANP2.2,
7489,L188-D-3,D,3,5,52163.08,6486.63168,0,438.05856,76.8579336,0.01031125,CL,ANP2.2,
7490,L188-D-3,D,3,6,52163.08,8350.05696,0,512.03352,87.6098132,0.00912375,CL,ANP2.2,
7491,L188-D-3,D,3,7,52163.08,12062.18568,0,914.4,89.3589228,0.0093925,CL,ANP2.2,
7492,L188-D-3,D,3,8,52163.08,19464.16224,0,1676.4,92.7542532,0.00992875,CL,ANP2.2,
7493,L188-D-3,D,3,9,52163.08,25771.87632,0,2286.0,95.6351396,0.01038625,CL,ANP2.2,
7494,L188-D-3,D,3,10,52163.08,34194.84144,0,3048.0,99.4420252,0.011,CL,ANP2.2,
7495,JET-SMALL-D-1,D,1,1,6803.88,0.0,0,0.0,0.0,0.964128814,TO,ANP2.2,
7496,JET-SMALL-D-1,D,1,2,6803.88,1116.81768,0,0.0,79.8417088,0.856298305,TO,ANP2.2,
7497,JET-SMALL-D-1,D,1,3,6803.88,1725.3204,0,65.8368,87.8155908,0.844759322,TO,ANP2.2,
7498,JET-SMALL-D-1,D,1,4,6803.88,3656.10648,0,457.2,89.4618116,0.839227119,TO,ANP2.2,
7499,JET-SMALL-D-1,D,1,5,6803.88,4707.97128,0,556.16856,103.0431332,0.820935593,CL,ANP2.2,
7500,JET-SMALL-D-1,D,1,6,6803.88,5012.77128,0,617.3724,103.3517996,0.738359322,CL,ANP2.2,
7501,JET-SMALL-D-1,D,1,7,6803.88,6491.81328,0,914.4,104.8436872,0.736722034,CL,ANP2.2,
7502,JET-SMALL-D-1,D,1,8,6803.88,10551.47496,0,1284.97584,136.1733268,0.702857627,CL,ANP2.2,
7503,JET-SMALL-D-1,D,1,9,6803.88,13083.60096,0,1676.4,138.8484356,0.704705085,CL,ANP2.2,
7504,JET-SMALL-D-1,D,1,10,6803.88,17368.50984,0,2286.0,143.1697652,0.711942373,CL,ANP2.2,
7505,JET-SMALL-D-1,D,1,11,6803.88,23325.4296,0,3048.0,148.8286492,0.728467797,CL,ANP2.2,
7506,LEAR25-A-1,A,1,1,6803.88,-34895.57664,0,1828.8,139.928768,0.049430508,AP,ANP2.2,
7507,LEAR25-A-1,A,1,2,6803.88,-17752.58832,0,930.37152,87.6612576,0.044281356,AP,ANP2.2,
7508,LEAR25-A-1,A,1,3,6803.88,-17447.78832,0,914.4,86.426592,0.105633898,AP,ANP2.2,
7509,LEAR25-A-1,A,1,4,6803.88,-9028.69416,0,473.17152,79.5844868,0.100166102,AP,ANP2.2,
7510,LEAR25-A-1,A,1,5,6803.88,-8723.89416,0,457.2,79.3272648,0.216227119,AP,ANP2.2,
7511,LEAR25-A-1,A,1,6,6803.88,-6120.71928,0,320.77152,74.2342692,0.212725424,AP,ANP2.2,
7512,LEAR25-A-1,A,1,7,6803.88,-5815.91928,0,304.8,73.6169364,0.269369492,AP,ANP2.2,
7513,LEAR25-A-1,A,1,8,6803.88,-304.8,0,15.97152,72.4337152,0.260264407,AP,ANP2.2,
7514,LEAR25-A-1,A,1,9,6803.88,0.0,0,0.0,72.3308264,0.25979661,AP,ANP2.2,
7515,LEAR25-A-1,A,1,10,6803.88,42.79392,0,0.0,68.7811628,0.4,AP,ANP2.2,
7516,LEAR25-A-1,A,1,11,6803.88,385.14528,0,0.0,15.3304312,0.1,AP,ANP2.2,
7517,LEAR35-A-1,A,1,1,8300.7336,-34895.57664,0,1828.8,139.928768,0.047217143,AP,ANP2.2,
7518,LEAR35-A-1,A,1,2,8300.7336,-17752.58832,0,930.37152,78.8128208,0.0423,AP,ANP2.2,
7519,LEAR35-A-1,A,1,3,8300.7336,-17447.78832,0,914.4,77.3209332,0.084271429,AP,ANP2.2,
7520,LEAR35-A-1,A,1,4,8300.7336,-9028.69416,0,473.17152,70.6331612,0.079905714,AP,ANP2.2,
7521,LEAR35-A-1,A,1,5,8300.7336,-8723.89416,0,457.2,70.3759392,0.163782857,AP,ANP2.2,
7522,LEAR35-A-1,A,1,6,8300.7336,-6120.71928,0,320.77152,66.8262756,0.161131429,AP,ANP2.2,
7523,LEAR35-A-1,A,1,7,8300.7336,-5815.91928,0,304.8,66.363276,0.204248571,AP,ANP2.2,
7524,LEAR35-A-1,A,1,8,8300.7336,-304.8,0,15.97152,65.3858324,0.197342857,AP,ANP2.2,
7525,LEAR35-A-1,A,1,9,8300.7336,0.0,0,0.0,65.334388,0.196994286,AP,ANP2.2,
7526,LEAR35-A-1,A,1,10,8300.7336,55.29072,0,0.0,62.0419464,0.4,AP,ANP2.2,
7527,LEAR35-A-1,A,1,11,8300.7336,497.61648,0,0.0,15.3304312,0.1,AP,ANP2.2,
7528,JET-BUSINESS-D-3,D,1,1,8300.7336,0.0,0,0.0,0.0,0.974822857,TO,ANP2.2,
7529,JET-BUSINESS-D-3,D,1,2,8300.7336,777.60576,0,0.0,73.3597144,0.815557143,TO,ANP2.2,
7530,JET-BUSINESS-D-3,D,1,3,8300.7336,1352.06232,0,59.2836,81.0763744,0.799091429,TO,ANP2.2,
7531,JET-BUSINESS-D-3,D,1,4,8300.7336,3418.7892,0,457.2,82.6711508,0.798505714,TO,ANP2.2,
7532,JET-BUSINESS-D-3,D,1,5,8300.7336,4504.88304,0,553.85208,96.201028,0.770817143,CL,ANP2.2,
7533,JET-BUSINESS-D-3,D,1,6,8300.7336,4809.68304,0,607.80168,96.45825,0.693822857,CL,ANP2.2,
7534,JET-BUSINESS-D-3,D,1,7,8300.7336,6542.50152,0,914.4,97.8986932,0.694737143,CL,ANP2.2,
7535,JET-BUSINESS-D-3,D,1,8,8300.7336,12305.65992,0,1356.60384,136.6877708,0.630482857,CL,ANP2.2,
7536,JET-BUSINESS-D-3,D,1,9,8300.7336,14860.92024,0,1676.4,138.8484356,0.6335,CL,ANP2.2,
7537,JET-BUSINESS-D-3,D,1,10,8300.7336,20123.53608,0,2286.0,143.1697652,0.641674286,CL,ANP2.2,
7538,JET-BUSINESS-D-3,D,1,11,8300.7336,27477.96384,0,3048.0,148.8286492,0.656362857,CL,ANP2.2,
7539,MD11GE-A-1,A,1,1,179168.84,-34895.6376,0,1828.8,116.264344,0.045382114,AP,ANP2.2,
7540,MD11GE-A-1,A,1,2,179168.84,-17447.6664,0,914.4,91.571032,0.12803252,AP,ANP2.2,
7541,MD11GE-A-1,A,1,3,179168.84,-8723.9856,0,457.2,89.513256,0.159121951,AP,ANP2.2,
7542,MD11GE-A-1,A,1,4,179168.84,-5815.8888,0,304.8,82.31104,0.179463415,AP,ANP2.2,
7543,MD11GE-A-1,A,1,5,179168.84,0.0,0,0.0,74.59438,0.038731707,AP,ANP2.2,
7544,MD11GE-A-1,A,1,6,179168.84,111.5568,0,0.0,46.29996,0.1,AP,ANP2.2,
7545,MD11GE-A-1,A,1,7,179168.84,1116.7872,0,0.0,15.43332,0.032699187,AP,ANP2.2,
7546,MD11GE-D-1,D,1,1,179168.84,0.0,0,0.0,0.0,0.858278374,TO,ANP2.2,
7547,MD11GE-D-1,D,1,2,179168.84,1174.91256,0,0.0,79.7902644,0.749939837,TO,ANP2.2,
7548,MD11GE-D-1,D,1,3,179168.84,2373.87384,0,304.8,80.9734856,0.760883902,TO,ANP2.2,
7549,MD11GE-D-1,D,1,4,179168.84,3853.79976,0,427.51248,110.2453492,0.727026341,CL,ANP2.2,
7550,MD11GE-D-1,D,1,5,179168.84,4158.59976,0,474.32976,110.5025712,0.521726341,CL,ANP2.2,
7551,MD11GE-D-1,D,1,6,179168.84,5039.5632,0,609.6,111.2227928,0.525492033,CL,ANP2.2,
7552,MD11GE-D-1,D,1,7,179168.84,7072.884,0,914.4,112.8690136,0.533975935,CL,ANP2.2,
7553,MD11GE-D-1,D,1,8,179168.84,9741.04224,0,1086.4596,134.8872168,0.509778537,CL,ANP2.2,
7554,MD11GE-D-1,D,1,9,179168.84,24409.81656,0,3048.0,148.8286492,0.564377236,CL,ANP2.2,
7555,MD11GE-D-2,D,2,1,185972.72,0.0,0,0.0,0.0,0.858278374,TO,ANP2.2,
7556,MD11GE-D-2,D,2,2,185972.72,1269.27864,0,0.0,81.282152,0.747901951,TO,ANP2.2,
7557,MD11GE-D-2,D,2,3,185972.72,2543.0988,0,304.8,82.5168176,0.758846016,TO,ANP2.2,
7558,MD11GE-D-2,D,2,4,185972.72,4023.90864,0,427.14672,109.7309052,0.727707967,CL,ANP2.2,
7559,MD11GE-D-2,D,2,5,185972.72,4328.70864,0,471.5256,109.9366828,0.522392358,CL,ANP2.2,
7560,MD11GE-D-2,D,2,6,185972.72,5276.60616,0,609.6,110.7083488,0.526235285,CL,ANP2.2,
7561,MD11GE-D-2,D,2,7,185972.72,7421.2704,0,914.4,112.3545696,0.534719187,CL,ANP2.2,
7562,MD11GE-D-2,D,2,8,185972.72,10407.396,0,1107.24696,134.9901056,0.510356585,CL,ANP2.2,
7563,MD11GE-D-2,D,2,9,185972.72,25731.61224,0,3048.0,148.8286492,0.564377236,CL,ANP2.2,
7564,MD11GE-D-3,D,3,1,192776.6,0.0,0,0.0,0.0,0.858278374,TO,ANP2.2,
7565,MD11GE-D-3,D,3,2,192776.6,1367.4852,0,0.0,82.7740396,0.745900976,TO,ANP2.2,
7566,MD11GE-D-3,D,3,3,192776.6,2718.90744,0,304.8,84.0087052,0.756845041,TO,ANP2.2,
7567,MD11GE-D-3,D,3,4,192776.6,4227.576,0,428.64024,109.7309052,0.727761138,CL,ANP2.2,
7568,MD11GE-D-3,D,3,5,192776.6,4532.376,0,470.70264,109.9366828,0.52236878,CL,ANP2.2,
7569,MD11GE-D-3,D,3,6,192776.6,5538.88656,0,609.6,110.7083488,0.526235285,CL,ANP2.2,
7570,MD11GE-D-3,D,3,7,192776.6,7803.00192,0,914.4,112.3545696,0.534719187,CL,ANP2.2,
7571,MD11GE-D-3,D,3,8,192776.6,11073.20112,0,1125.474,135.1444388,0.510864065,CL,ANP2.2,
7572,MD11GE-D-3,D,3,9,192776.6,27080.29128,0,3048.0,148.8286492,0.564377236,CL,ANP2.2,
7573,MD11GE-D-4,D,4,1,208652.32,0.0,0,0.0,0.0,0.858278374,TO,ANP2.2,
7574,MD11GE-D-4,D,4,2,208652.32,1611.7824,0,0.0,86.1179256,0.741365203,TO,ANP2.2,
7575,MD11GE-D-4,D,4,3,208652.32,3155.77728,0,304.8,87.4040356,0.752309268,TO,ANP2.2,
7576,MD11GE-D-4,D,4,4,208652.32,4671.822,0,427.72584,109.2164612,0.728424228,CL,ANP2.2,
7577,MD11GE-D-4,D,4,5,208652.32,4976.622,0,465.06384,109.3707944,0.52295561,CL,ANP2.2,
7578,MD11GE-D-4,D,4,6,208652.32,6156.5028,0,609.6,110.1424604,0.526978537,CL,ANP2.2,
7579,MD11GE-D-4,D,4,7,208652.32,8709.99528,0,914.4,111.7886812,0.535462439,CL,ANP2.2,
7580,MD11GE-D-4,D,4,8,208652.32,12885.08472,0,1183.93464,135.5045496,0.512491545,CL,ANP2.2,
7581,MD11GE-D-4,D,4,9,208652.32,30395.66184,0,3048.0,148.8286492,0.564377236,CL,ANP2.2,
7582,MD11GE-D-5,D,5,1,224528.04,0.0,0,0.0,0.0,0.858278374,TO,ANP2.2,
7583,MD11GE-D-5,D,5,2,224528.04,1877.4156,0,0.0,89.3589228,0.736998862,TO,ANP2.2,
7584,MD11GE-D-5,D,5,3,224528.04,3632.42352,0,304.8,90.6450328,0.747943089,TO,ANP2.2,
7585,MD11GE-D-5,D,5,4,224528.04,5113.3248,0,423.48912,108.6505728,0.728966667,CL,ANP2.2,
7586,MD11GE-D-5,D,5,5,224528.04,5418.1248,0,456.80376,108.804906,0.523468618,CL,ANP2.2,
7587,MD11GE-D-5,D,5,6,224528.04,6816.6996,0,609.6,109.6280164,0.527721789,CL,ANP2.2,
7588,MD11GE-D-5,D,5,7,224528.04,9683.1912,0,914.4,111.2742372,0.536205691,CL,ANP2.2,
7589,MD11GE-D-5,D,5,8,224528.04,15119.4516,0,1265.19432,136.070438,0.514753333,CL,ANP2.2,
7590,MD11GE-D-5,D,5,9,224528.04,33954.04944,0,3048.0,148.8286492,0.564377236,CL,ANP2.2,
7591,MD11GE-D-6,D,6,1,242671.72,0.0,0,0.0,0.0,0.858278374,TO,ANP2.2,
7592,MD11GE-D-6,D,6,2,242671.72,2207.45304,0,0.0,92.857142,0.732193984,TO,ANP2.2,
7593,MD11GE-D-6,D,6,3,242671.72,4230.10584,0,304.8,94.2461408,0.743138049,TO,ANP2.2,
7594,MD11GE-D-6,D,6,4,242671.72,5668.33512,0,418.21608,108.5991284,0.728777561,CL,ANP2.2,
7595,MD11GE-D-6,D,6,5,242671.72,5973.13512,0,447.50736,108.7534616,0.523209756,CL,ANP2.2,
7596,MD11GE-D-6,D,6,6,242671.72,7660.90416,0,609.6,109.6280164,0.527721789,CL,ANP2.2,
7597,MD11GE-D-6,D,6,7,242671.72,10927.11048,0,914.4,111.2742372,0.536205691,CL,ANP2.2,
7598,MD11GE-D-6,D,6,8,242671.72,18386.87712,0,1393.94184,136.9449928,0.518336748,CL,ANP2.2,
7599,MD11GE-D-6,D,6,9,242671.72,38334.26928,0,3048.0,148.8286492,0.564377236,CL,ANP2.2,
7600,MD11GE-D-7,D,7,1,263083.36,0.0,0,0.0,0.0,0.858278374,TO,ANP2.2,
7601,MD11GE-D-7,D,7,2,263083.36,2612.898,0,0.0,96.715472,0.726998374,TO,ANP2.2,
7602,MD11GE-D-7,D,7,3,263083.36,4977.29256,0,304.8,98.1559152,0.737942439,TO,ANP2.2,
7603,MD11GE-D-7,D,7,4,263083.36,6209.75136,0,400.59864,107.9817956,0.728838862,CL,ANP2.2,
7604,MD11GE-D-7,D,7,5,263083.36,6514.55136,0,426.07992,108.1361288,0.523357073,CL,ANP2.2,
7605,MD11GE-D-7,D,7,6,263083.36,8707.64832,0,609.6,109.1135724,0.528465041,CL,ANP2.2,
7606,MD11GE-D-7,D,7,7,263083.36,12467.05152,0,914.4,110.7597932,0.536948943,CL,ANP2.2,
7607,MD11GE-D-7,D,7,8,263083.36,24619.33608,0,1690.116,138.9513244,0.526580813,CL,ANP2.2,
7608,MD11GE-D-7,D,7,9,263083.36,43747.45632,0,3048.0,148.8286492,0.564377236,CL,ANP2.2,
7609,MD11PW-A-1,A,1,1,179168.84,-34895.6376,0,1828.8,116.264344,0.046516667,AP,ANP2.2,
7610,MD11PW-A-1,A,1,2,179168.84,-17447.6664,0,914.4,91.571032,0.131233333,AP,ANP2.2,
7611,MD11PW-A-1,A,1,3,179168.84,-8723.9856,0,457.2,89.513256,0.1629,AP,ANP2.2,
7612,MD11PW-A-1,A,1,4,179168.84,-5815.8888,0,304.8,82.31104,0.183966667,AP,ANP2.2,
7613,MD11PW-A-1,A,1,5,179168.84,0.0,0,0.0,74.59438,0.041666667,AP,ANP2.2,
7614,MD11PW-A-1,A,1,6,179168.84,99.3648,0,0.0,46.29996,0.1,AP,ANP2.2,
7615,MD11PW-A-1,A,1,7,179168.84,993.3432,0,0.0,15.43332,0.04555,AP,ANP2.2,
7616,MD11PW-D-1,D,1,1,179168.84,0.0,0,0.0,0.0,0.850026167,TO,ANP2.2,
7617,MD11PW-D-1,D,1,2,179168.84,1279.36752,0,0.0,79.996042,0.716385,TO,ANP2.2,
7618,MD11PW-D-1,D,1,3,179168.84,2614.78776,0,304.8,81.1792632,0.727223833,TO,ANP2.2,
7619,MD11PW-D-1,D,1,4,179168.84,4144.45704,0,433.45608,107.6731292,0.689310667,CL,ANP2.2,
7620,MD11PW-D-1,D,1,5,179168.84,4449.25704,0,485.97312,107.9303512,0.579215833,CL,ANP2.2,
7621,MD11PW-D-1,D,1,6,179168.84,5166.75624,0,609.6,108.5991284,0.583183,CL,ANP2.2,
7622,MD11PW-D-1,D,1,7,179168.84,6976.17096,0,914.4,110.1939048,0.592964667,CL,ANP2.2,
7623,MD11PW-D-1,D,1,8,179168.84,9543.65376,0,1081.61328,134.8357724,0.554866333,CL,ANP2.2,
7624,MD11PW-D-1,D,1,9,179168.84,22995.36168,0,3048.0,148.8286492,0.617971333,CL,ANP2.2,
7625,MD11PW-D-2,D,2,1,185972.72,0.0,0,0.0,0.0,0.850026167,TO,ANP2.2,
7626,MD11PW-D-2,D,2,2,185972.72,1383.21288,0,0.0,81.4879296,0.713871167,TO,ANP2.2,
7627,MD11PW-D-2,D,2,3,185972.72,2805.62304,0,304.8,82.7225952,0.72471,TO,ANP2.2,
7628,MD11PW-D-2,D,2,4,185972.72,4369.70424,0,435.46776,107.6731292,0.689381333,CL,ANP2.2,
7629,MD11PW-D-2,D,2,5,185972.72,4674.50424,0,485.2416,107.9303512,0.579191833,CL,ANP2.2,
7630,MD11PW-D-2,D,2,6,185972.72,5436.13848,0,609.6,108.5991284,0.583183,CL,ANP2.2,
7631,MD11PW-D-2,D,2,7,185972.72,7345.58856,0,914.4,110.1939048,0.592964667,CL,ANP2.2,
7632,MD11PW-D-2,D,2,8,185972.72,10132.83216,0,1095.84744,134.9386612,0.555323333,CL,ANP2.2,
7633,MD11PW-D-2,D,2,9,185972.72,24211.87944,0,3048.0,148.8286492,0.617971333,CL,ANP2.2,
7634,MD11PW-D-3,D,3,1,192776.6,0.0,0,0.0,0.0,0.850026167,TO,ANP2.2,
7635,MD11PW-D-3,D,3,2,192776.6,1491.41688,0,0.0,82.9798172,0.711402833,TO,ANP2.2,
7636,MD11PW-D-3,D,3,3,192776.6,3004.53552,0,304.8,84.2144828,0.722241667,TO,ANP2.2,
7637,MD11PW-D-3,D,3,4,192776.6,4558.25352,0,434.12664,107.1586852,0.6901885,CL,ANP2.2,
7638,MD11PW-D-3,D,3,5,192776.6,4863.05352,0,481.46208,107.3644628,0.580059,CL,ANP2.2,
7639,MD11PW-D-3,D,3,6,192776.6,5687.65944,0,609.6,108.03324,0.584170833,CL,ANP2.2,
7640,MD11PW-D-3,D,3,7,192776.6,7695.10272,0,914.4,109.6794608,0.5939525,CL,ANP2.2,
7641,MD11PW-D-3,D,3,8,192776.6,10784.98224,0,1115.84232,135.0929944,0.555964167,CL,ANP2.2,
7642,MD11PW-D-3,D,3,9,192776.6,25462.0776,0,3048.0,148.8286492,0.617971333,CL,ANP2.2,
7643,MD11PW-D-4,D,4,1,208652.32,0.0,0,0.0,0.0,0.850026167,TO,ANP2.2,
7644,MD11PW-D-4,D,4,2,208652.32,1761.01248,0,0.0,86.3237032,0.705807667,TO,ANP2.2,
7645,MD11PW-D-4,D,4,3,208652.32,3501.87768,0,304.8,87.6098132,0.716646667,TO,ANP2.2,
7646,MD11PW-D-4,D,4,4,208652.32,5099.304,0,435.7116,107.1586852,0.690245167,CL,ANP2.2,
7647,MD11PW-D-4,D,4,5,208652.32,5404.104,0,477.80448,107.3644628,0.579941667,CL,ANP2.2,
7648,MD11PW-D-4,D,4,6,208652.32,6358.06704,0,609.6,108.03324,0.584170833,CL,ANP2.2,
7649,MD11PW-D-4,D,4,7,208652.32,8617.33608,0,914.4,109.6794608,0.5939525,CL,ANP2.2,
7650,MD11PW-D-4,D,4,8,208652.32,12386.18808,0,1159.764,135.3502164,0.5573745,CL,ANP2.2,
7651,MD11PW-D-4,D,4,9,208652.32,28505.47512,0,3048.0,148.8286492,0.617971333,CL,ANP2.2,
7652,MD11PW-D-5,D,5,1,224528.04,0.0,0,0.0,0.0,0.850026167,TO,ANP2.2,
7653,MD11PW-D-5,D,5,2,224528.04,2054.83968,0,0.0,89.5647004,0.700421667,TO,ANP2.2,
7654,MD11PW-D-5,D,5,3,224528.04,4049.38992,0,304.8,90.8508104,0.711260667,TO,ANP2.2,
7655,MD11PW-D-5,D,5,4,224528.04,5654.55816,0,434.40096,107.1586852,0.690198167,CL,ANP2.2,
7656,MD11PW-D-5,D,5,5,224528.04,5959.35816,0,472.01328,107.3130184,0.579755667,CL,ANP2.2,
7657,MD11PW-D-5,D,5,6,224528.04,7073.646,0,609.6,108.03324,0.584170833,CL,ANP2.2,
7658,MD11PW-D-5,D,5,7,224528.04,9603.76032,0,914.4,109.6794608,0.5939525,CL,ANP2.2,
7659,MD11PW-D-5,D,5,8,224528.04,14252.81376,0,1216.57872,135.7617716,0.559197167,CL,ANP2.2,
7660,MD11PW-D-5,D,5,9,224528.04,31749.24816,0,3048.0,148.8286492,0.617971333,CL,ANP2.2,
7661,MD11PW-D-6,D,6,1,242671.72,0.0,0,0.0,0.0,0.850026167,TO,ANP2.2,
7662,MD11PW-D-6,D,6,2,242671.72,2420.78256,0,0.0,93.114364,0.6944945,TO,ANP2.2,
7663,MD11PW-D-6,D,6,3,242671.72,4743.51096,0,304.8,94.4519184,0.705333333,TO,ANP2.2,
7664,MD11PW-D-6,D,6,4,242671.72,6367.36344,0,433.39512,107.6731292,0.6893075,CL,ANP2.2,
7665,MD11PW-D-6,D,6,5,242671.72,6672.16344,0,466.55736,107.8274624,0.578592333,CL,ANP2.2,
7666,MD11PW-D-6,D,6,6,242671.72,7986.70488,0,609.6,108.5991284,0.583183,CL,ANP2.2,
7667,MD11PW-D-6,D,6,7,242671.72,10860.60312,0,914.4,110.1939048,0.592964667,CL,ANP2.2,
7668,MD11PW-D-6,D,6,8,242671.72,16780.4592,0,1297.50312,136.2762156,0.561794333,CL,ANP2.2,
7669,MD11PW-D-6,D,6,9,242671.72,35727.61968,0,3048.0,148.8286492,0.617971333,CL,ANP2.2,
7670,MD11PW-D-7,D,7,1,263083.36,0.0,0,0.0,0.0,0.850026167,TO,ANP2.2,
7671,MD11PW-D-7,D,7,2,263083.36,2871.61224,0,0.0,96.9212496,0.6880855,TO,ANP2.2,
7672,MD11PW-D-7,D,7,3,263083.36,5623.8648,0,304.8,98.3616928,0.698924333,TO,ANP2.2,
7673,MD11PW-D-7,D,7,4,263083.36,7183.5264,0,425.8056,108.1361288,0.688183,CL,ANP2.2,
7674,MD11PW-D-7,D,7,5,263083.36,7488.3264,0,454.73112,108.290462,0.577225,CL,ANP2.2,
7675,MD11PW-D-7,D,7,6,263083.36,9120.5304,0,609.6,109.1135724,0.582195167,CL,ANP2.2,
7676,MD11PW-D-7,D,7,7,263083.36,12422.18496,0,914.4,110.7597932,0.591976833,CL,ANP2.2,
7677,MD11PW-D-7,D,7,8,263083.36,20597.0124,0,1440.18,137.2536592,0.566373,CL,ANP2.2,
7678,MD11PW-D-7,D,7,9,263083.36,40598.1408,0,3048.0,148.8286492,0.617971333,CL,ANP2.2,
7679,MD81-A-1,A,1,1,54739.48256,-43290.744,0,1828.8,140.0316568,5.18135e-05,AP,ANP2.2,
7680,MD81-A-1,A,1,2,54739.48256,-40502.7384,0,1663.9032,138.9513244,5.18135e-05,AP,ANP2.2,
7681,MD81-A-1,A,1,3,54739.48256,-37725.7056,0,1499.616,137.870992,5.18135e-05,AP,ANP2.2,
7682,MD81-A-1,A,1,4,54739.48256,-34959.036,0,1336.8528,136.842104,5.18135e-05,AP,ANP2.2,
7683,MD81-A-1,A,1,5,54739.48256,-30828.6912,0,1094.5368,135.298772,5.18135e-05,AP,ANP2.2,
7684,MD81-A-1,A,1,6,54739.48256,-27738.9336,0,914.4,134.1669952,5.18135e-05,AP,ANP2.2,
7685,MD81-A-1,A,1,7,54739.48256,-26945.844,0,914.4,130.1028876,5.18135e-05,AP,ANP2.2,
7686,MD81-A-1,A,1,8,54739.48256,-25679.4,0,914.4,123.1578936,0.00134715,AP,ANP2.2,
7687,MD81-A-1,A,1,9,54739.48256,-24480.9264,0,914.4,116.521566,0.003626943,AP,ANP2.2,
7688,MD81-A-1,A,1,10,54739.48256,-23347.9848,0,914.4,110.091016,0.005699482,AP,ANP2.2,
7689,MD81-A-1,A,1,11,54739.48256,-22279.0512,0,914.4,103.7633548,0.00761658,AP,ANP2.2,
7690,MD81-A-1,A,1,12,54739.48256,-21273.2112,0,914.4,97.4356936,0.009378238,AP,ANP2.2,
7691,MD81-A-1,A,1,13,54739.48256,-20600.8224,0,914.4,92.9085864,0.010621762,AP,ANP2.2,
7692,MD81-A-1,A,1,14,54739.48256,-20126.8584,0,914.4,89.2045896,0.011606218,AP,ANP2.2,
7693,MD81-A-1,A,1,15,54739.48256,-19089.624,0,914.4,79.5330424,0.013937824,AP,ANP2.2,
7694,MD81-A-1,A,1,16,54739.48256,-18135.6,0,914.4,79.5330424,0.013937824,AP,ANP2.2,
7695,MD81-A-1,A,1,17,54739.48256,-17903.3424,0,914.4,76.8579336,0.014507772,AP,ANP2.2,
7696,MD81-A-1,A,1,18,54739.48256,-17426.94,0,914.4,76.8579336,0.202020725,AP,ANP2.2,
7697,MD81-A-1,A,1,19,54739.48256,-14750.796,0,773.8872,76.2920452,0.19865285,AP,ANP2.2,
7698,MD81-A-1,A,1,20,54739.48256,-11714.3784,0,614.7816,75.7261568,0.194870466,AP,ANP2.2,
7699,MD81-A-1,A,1,21,54739.48256,-8701.7352,0,456.5904,75.1602684,0.191243523,AP,ANP2.2,
7700,MD81-A-1,A,1,22,54739.48256,-6084.4176,0,319.1256,74.6458244,0.188134715,AP,ANP2.2,
7701,MD81-A-1,A,1,23,54739.48256,-3114.1416,0,163.3728,74.079936,0.184663212,AP,ANP2.2,
7702,MD81-A-1,A,1,24,54739.48256,-290.7792,0,15.24,73.565492,0.181450777,AP,ANP2.2,
7703,MD81-A-1,A,1,25,54739.48256,0.0,0,0.0,73.051048,0.181450777,AP,ANP2.2,
7704,MD81-A-1,A,1,26,54739.48256,104.2416,0,0.0,69.964384,0.4,AP,ANP2.2,
7705,MD81-A-1,A,1,27,54739.48256,1042.416,0,0.0,15.43332,0.1,AP,ANP2.2,
7706,MD81-D-1,D,1,1,54739.48256,0.0,0,0.0,0.0,0.97376114,TO,ANP2.2,
7707,MD81-D-1,D,1,2,54739.48256,1202.67984,0,0.0,74.8001576,0.889482902,TO,ANP2.2,
7708,MD81-D-1,D,1,3,54739.48256,3521.0496,0,457.2,76.4978228,0.897005181,TO,ANP2.2,
7709,MD81-D-1,D,1,4,54739.48256,3825.8496,0,505.93752,76.652156,0.817745596,CL,ANP2.2,
7710,MD81-D-1,D,1,5,54739.48256,6379.7688,0,914.4,78.195488,0.831389637,CL,ANP2.2,
7711,MD81-D-1,D,1,6,54739.48256,11676.15648,0,1213.46976,135.7103272,0.793881347,CL,ANP2.2,
7712,MD81-D-1,D,1,7,54739.48256,14810.35392,0,1676.4,138.8484356,0.809345078,CL,ANP2.2,
7713,MD81-D-1,D,1,8,54739.48256,19207.64256,0,2286.0,143.1697652,0.829708808,CL,ANP2.2,
7714,MD81-D-1,D,1,9,54739.48256,25194.40224,0,3048.0,148.8286492,0.855163731,CL,ANP2.2,
7715,MD81-D-2,D,2,1,57970.87197,0.0,0,0.0,0.0,0.97376114,TO,ANP2.2,
7716,MD81-D-2,D,2,2,57970.87197,1352.55,0,0.0,77.0122668,0.887031088,TO,ANP2.2,
7717,MD81-D-2,D,2,3,57970.87197,3892.66176,0,457.2,78.709932,0.89455285,TO,ANP2.2,
7718,MD81-D-2,D,2,4,57970.87197,4197.46176,0,501.48744,78.8642652,0.815650259,CL,ANP2.2,
7719,MD81-D-2,D,2,5,57970.87197,7040.05704,0,914.4,80.4590416,0.829444041,CL,ANP2.2,
7720,MD81-D-2,D,2,6,57970.87197,12606.31464,0,1205.05728,135.6588828,0.793599482,CL,ANP2.2,
7721,MD81-D-2,D,2,7,57970.87197,16070.91528,0,1676.4,138.8484356,0.809345078,CL,ANP2.2,
7722,MD81-D-2,D,2,8,57970.87197,20853.74544,0,2286.0,143.1697652,0.829708808,CL,ANP2.2,
7723,MD81-D-2,D,2,9,57970.87197,27378.69048,0,3048.0,148.8286492,0.855163731,CL,ANP2.2,
7724,MD81-D-3,D,3,1,61295.70133,0.0,0,0.0,0.0,0.97376114,TO,ANP2.2,
7725,MD81-D-3,D,3,2,61295.70133,1516.31904,0,0.0,79.1729316,0.884578756,TO,ANP2.2,
7726,MD81-D-3,D,3,3,61295.70133,4298.50296,0,457.2,80.9220412,0.892100518,TO,ANP2.2,
7727,MD81-D-3,D,3,4,61295.70133,4603.30296,0,497.40312,81.0763744,0.813567876,CL,ANP2.2,
7728,MD81-D-3,D,3,5,61295.70133,7765.29816,0,914.4,82.7740396,0.827497927,CL,ANP2.2,
7729,MD81-D-3,D,3,6,61295.70133,13720.38912,0,1211.79336,135.7103272,0.79382487,CL,ANP2.2,
7730,MD81-D-3,D,3,7,61295.70133,17429.13456,0,1676.4,138.8484356,0.809345078,CL,ANP2.2,
7731,MD81-D-3,D,3,8,61295.70133,22629.20544,0,2286.0,143.1697652,0.829708808,CL,ANP2.2,
7732,MD81-D-3,D,3,9,61295.70133,29739.42744,0,3048.0,148.8286492,0.855163731,CL,ANP2.2,
7733,MD81-D-4,D,4,1,63502.88,0.0,0,0.0,0.0,0.97376114,TO,ANP2.2,
7734,MD81-D-4,D,4,2,63502.88,1630.43616,0,0.0,80.5619304,0.882987047,TO,ANP2.2,
7735,MD81-D-4,D,4,3,63502.88,4581.81456,0,457.2,82.3624844,0.890509326,TO,ANP2.2,
7736,MD81-D-4,D,4,4,63502.88,4886.61456,0,494.93424,82.5168176,0.812222798,CL,ANP2.2,
7737,MD81-D-4,D,4,5,63502.88,8274.558,0,914.4,84.2144828,0.826234715,CL,ANP2.2,
7738,MD81-D-4,D,4,6,63502.88,14392.77792,0,1203.77712,135.6588828,0.793556995,CL,ANP2.2,
7739,MD81-D-4,D,4,7,63502.88,18369.29016,0,1676.4,138.8484356,0.809345078,CL,ANP2.2,
7740,MD81-D-4,D,4,8,63502.88,23858.73816,0,2286.0,143.1697652,0.829708808,CL,ANP2.2,
7741,MD81-D-4,D,4,9,63502.88,31376.5692,0,3048.0,148.8286492,0.855163731,CL,ANP2.2,
7742,MD82-A-1,A,1,1,54604.76574,-43325.796,0,1828.8,140.0316568,4.78469e-05,AP,ANP2.2,
7743,MD82-A-1,A,1,2,54604.76574,-40537.7904,0,1664.5128,138.9513244,4.78469e-05,AP,ANP2.2,
7744,MD82-A-1,A,1,3,54604.76574,-37760.4528,0,1501.4448,137.9224364,4.78469e-05,AP,ANP2.2,
7745,MD82-A-1,A,1,4,54604.76574,-34993.4784,0,1339.2912,136.842104,4.78469e-05,AP,ANP2.2,
7746,MD82-A-1,A,1,5,54604.76574,-30862.8288,0,1098.4992,135.298772,4.78469e-05,AP,ANP2.2,
7747,MD82-A-1,A,1,6,54604.76574,-27690.7752,0,914.4,134.1669952,4.78469e-05,AP,ANP2.2,
7748,MD82-A-1,A,1,7,54604.76574,-26897.6856,0,914.4,130.154332,4.78469e-05,AP,ANP2.2,
7749,MD82-A-1,A,1,8,54604.76574,-25630.9368,0,914.4,123.209338,0.001196172,AP,ANP2.2,
7750,MD82-A-1,A,1,9,54604.76574,-24431.8536,0,914.4,116.5730104,0.003349282,AP,ANP2.2,
7751,MD82-A-1,A,1,10,54604.76574,-23297.9976,0,914.4,110.1424604,0.005263158,AP,ANP2.2,
7752,MD82-A-1,A,1,11,54604.76574,-22228.1496,0,914.4,103.8147992,0.006985646,AP,ANP2.2,
7753,MD82-A-1,A,1,12,54604.76574,-21221.3952,0,914.4,97.5385824,0.008660287,AP,ANP2.2,
7754,MD82-A-1,A,1,13,54604.76574,-20619.1104,0,914.4,93.4744748,0.009665072,AP,ANP2.2,
7755,MD82-A-1,A,1,14,54604.76574,-20142.4032,0,914.4,89.7190336,0.010574163,AP,ANP2.2,
7756,MD82-A-1,A,1,15,54604.76574,-19100.5968,0,914.4,80.0474864,0.01277512,AP,ANP2.2,
7757,MD82-A-1,A,1,16,54604.76574,-18140.172,0,914.4,80.0474864,0.01277512,AP,ANP2.2,
7758,MD82-A-1,A,1,17,54604.76574,-17906.3904,0,914.4,77.3723776,0.013301435,AP,ANP2.2,
7759,MD82-A-1,A,1,18,54604.76574,-17426.94,0,914.4,77.3723776,0.189330144,AP,ANP2.2,
7760,MD82-A-1,A,1,19,54604.76574,-14731.8984,0,772.9728,76.8579336,0.186124402,AP,ANP2.2,
7761,MD82-A-1,A,1,20,54604.76574,-11674.7544,0,612.648,76.2406008,0.182583732,AP,ANP2.2,
7762,MD82-A-1,A,1,21,54604.76574,-8641.3848,0,453.5424,75.6747124,0.179186603,AP,ANP2.2,
7763,MD82-A-1,A,1,22,54604.76574,-6006.084,0,315.1632,75.1602684,0.176220096,AP,ANP2.2,
7764,MD82-A-1,A,1,23,54604.76574,-3015.996,0,158.1912,74.59438,0.172966507,AP,ANP2.2,
7765,MD82-A-1,A,1,24,54604.76574,-290.7792,0,15.24,74.079936,0.170047847,AP,ANP2.2,
7766,MD82-A-1,A,1,25,54604.76574,0.0,0,0.0,73.565492,0.170047847,AP,ANP2.2,
7767,MD82-A-1,A,1,26,54604.76574,105.88752,0,0.0,70.478828,0.4,AP,ANP2.2,
7768,MD82-A-1,A,1,27,54604.76574,1058.8752,0,0.0,15.43332,0.1,AP,ANP2.2,
7769,MD82-D-1,D,1,1,54604.76574,0.0,0,0.0,0.0,0.926192344,TO,ANP2.2,
7770,MD82-D-1,D,1,2,54604.76574,1189.08576,0,0.0,74.6458244,0.817693301,TO,ANP2.2,
7771,MD82-D-1,D,1,3,54604.76574,3482.30952,0,457.2,76.2920452,0.841751196,TO,ANP2.2,
7772,MD82-D-1,D,1,4,54604.76574,3787.10952,0,511.94208,76.4978228,0.747748804,CL,ANP2.2,
7773,MD82-D-1,D,1,5,54604.76574,6028.36488,0,914.4,77.9897104,0.75841244,CL,ANP2.2,
7774,MD82-D-1,D,1,6,54604.76574,11396.35008,0,1225.41792,135.813216,0.73990622,CL,ANP2.2,
7775,MD82-D-1,D,1,7,54604.76574,14409.45048,0,1676.4,138.8484356,0.751855502,CL,ANP2.2,
7776,MD82-D-1,D,1,8,54604.76574,18764.89008,0,2286.0,143.1697652,0.768007177,CL,ANP2.2,
7777,MD82-D-1,D,1,9,54604.76574,24728.02776,0,3048.0,148.8286492,0.788196651,CL,ANP2.2,
7778,MD82-D-2,D,2,1,57778.09537,0.0,0,0.0,0.0,0.926192344,TO,ANP2.2,
7779,MD82-D-2,D,2,2,57778.09537,1336.36512,0,0.0,76.7550448,0.814585167,TO,ANP2.2,
7780,MD82-D-2,D,2,3,57778.09537,3849.07536,0,457.2,78.45271,0.838643062,TO,ANP2.2,
7781,MD82-D-2,D,2,4,57778.09537,4153.87536,0,500.90832,78.6584876,0.746384211,CL,ANP2.2,
7782,MD82-D-2,D,2,5,57778.09537,7038.41112,0,914.4,80.253264,0.757340191,CL,ANP2.2,
7783,MD82-D-2,D,2,6,57778.09537,12678.36936,0,1217.46264,135.7617716,0.739695694,CL,ANP2.2,
7784,MD82-D-2,D,2,7,57778.09537,16002.12192,0,1676.4,138.8484356,0.751855502,CL,ANP2.2,
7785,MD82-D-2,D,2,8,57778.09537,20732.3436,0,2286.0,143.1697652,0.768007177,CL,ANP2.2,
7786,MD82-D-2,D,2,9,57778.09537,27222.35856,0,3048.0,148.8286492,0.788196651,CL,ANP2.2,
7787,MD82-D-3,D,3,1,61046.22573,0.0,0,0.0,0.0,0.926192344,TO,ANP2.2,
7788,MD82-D-3,D,3,2,61046.22573,1497.51288,0,0.0,78.9157096,0.811472249,TO,ANP2.2,
7789,MD82-D-3,D,3,3,61046.22573,4250.40552,0,457.2,80.6648192,0.835530144,TO,ANP2.2,
7790,MD82-D-3,D,3,4,61046.22573,4555.20552,0,496.94592,80.8191524,0.74520622,CL,ANP2.2,
7791,MD82-D-3,D,3,5,61046.22573,7755.39216,0,914.4,82.4653732,0.756266507,CL,ANP2.2,
7792,MD82-D-3,D,3,6,61046.22573,13683.3864,0,1211.18376,135.7103272,0.739529187,CL,ANP2.2,
7793,MD82-D-3,D,3,7,61046.22573,17334.2808,0,1676.4,138.8484356,0.751855502,CL,ANP2.2,
7794,MD82-D-3,D,3,8,61046.22573,22469.94744,0,2286.0,143.1697652,0.768007177,CL,ANP2.2,
7795,MD82-D-3,D,3,9,61046.22573,29532.80352,0,3048.0,148.8286492,0.788196651,CL,ANP2.2,
7796,MD82-D-4,D,4,1,66150.9501,0.0,0,0.0,0.0,0.926192344,TO,ANP2.2,
7797,MD82-D-4,D,4,2,66150.9501,1768.66296,0,0.0,82.1567068,0.80677177,TO,ANP2.2,
7798,MD82-D-4,D,4,3,66150.9501,4929.10368,0,457.2,83.9572608,0.830829665,TO,ANP2.2,
7799,MD82-D-4,D,4,4,66150.9501,5233.90368,0,491.61192,84.111594,0.743443541,CL,ANP2.2,
7800,MD82-D-4,D,4,5,66150.9501,8977.00008,0,914.4,85.8607036,0.754644976,CL,ANP2.2,
7801,MD82-D-4,D,4,6,66150.9501,15274.32048,0,1193.1396,135.6074384,0.739051196,CL,ANP2.2,
7802,MD82-D-4,D,4,7,66150.9501,19549.93296,0,1676.4,138.8484356,0.751855502,CL,ANP2.2,
7803,MD82-D-4,D,4,8,66150.9501,25362.46896,0,2286.0,143.1697652,0.768007177,CL,ANP2.2,
7804,MD82-D-4,D,4,9,66150.9501,33388.43208,0,3048.0,148.8286492,0.788196651,CL,ANP2.2,
7805,MD82-D-5,D,5,1,67812.004,0.0,0,0.0,0.0,0.926192344,TO,ANP2.2,
7806,MD82-D-5,D,5,2,67812.004,1862.0232,0,0.0,83.1341504,0.805281818,TO,ANP2.2,
7807,MD82-D-5,D,5,3,67812.004,5164.59216,0,457.2,84.9861488,0.829339713,TO,ANP2.2,
7808,MD82-D-5,D,5,4,67812.004,5469.39216,0,490.05744,85.140482,0.742888517,CL,ANP2.2,
7809,MD82-D-5,D,5,5,67812.004,9403.93344,0,914.4,86.941036,0.7541311,CL,ANP2.2,
7810,MD82-D-5,D,5,6,67812.004,15788.27424,0,1184.23944,135.5045496,0.738815789,CL,ANP2.2,
7811,MD82-D-5,D,5,7,67812.004,20309.79936,0,1676.4,138.8484356,0.751855502,CL,ANP2.2,
7812,MD82-D-5,D,5,8,67812.004,26355.05016,0,2286.0,143.1697652,0.768007177,CL,ANP2.2,
7813,MD82-D-5,D,5,9,67812.004,34714.09872,0,3048.0,148.8286492,0.788196651,CL,ANP2.2,
7814,MD83-A-1,A,1,1,55136.37556,-43393.4616,0,1828.8,140.0316568,4.60829e-05,AP,ANP2.2,
7815,MD83-A-1,A,1,2,55136.37556,-40605.1512,0,1668.1704,139.0027688,4.60829e-05,AP,ANP2.2,
7816,MD83-A-1,A,1,3,55136.37556,-37827.204,0,1508.4552,137.9224364,4.60829e-05,AP,ANP2.2,
7817,MD83-A-1,A,1,4,55136.37556,-35059.62,0,1349.6544,136.8935484,4.60829e-05,AP,ANP2.2,
7818,MD83-A-1,A,1,5,55136.37556,-29554.6272,0,1035.4056,134.9386612,4.60829e-05,AP,ANP2.2,
7819,MD83-A-1,A,1,6,55136.37556,-27418.5888,0,914.4,134.1669952,4.60829e-05,AP,ANP2.2,
7820,MD83-A-1,A,1,7,55136.37556,-26625.4992,0,914.4,130.2057764,4.60829e-05,AP,ANP2.2,
7821,MD83-A-1,A,1,8,55136.37556,-25356.9216,0,914.4,123.46656,0.001105991,AP,ANP2.2,
7822,MD83-A-1,A,1,9,55136.37556,-24155.0952,0,914.4,116.8816768,0.003133641,AP,ANP2.2,
7823,MD83-A-1,A,1,10,55136.37556,-23018.1912,0,914.4,110.5025712,0.004976959,AP,ANP2.2,
7824,MD83-A-1,A,1,11,55136.37556,-21944.9904,0,914.4,104.1234656,0.006682028,AP,ANP2.2,
7825,MD83-A-1,A,1,12,55136.37556,-20935.4928,0,914.4,97.74436,0.008294931,AP,ANP2.2,
7826,MD83-A-1,A,1,13,55136.37556,-20777.6064,0,914.4,96.6640276,0.008525346,AP,ANP2.2,
7827,MD83-A-1,A,1,14,55136.37556,-20284.44,0,914.4,92.9085864,0.009447005,AP,ANP2.2,
7828,MD83-A-1,A,1,15,55136.37556,-19212.1536,0,914.4,83.2884836,0.011612903,AP,ANP2.2,
7829,MD83-A-1,A,1,16,55136.37556,-18213.0192,0,914.4,83.2884836,0.011612903,AP,ANP2.2,
7830,MD83-A-1,A,1,17,55136.37556,-17923.1544,0,914.4,80.0474864,0.012304147,AP,ANP2.2,
7831,MD83-A-1,A,1,18,55136.37556,-17426.94,0,914.4,80.0474864,0.195253456,AP,ANP2.2,
7832,MD83-A-1,A,1,19,55136.37556,-14638.9344,0,768.096,79.481598,0.191889401,AP,ANP2.2,
7833,MD83-A-1,A,1,20,55136.37556,-11870.7408,0,622.7064,78.9157096,0.188525346,AP,ANP2.2,
7834,MD83-A-1,A,1,21,55136.37556,-8730.6912,0,458.1144,78.2983768,0.184884793,AP,ANP2.2,
7835,MD83-A-1,A,1,22,55136.37556,-6003.3408,0,314.8584,77.7839328,0.181751152,AP,ANP2.2,
7836,MD83-A-1,A,1,23,55136.37556,-2909.6208,0,152.7048,77.1666,0.178294931,AP,ANP2.2,
7837,MD83-A-1,A,1,24,55136.37556,-290.7792,0,15.24,76.652156,0.175437788,AP,ANP2.2,
7838,MD83-A-1,A,1,25,55136.37556,0.0,0,0.0,76.137712,0.175437788,AP,ANP2.2,
7839,MD83-A-1,A,1,26,55136.37556,113.56848,0,0.0,73.051048,0.4,AP,ANP2.2,
7840,MD83-A-1,A,1,27,55136.37556,1135.6848,0,0.0,15.43332,0.1,AP,ANP2.2,
7841,MD83-D-1,D,1,1,55136.37556,0.0,0,0.0,0.0,0.923908295,TO,ANP2.2,
7842,MD83-D-1,D,1,2,55136.37556,1146.2004,0,0.0,75.0059352,0.84351659,TO,ANP2.2,
7843,MD83-D-1,D,1,3,55136.37556,3266.96832,0,457.2,76.652156,0.857284332,TO,ANP2.2,
7844,MD83-D-1,D,1,4,55136.37556,3571.76832,0,508.92456,76.8579336,0.762279263,CL,ANP2.2,
7845,MD83-D-1,D,1,5,55136.37556,5960.6688,0,914.4,78.4012656,0.773748387,CL,ANP2.2,
7846,MD83-D-1,D,1,6,55136.37556,11266.65768,0,1239.07296,135.8646604,0.746512903,CL,ANP2.2,
7847,MD83-D-1,D,1,7,55136.37556,14044.63536,0,1676.4,138.8484356,0.758882949,CL,ANP2.2,
7848,MD83-D-1,D,1,8,55136.37556,18172.69416,0,2286.0,143.1697652,0.776126728,CL,ANP2.2,
7849,MD83-D-1,D,1,9,55136.37556,23806.76976,0,3048.0,148.8286492,0.797681106,CL,ANP2.2,
7850,MD83-D-2,D,2,1,58223.52271,0.0,0,0.0,0.0,0.923908295,TO,ANP2.2,
7851,MD83-D-2,D,2,2,58223.52271,1281.50112,0,0.0,77.0637112,0.841296313,TO,ANP2.2,
7852,MD83-D-2,D,2,3,58223.52271,3590.63544,0,457.2,78.7613764,0.855064516,TO,ANP2.2,
7853,MD83-D-2,D,2,4,58223.52271,3895.43544,0,504.53544,78.967154,0.760729954,CL,ANP2.2,
7854,MD83-D-2,D,2,5,58223.52271,6535.5216,0,914.4,80.5619304,0.772323963,CL,ANP2.2,
7855,MD83-D-2,D,2,6,58223.52271,12113.0568,0,1231.81872,135.8646604,0.746307373,CL,ANP2.2,
7856,MD83-D-2,D,2,7,58223.52271,15162.85512,0,1676.4,138.8484356,0.758882949,CL,ANP2.2,
7857,MD83-D-2,D,2,8,58223.52271,19628.17512,0,2286.0,143.1697652,0.776126728,CL,ANP2.2,
7858,MD83-D-2,D,2,9,58223.52271,25733.6544,0,3048.0,148.8286492,0.797681106,CL,ANP2.2,
7859,MD83-D-3,D,3,1,61441.75795,0.0,0,0.0,0.0,0.923908295,TO,ANP2.2,
7860,MD83-D-3,D,3,2,61441.75795,1430.8836,0,0.0,79.1729316,0.83904424,TO,ANP2.2,
7861,MD83-D-3,D,3,3,61441.75795,3946.76376,0,457.2,80.9220412,0.852811982,TO,ANP2.2,
7862,MD83-D-3,D,3,4,61441.75795,4251.56376,0,500.42064,81.1278188,0.759168664,CL,ANP2.2,
7863,MD83-D-3,D,3,5,61441.75795,7170.90768,0,914.4,82.7740396,0.770878802,CL,ANP2.2,
7864,MD83-D-3,D,3,6,61441.75795,13016.3316,0,1222.79664,135.7617716,0.746052074,CL,ANP2.2,
7865,MD83-D-3,D,3,7,61441.75795,16377.90984,0,1676.4,138.8484356,0.758882949,CL,ANP2.2,
7866,MD83-D-3,D,3,8,61441.75795,21211.00152,0,2286.0,143.1697652,0.776126728,CL,ANP2.2,
7867,MD83-D-3,D,3,9,61441.75795,27832.90344,0,3048.0,148.8286492,0.797681106,CL,ANP2.2,
7868,MD83-D-4,D,4,1,66713.85777,0.0,0,0.0,0.0,0.923908295,TO,ANP2.2,
7869,MD83-D-4,D,4,2,66713.85777,1694.13936,0,0.0,82.5168176,0.83547788,TO,ANP2.2,
7870,MD83-D-4,D,4,3,66713.85777,4574.37744,0,457.2,84.3173716,0.849246083,TO,ANP2.2,
7871,MD83-D-4,D,4,4,66713.85777,4879.17744,0,494.59896,84.4717048,0.756716129,CL,ANP2.2,
7872,MD83-D-4,D,4,5,66713.85777,8299.61256,0,914.4,86.2208144,0.768590783,CL,ANP2.2,
7873,MD83-D-4,D,4,6,66713.85777,14546.64096,0,1205.24016,135.6588828,0.74555576,CL,ANP2.2,
7874,MD83-D-4,D,4,7,66713.85777,18487.73544,0,1676.4,138.8484356,0.758882949,CL,ANP2.2,
7875,MD83-D-4,D,4,8,66713.85777,23962.49208,0,2286.0,143.1697652,0.776126728,CL,ANP2.2,
7876,MD83-D-4,D,4,9,66713.85777,31491.23496,0,3048.0,148.8286492,0.797681106,CL,ANP2.2,
7877,MD83-D-5,D,5,1,72574.72,0.0,0,0.0,0.0,0.923908295,TO,ANP2.2,
7878,MD83-D-5,D,5,2,72574.72,2014.02696,0,0.0,86.0664812,0.831675576,TO,ANP2.2,
7879,MD83-D-5,D,5,3,72574.72,5342.26008,0,457.2,87.969924,0.845443318,TO,ANP2.2,
7880,MD83-D-5,D,5,4,72574.72,5647.06008,0,489.17352,88.0728128,0.754122581,CL,ANP2.2,
7881,MD83-D-5,D,5,5,72574.72,9699.6504,0,914.4,89.9248112,0.766150691,CL,ANP2.2,
7882,MD83-D-5,D,5,6,72574.72,16383.67056,0,1187.83608,135.555994,0.745063134,CL,ANP2.2,
7883,MD83-D-5,D,5,7,72574.72,21031.0476,0,1676.4,138.8484356,0.758882949,CL,ANP2.2,
7884,MD83-D-5,D,5,8,72574.72,27283.34904,0,2286.0,143.1697652,0.776126728,CL,ANP2.2,
7885,MD83-D-5,D,5,9,72574.72,35920.86288,0,3048.0,148.8286492,0.797681106,CL,ANP2.2,
7886,MD9025-A-1,A,1,1,59430.07743,-34895.57664,0,1828.8,103.5575772,0.1176372,AP,ANP2.2,
7887,MD9025-A-1,A,1,2,59430.07743,-17752.58832,0,930.37152,82.825484,0.1053828,AP,ANP2.2,
7888,MD9025-A-1,A,1,3,59430.07743,-17447.78832,0,914.4,82.3624844,0.192394,AP,ANP2.2,
7889,MD9025-A-1,A,1,4,59430.07743,-8723.89416,0,457.2,78.5041544,0.1820812,AP,ANP2.2,
7890,MD9025-A-1,A,1,5,59430.07743,-6120.71928,0,320.77152,75.7776012,0.1791328,AP,ANP2.2,
7891,MD9025-A-1,A,1,6,59430.07743,-5815.91928,0,304.8,75.4689348,0.2401788,AP,ANP2.2,
7892,MD9025-A-1,A,1,7,59430.07743,-304.8,0,15.97152,73.3597144,0.23206,AP,ANP2.2,
7893,MD9025-A-1,A,1,8,59430.07743,0.0,0,0.0,73.2568256,0.2316496,AP,ANP2.2,
7894,MD9025-A-1,A,1,9,59430.07743,105.4608,0,0.0,66.5176092,0.4,AP,ANP2.2,
7895,MD9025-A-1,A,1,10,59430.07743,640.08,0,0.0,15.3304312,0.096,AP,ANP2.2,
7896,MD9025-D-1,D,1,1,59430.07743,0.0,0,0.0,0.0,0.9235684,TO,ANP2.2,
7897,MD9025-D-1,D,1,2,59430.07743,1334.29248,0,0.0,81.7451516,0.7729868,TO,ANP2.2,
7898,MD9025-D-1,D,1,3,59430.07743,2687.39112,0,304.8,82.9283728,0.7855748,TO,ANP2.2,
7899,MD9025-D-1,D,1,4,59430.07743,4320.57048,0,519.2268,101.8084676,0.7620548,CL,ANP2.2,
7900,MD9025-D-1,D,1,5,59430.07743,4625.37048,0,584.51496,102.117134,0.7379112,CL,ANP2.2,
7901,MD9025-D-1,D,1,6,59430.07743,6164.94576,0,914.4,103.7633548,0.7489544,CL,ANP2.2,
7902,MD9025-D-1,D,1,7,59430.07743,8557.8696,0,1020.9276,134.4242172,0.6839212,CL,ANP2.2,
7903,MD9025-D-1,D,1,8,59430.07743,21610.9296,0,3048.0,148.8286492,0.7517824,CL,ANP2.2,
7904,MD9025-D-2,D,2,1,62364.36408,0.0,0,0.0,0.0,0.9235684,TO,ANP2.2,
7905,MD9025-D-2,D,2,2,62364.36408,1476.2988,0,0.0,83.7000388,0.769314,TO,ANP2.2,
7906,MD9025-D-2,D,2,3,62364.36408,2934.55344,0,304.8,84.9347044,0.781902,TO,ANP2.2,
7907,MD9025-D-2,D,2,4,62364.36408,4423.31856,0,488.04576,101.1396904,0.7617104,CL,ANP2.2,
7908,MD9025-D-2,D,2,5,62364.36408,4728.11856,0,549.58488,101.4483568,0.737966,CL,ANP2.2,
7909,MD9025-D-2,D,2,6,62364.36408,6535.2168,0,914.4,103.2489108,0.7501796,CL,ANP2.2,
7910,MD9025-D-2,D,2,7,62364.36408,9174.11424,0,1032.08328,134.527106,0.684294,CL,ANP2.2,
7911,MD9025-D-2,D,2,8,62364.36408,23044.06872,0,3048.0,148.8286492,0.7517824,CL,ANP2.2,
7912,MD9025-D-3,D,3,1,65399.34815,0.0,0,0.0,0.0,0.9235684,TO,ANP2.2,
7913,MD9025-D-3,D,3,2,65399.34815,1631.32008,0,0.0,85.7063704,0.7656052,TO,ANP2.2,
7914,MD9025-D-3,D,3,3,65399.34815,3203.08224,0,304.8,86.9924804,0.7781932,TO,ANP2.2,
7915,MD9025-D-3,D,3,4,65399.34815,4523.11008,0,457.3524,100.4709132,0.7613856,CL,ANP2.2,
7916,MD9025-D-3,D,3,5,65399.34815,4827.91008,0,515.35584,100.7281352,0.7380452,CL,ANP2.2,
7917,MD9025-D-3,D,3,6,65399.34815,6924.84264,0,914.4,102.7344668,0.7514044,CL,ANP2.2,
7918,MD9025-D-3,D,3,7,65399.34815,9839.64504,0,1044.58008,134.5785504,0.6847124,CL,ANP2.2,
7919,MD9025-D-3,D,3,8,65399.34815,24568.06872,0,3048.0,148.8286492,0.7517824,CL,ANP2.2,
7920,MD9025-D-4,D,4,1,68540.92634,0.0,0,0.0,0.0,0.9235684,TO,ANP2.2,
7921,MD9025-D-4,D,4,2,68540.92634,1800.606,0,0.0,87.7641464,0.761856,TO,ANP2.2,
7922,MD9025-D-4,D,4,3,68540.92634,3495.32448,0,304.8,89.0502564,0.774444,TO,ANP2.2,
7923,MD9025-D-4,D,4,4,68540.92634,4613.84904,0,425.958,99.802136,0.7610328,CL,ANP2.2,
7924,MD9025-D-4,D,4,5,68540.92634,4918.64904,0,480.6696,100.059358,0.7381088,CL,ANP2.2,
7925,MD9025-D-4,D,4,6,68540.92634,7335.774,0,914.4,102.1685784,0.7526296,CL,ANP2.2,
7926,MD9025-D-4,D,4,7,68540.92634,10561.89912,0,1058.69232,134.6814392,0.6851852,CL,ANP2.2,
7927,MD9025-D-4,D,4,8,68540.92634,26192.59176,0,3048.0,148.8286492,0.7517824,CL,ANP2.2,
7928,MD9025-D-5,D,5,1,70760.352,0.0,0,0.0,0.0,0.9235684,TO,ANP2.2,
7929,MD9025-D-5,D,5,2,70760.352,1925.66544,0,0.0,89.1531452,0.7592584,TO,ANP2.2,
7930,MD9025-D-5,D,5,3,70760.352,3710.81808,0,304.8,90.4906996,0.7718464,TO,ANP2.2,
7931,MD9025-D-5,D,5,4,70760.352,4652.07096,0,402.36648,99.1333588,0.7610008,CL,ANP2.2,
7932,MD9025-D-5,D,5,5,70760.352,4956.87096,0,454.94448,99.3905808,0.7384728,CL,ANP2.2,
7933,MD9025-D-5,D,5,6,70760.352,7620.1524,0,914.4,101.6541344,0.7538544,CL,ANP2.2,
7934,MD9025-D-5,D,5,7,70760.352,11099.04816,0,1070.24424,134.784328,0.6855716,CL,ANP2.2,
7935,MD9025-D-5,D,5,8,70760.352,27369.15024,0,3048.0,148.8286492,0.7517824,CL,ANP2.2,
7936,MD9028-A-1,A,1,1,59430.07743,-34895.57664,0,1828.8,103.5575772,0.105033214,AP,ANP2.2,
7937,MD9028-A-1,A,1,2,59430.07743,-17752.58832,0,930.37152,82.825484,0.094091786,AP,ANP2.2,
7938,MD9028-A-1,A,1,3,59430.07743,-17447.78832,0,914.4,82.3624844,0.171780357,AP,ANP2.2,
7939,MD9028-A-1,A,1,4,59430.07743,-8723.89416,0,457.2,78.5041544,0.1625725,AP,ANP2.2,
7940,MD9028-A-1,A,1,5,59430.07743,-6120.71928,0,320.77152,75.7776012,0.15994,AP,ANP2.2,
7941,MD9028-A-1,A,1,6,59430.07743,-5815.91928,0,304.8,75.4689348,0.214445357,AP,ANP2.2,
7942,MD9028-A-1,A,1,7,59430.07743,-304.8,0,15.97152,73.3597144,0.207196429,AP,ANP2.2,
7943,MD9028-A-1,A,1,8,59430.07743,0.0,0,0.0,73.2568256,0.20683,AP,ANP2.2,
7944,MD9028-A-1,A,1,9,59430.07743,105.4608,0,0.0,66.5176092,0.4,AP,ANP2.2,
7945,MD9028-A-1,A,1,10,59430.07743,640.08,0,0.0,15.3304312,0.086,AP,ANP2.2,
7946,JET-REGIONAL-D-4,D,1,1,59430.07743,0.0,0,0.0,0.0,0.916922857,TO,ANP2.2,
7947,JET-REGIONAL-D-4,D,1,2,59430.07743,1236.08592,0,0.0,82.7225952,0.770647143,TO,ANP2.2,
7948,JET-REGIONAL-D-4,D,1,3,59430.07743,2395.84992,0,304.8,83.9572608,0.779286429,TO,ANP2.2,
7949,JET-REGIONAL-D-4,D,1,4,59430.07743,3873.00216,0,529.01088,102.8888,0.754525,CL,ANP2.2,
7950,JET-REGIONAL-D-4,D,1,5,59430.07743,4177.80216,0,596.15832,103.2489108,0.669486786,CL,ANP2.2,
7951,JET-REGIONAL-D-4,D,1,6,59430.07743,5622.46272,0,914.4,104.8436872,0.679178214,CL,ANP2.2,
7952,JET-REGIONAL-D-4,D,1,7,59430.07743,7819.644,0,1011.87504,134.3727728,0.630952143,CL,ANP2.2,
7953,JET-REGIONAL-D-4,D,1,8,59430.07743,20242.04232,0,3048.0,148.8286492,0.692958571,CL,ANP2.2,
7954,MD9028-D-2,D,2,1,62364.36408,0.0,0,0.0,0.0,0.916922857,TO,ANP2.2,
7955,MD9028-D-2,D,2,2,62364.36408,1367.4852,0,0.0,84.7289268,0.767079643,TO,ANP2.2,
7956,MD9028-D-2,D,2,3,62364.36408,2615.09256,0,304.8,85.9635924,0.775718929,TO,ANP2.2,
7957,MD9028-D-2,D,2,4,62364.36408,3912.93096,0,490.8804,101.6541344,0.755254286,CL,ANP2.2,
7958,MD9028-D-2,D,2,5,62364.36408,4217.73096,0,554.30928,101.9628008,0.670108214,CL,ANP2.2,
7959,MD9028-D-2,D,2,6,62364.36408,5948.4768,0,914.4,103.7633548,0.681074286,CL,ANP2.2,
7960,MD9028-D-2,D,2,7,62364.36408,8405.19528,0,1023.76224,134.4756616,0.631314286,CL,ANP2.2,
7961,MD9028-D-2,D,2,8,62364.36408,21585.53976,0,3048.0,148.8286492,0.692958571,CL,ANP2.2,
7962,MD9028-D-3,D,3,1,65399.34815,0.0,0,0.0,0.0,0.916922857,TO,ANP2.2,
7963,MD9028-D-3,D,3,2,65399.34815,1510.92408,0,0.0,86.7867028,0.763476786,TO,ANP2.2,
7964,MD9028-D-3,D,3,3,65399.34815,2852.6232,0,304.8,88.0728128,0.772116071,TO,ANP2.2,
7965,MD9028-D-3,D,3,4,65399.34815,3990.47208,0,458.32776,100.9853572,0.755236429,CL,ANP2.2,
7966,MD9028-D-3,D,3,5,65399.34815,4295.27208,0,518.12952,101.2940236,0.669954643,CL,ANP2.2,
7967,MD9028-D-3,D,3,6,65399.34815,6314.9988,0,914.4,103.2489108,0.6820225,CL,ANP2.2,
7968,MD9028-D-3,D,3,7,65399.34815,9022.5372,0,1035.13128,134.527106,0.63166,CL,ANP2.2,
7969,MD9028-D-3,D,3,8,65399.34815,23008.2852,0,3048.0,148.8286492,0.692958571,CL,ANP2.2,
7970,MD9028-D-4,D,4,1,68540.92634,0.0,0,0.0,0.0,0.916922857,TO,ANP2.2,
7971,MD9028-D-4,D,4,2,68540.92634,1667.49984,0,0.0,88.8444788,0.759834643,TO,ANP2.2,
7972,MD9028-D-4,D,4,3,68540.92634,3110.45352,0,304.8,90.1305888,0.768473929,TO,ANP2.2,
7973,MD9028-D-4,D,4,4,68540.92634,4059.57024,0,425.22648,100.31658,0.755203214,CL,ANP2.2,
7974,MD9028-D-4,D,4,5,68540.92634,4364.37024,0,481.64496,100.573802,0.669791429,CL,ANP2.2,
7975,MD9028-D-4,D,4,6,68540.92634,6702.552,0,914.4,102.7344668,0.682970357,CL,ANP2.2,
7976,MD9028-D-4,D,4,7,68540.92634,9691.66464,0,1047.87192,134.6299948,0.632048571,CL,ANP2.2,
7977,MD9028-D-4,D,4,8,68540.92634,24522.9888,0,3048.0,148.8286492,0.692958571,CL,ANP2.2,
7978,MD9028-D-5,D,5,1,70760.352,0.0,0,0.0,0.0,0.916922857,TO,ANP2.2,
7979,MD9028-D-5,D,5,2,70760.352,1783.14096,0,0.0,90.284922,0.757311429,TO,ANP2.2,
7980,MD9028-D-5,D,5,3,70760.352,3300.10008,0,304.8,91.571032,0.765950714,TO,ANP2.2,
7981,MD9028-D-5,D,5,4,70760.352,3975.84168,0,387.58368,98.5674704,0.756851429,CL,ANP2.2,
7982,MD9028-D-5,D,5,5,70760.352,4280.64168,0,442.08192,98.8246924,0.671430714,CL,ANP2.2,
7983,MD9028-D-5,D,5,6,70760.352,6922.98336,0,914.4,101.088246,0.685814643,CL,ANP2.2,
7984,MD9028-D-5,D,5,7,70760.352,10233.08088,0,1062.99,134.7328836,0.632508929,CL,ANP2.2,
7985,MD9028-D-5,D,5,8,70760.352,25631.15016,0,3048.0,148.8286492,0.692958571,CL,ANP2.2,
7986,MU3001-A-1,A,1,1,6395.6472,-34895.57664,0,1828.8,139.928768,0.057032,AP,ANP2.2,
7987,MU3001-A-1,A,1,2,6395.6472,-17752.58832,0,930.37152,73.30827,0.051092,AP,ANP2.2,
7988,MU3001-A-1,A,1,3,6395.6472,-17447.78832,0,914.4,71.5591604,0.082556,AP,ANP2.2,
7989,MU3001-A-1,A,1,4,6395.6472,-9028.69416,0,473.17152,65.0257216,0.078284,AP,ANP2.2,
7990,MU3001-A-1,A,1,5,6395.6472,-8723.89416,0,457.2,64.7684996,0.16066,AP,ANP2.2,
7991,MU3001-A-1,A,1,6,6395.6472,-6120.71928,0,320.77152,61.218836,0.158056,AP,ANP2.2,
7992,MU3001-A-1,A,1,7,6395.6472,-5815.91928,0,304.8,60.8072808,0.238788,AP,ANP2.2,
7993,MU3001-A-1,A,1,8,6395.6472,-304.8,0,15.97152,59.932726,0.230716,AP,ANP2.2,
7994,MU3001-A-1,A,1,9,6395.6472,0.0,0,0.0,59.8812816,0.230312,AP,ANP2.2,
7995,MU3001-A-1,A,1,10,6395.6472,47.73168,0,0.0,56.846062,0.4,AP,ANP2.2,
7996,MU3001-A-1,A,1,11,6395.6472,429.58512,0,0.0,15.3304312,0.1,AP,ANP2.2,
7997,MU3001-D-1,D,1,1,6395.6472,0.0,0,0.0,0.0,0.855132,TO,ANP2.2,
7998,MU3001-D-1,D,1,2,6395.6472,897.0264,0,0.0,65.1800548,0.742104,TO,ANP2.2,
7999,MU3001-D-1,D,1,3,6395.6472,1505.13288,0,53.12664,72.8452704,0.733856,TO,ANP2.2,
8000,MU3001-D-1,D,1,4,6395.6472,3744.71184,0,457.2,74.2857136,0.767512,TO,ANP2.2,
8001,MU3001-D-1,D,1,5,6395.6472,6399.7332,0,632.94768,105.5124644,0.729524,CL,ANP2.2,
8002,MU3001-D-1,D,1,6,6395.6472,6704.5332,0,677.96664,105.7696864,0.659548,CL,ANP2.2,
8003,MU3001-D-1,D,1,7,6395.6472,8305.83048,0,914.4,107.004352,0.674616,CL,ANP2.2,
8004,MU3001-D-1,D,1,8,6395.6472,13064.85576,0,1237.9452,135.8646604,0.653428,CL,ANP2.2,
8005,MU3001-D-1,D,1,9,6395.6472,16665.73248,0,1676.4,138.8484356,0.675352,CL,ANP2.2,
8006,MU3001-D-1,D,1,10,6395.6472,21917.2536,0,2286.0,143.1697652,0.699204,CL,ANP2.2,
8007,MU3001-D-1,D,1,11,6395.6472,29087.88696,0,3048.0,148.8286492,0.718172,CL,ANP2.2,
8008,PISTON-D-3,D,1,1,1632.9312,0.0,0,0.0,0.0,0.674131274,TO,ANP2.2,
8009,PISTON-D-3,D,1,2,1632.9312,375.11736,0,0.0,35.8053024,0.674131274,TO,ANP2.2,
8010,PISTON-D-3,D,1,3,1632.9312,647.88288,0,15.81912,40.4867428,0.598005148,TO,ANP2.2,
8011,PISTON-D-3,D,1,4,1632.9312,4913.80272,0,164.65296,58.2865052,0.422509653,TO,ANP2.2,
8012,PISTON-D-3,D,1,5,1632.9312,7540.69104,0,457.2,59.1096156,0.431402831,TO,ANP2.2,
8013,PISTON-D-3,D,1,6,1632.9312,11770.49208,0,914.4,60.44717,0.445817246,CL,ANP2.2,
8014,PISTON-D-3,D,1,7,1632.9312,12075.29208,0,942.35016,60.5500588,0.417889318,CL,ANP2.2,
8015,PISTON-D-3,D,1,8,1632.9312,20081.68704,0,1676.4,62.762168,0.440862291,CL,ANP2.2,
8016,PISTON-D-3,D,1,9,1632.9312,27147.4692,0,2286.0,64.7170552,0.461222651,CL,ANP2.2,
8017,PISTON-D-3,D,1,10,1632.9312,36558.29112,0,3048.0,67.2892752,0.488455598,CL,ANP2.2,
8018,PISTON-A-1,A,1,1,1632.9312,-34895.57664,0,1828.8,67.1863864,0.071248391,AP,ANP2.2,
8019,PISTON-A-1,A,1,2,1632.9312,-17752.58832,0,930.37152,58.4922828,0.063822394,AP,ANP2.2,
8020,PISTON-A-1,A,1,3,1632.9312,-17447.78832,0,914.4,58.2865052,0.125405405,AP,ANP2.2,
8021,PISTON-A-1,A,1,4,1632.9312,-8723.89416,0,457.2,50.2097344,0.118674389,AP,ANP2.2,
8022,PISTON-A-1,A,1,5,1632.9312,-5815.91928,0,304.8,45.1681832,0.116525097,AP,ANP2.2,
8023,PISTON-A-1,A,1,6,1632.9312,-304.8,0,15.97152,38.7376332,0.112586873,AP,ANP2.2,
8024,PISTON-A-1,A,1,7,1632.9312,0.0,0,0.0,38.3775224,0.112419562,AP,ANP2.2,
8025,PISTON-A-1,A,1,8,1632.9312,16.3068,0,0.0,35.8053024,0.1,AP,ANP2.2,
8026,PISTON-A-1,A,1,9,1632.9312,146.63928,0,0.0,5.0929956,0.1,AP,ANP2.2,
8027,PA31-D-1,D,1,1,,0.0,0,0.0,16.462208,1.688048616,TO,ANP2.2,
8028,PA31-D-1,D,1,2,,533.4,0,0.0,43.72774,1.688048616,TO,ANP2.2,
8029,PA31-D-1,D,1,3,,853.44,0,15.24,48.9236244,1.688048616,TO,ANP2.2,
8030,PA31-D-1,D,1,4,,1657.6548,0,55.53456,57.2576172,1.688048616,TO,ANP2.2,
8031,PA31-D-1,D,1,5,,5555.98584,0,457.2,58.389394,1.620526671,TO,ANP2.2,
8032,PA31-D-1,D,1,6,,11112.00216,0,914.4,59.675504,1.620526671,CL,ANP2.2,
8033,PA31-D-1,D,1,7,,18520.01376,0,1676.4,61.990502,1.620526671,CL,ANP2.2,
8034,PA31-D-1,D,1,8,,29631.98544,0,2286.0,63.8939448,1.620526671,CL,ANP2.2,
8035,PA31-D-1,D,1,9,,41670.00048,0,3048.0,66.4661648,1.620526671,CL,ANP2.2,
8036,PA31-A-1,A,1,1,,-34895.57664,0,1828.8,97.3328048,1.620526671,AP,ANP2.2,
8037,PA31-A-1,A,1,2,,-8723.89416,0,457.2,85.1919264,1.620526671,AP,ANP2.2,
8038,PA31-A-1,A,1,3,,-5815.91928,0,304.8,76.7550448,1.586765699,AP,ANP2.2,
8039,PA31-A-1,A,1,4,,-2907.97488,0,152.4,68.421052,1.586765699,AP,ANP2.2,
8040,PA31-A-1,A,1,5,,0.0,0,0.0,48.9236244,1.586765699,AP,ANP2.2,
8041,PA31-A-1,A,1,6,,21.67128,0,0.0,48.87218,1.586765699,AP,ANP2.2,
8042,PA31-A-1,A,1,7,,216.7128,0,0.0,5.14444,0.675219446,AP,ANP2.2,
8043,PA42-A-1,A,1,1,5080.2304,-34895.57664,0,1828.8,84.5231492,0.119677778,AP,ANP2.2,
8044,PA42-A-1,A,1,2,5080.2304,-23263.7076,0,1219.2,73.30827,0.111038889,AP,ANP2.2,
8045,PA42-A-1,A,1,3,5080.2304,-11631.86904,0,609.6,62.7107236,0.103127778,AP,ANP2.2,
8046,PA42-A-1,A,1,4,5080.2304,-6120.71928,0,320.77152,57.9263944,0.099622222,AP,ANP2.2,
8047,PA42-A-1,A,1,5,5080.2304,-5815.91928,0,304.8,57.6691724,0.257666667,AP,ANP2.2,
8048,PA42-A-1,A,1,6,5080.2304,-290.80968,0,15.24,56.846062,0.248938889,AP,ANP2.2,
8049,PA42-A-1,A,1,7,5080.2304,-145.3896,0,7.62,55.4056188,0.248711111,AP,ANP2.2,
8050,PA42-A-1,A,1,8,5080.2304,0.0,0,0.0,53.9137312,0.248527778,AP,ANP2.2,
8051,PA42-A-1,A,1,9,5080.2304,30.48,0,0.0,56.7946176,0.1,AP,ANP2.2,
8052,PA42-A-1,A,1,10,5080.2304,684.55032,0,0.0,5.0929956,0.1,AP,ANP2.2,
8053,PA42-D-1,D,1,1,5080.2304,0.0,0,0.0,0.0,1.234933333,TO,ANP2.2,
8054,PA42-D-1,D,1,2,5080.2304,815.52288,0,0.0,54.788286,0.878872222,TO,ANP2.2,
8055,PA42-D-1,D,1,3,5080.2304,1114.3488,0,27.67584,60.4986144,0.844516667,TO,ANP2.2,
8056,PA42-D-1,D,1,4,5080.2304,2546.81736,0,304.8,61.2702804,0.86715,TO,ANP2.2,
8057,PA42-D-1,D,1,5,5080.2304,2851.61736,0,347.89872,61.4246136,0.869211111,CL,ANP2.2,
8058,PA42-D-1,D,1,6,5080.2304,4065.48336,0,418.36848,80.4075972,0.742177778,CL,ANP2.2,
8059,PA42-D-1,D,1,7,5080.2304,7596.8352,0,914.4,82.3624844,0.782472222,CL,ANP2.2,
8060,PA42-D-1,D,1,8,5080.2304,9788.43864,0,1219.2,83.6485944,0.808088889,CL,ANP2.2,
8061,PA42-D-1,D,1,9,5080.2304,14229.4356,0,1828.8,86.16937,0.861266667,CL,ANP2.2,
8062,PA42-D-1,D,1,10,5080.2304,18762.66504,0,2438.4,88.8959232,0.917055556,CL,ANP2.2,
8063,PA42-D-1,D,1,11,5080.2304,23407.45128,0,3048.0,91.6739208,0.975444444,CL,ANP2.2,
8064,SABR80-A-1,A,1,1,12999.94672,-34895.6376,0,1828.8,140.700434,0.074230187,AP,ANP2.2,
8065,SABR80-A-1,A,1,2,12999.94672,-17447.6664,0,914.4,76.4463784,0.116102978,AP,ANP2.2,
8066,SABR80-A-1,A,1,3,12999.94672,-8723.9856,0,457.2,66.3118316,0.217390207,AP,ANP2.2,
8067,SABR80-A-1,A,1,4,12999.94672,-5815.8888,0,304.8,64.8713884,0.274886421,AP,ANP2.2,
8068,SABR80-A-1,A,1,5,12999.94672,0.0,0,0.0,63.8939448,0.265118627,AP,ANP2.2,
8069,SABR80-A-1,A,1,6,12999.94672,39.3192,0,0.0,60.6015032,0.4,AP,ANP2.2,
8070,SABR80-A-1,A,1,7,12999.94672,392.2776,0,0.0,15.43332,0.113579001,AP,ANP2.2,
8071,SABR80-D-1,D,1,1,12999.94672,0.0,0,0.0,18.00554,1.00002524,TO,ANP2.2,
8072,SABR80-D-1,D,1,2,12999.94672,1260.6528,0,0.0,70.3759392,0.894674407,TO,ANP2.2,
8073,SABR80-D-1,D,1,3,12999.94672,2428.9512,0,116.4336,78.6584876,0.886875315,TO,ANP2.2,
8074,SABR80-D-1,D,1,4,12999.94672,4809.744,0,457.2,79.9445976,0.901918223,TO,ANP2.2,
8075,SABR80-D-1,D,1,5,12999.94672,5700.0648,0,537.0576,85.5520372,0.896491671,CL,ANP2.2,
8076,SABR80-D-1,D,1,6,12999.94672,6004.8648,0,555.9552,88.5358124,0.894901565,CL,ANP2.2,
8077,SABR80-D-1,D,1,7,12999.94672,6519.0624,0,587.9592,93.6802524,0.882635033,CL,ANP2.2,
8078,SABR80-D-1,D,1,8,12999.94672,8638.6416,0,914.4,95.17214,0.865244826,CL,ANP2.2,
8079,SABR80-D-1,D,1,9,12999.94672,15545.4096,0,1369.1616,137.5108812,0.806966179,CL,ANP2.2,
8080,SABR80-D-1,D,1,10,12999.94672,18338.5968,0,1676.4,139.6201016,0.803760727,CL,ANP2.2,
8081,SABR80-D-1,D,1,11,12999.94672,24409.6032,0,2286.0,143.9414312,0.812922766,CL,ANP2.2,
8082,SABR80-D-1,D,1,12,12999.94672,32780.3256,0,3048.0,149.6517596,0.812922766,CL,ANP2.2,
8083,SD330-A-1,A,1,1,9888.3056,-34895.57664,0,1828.8,89.5647004,0.004314607,AP,ANP2.2,
8084,SD330-A-1,A,1,2,9888.3056,-17752.58832,0,930.37152,64.819944,0.003865169,AP,ANP2.2,
8085,SD330-A-1,A,1,3,9888.3056,-17447.78832,0,914.4,64.3055,0.008902622,AP,ANP2.2,
8086,SD330-A-1,A,1,4,9888.3056,-9028.69416,0,473.17152,56.0229516,0.008441948,AP,ANP2.2,
8087,SD330-A-1,A,1,5,9888.3056,-8723.89416,0,457.2,55.7142852,0.008827715,AP,ANP2.2,
8088,SD330-A-1,A,1,6,9888.3056,-6120.71928,0,320.77152,52.4218436,0.008685393,AP,ANP2.2,
8089,SD330-A-1,A,1,7,9888.3056,-5815.91928,0,304.8,52.0617328,0.013741573,AP,ANP2.2,
8090,SD330-A-1,A,1,8,9888.3056,-304.8,0,15.97152,51.3415112,0.013277154,AP,ANP2.2,
8091,SD330-A-1,A,1,9,9888.3056,0.0,0,0.0,51.2900668,0.013254682,AP,ANP2.2,
8092,SD330-A-1,A,1,10,9888.3056,71.04888,0,0.0,48.6664024,0.014981273,AP,ANP2.2,
8093,SD330-A-1,A,1,11,9888.3056,639.43992,0,0.0,15.3304312,0.003745318,AP,ANP2.2,
8094,TURBOPROP-D-3,D,1,1,9888.3056,0.0,0,0.0,0.0,0.041700375,TO,ANP2.2,
8095,TURBOPROP-D-3,D,1,2,9888.3056,768.4008,0,0.0,54.9940636,0.041700375,TO,ANP2.2,
8096,TURBOPROP-D-3,D,1,3,9888.3056,3037.72824,0,304.8,55.7657296,0.042614232,TO,ANP2.2,
8097,TURBOPROP-D-3,D,1,4,9888.3056,3922.776,0,383.40792,61.0130584,0.039344569,CL,ANP2.2,
8098,TURBOPROP-D-3,D,1,5,9888.3056,4227.576,0,408.52344,61.0645028,0.035475655,CL,ANP2.2,
8099,TURBOPROP-D-3,D,1,6,9888.3056,5657.42328,0,484.75392,71.764938,0.030460674,CL,ANP2.2,
8100,TURBOPROP-D-3,D,1,7,9888.3056,9480.9564,0,914.4,73.30827,0.03141573,CL,ANP2.2,
8101,TURBOPROP-D-3,D,1,8,9888.3056,16610.44176,0,1676.4,76.0862676,0.033209738,CL,ANP2.2,
8102,TURBOPROP-D-3,D,1,9,9888.3056,22665.29376,0,2286.0,78.45271,0.034745318,CL,ANP2.2,
8103,TURBOPROP-D-3,D,1,10,9888.3056,30719.99952,0,3048.0,81.539374,0.036794007,CL,ANP2.2,
8104,SF340-A-1,A,1,1,11134.77642,-34895.57664,0,1828.8,89.5647004,0.002180969,AP,ANP2.2,
8105,SF340-A-1,A,1,2,11134.77642,-17752.58832,0,930.37152,73.565492,0.001954758,AP,ANP2.2,
8106,SF340-A-1,A,1,3,11134.77642,-17447.78832,0,914.4,73.2568256,0.004438161,AP,ANP2.2,
8107,SF340-A-1,A,1,4,11134.77642,-9028.69416,0,473.17152,66.620498,0.004207032,AP,ANP2.2,
8108,SF340-A-1,A,1,5,11134.77642,-8723.89416,0,457.2,66.4147204,0.00462749,AP,ANP2.2,
8109,SF340-A-1,A,1,6,11134.77642,-6120.71928,0,320.77152,61.3217248,0.004553725,AP,ANP2.2,
8110,SF340-A-1,A,1,7,11134.77642,-5815.91928,0,304.8,60.704392,0.007278092,AP,ANP2.2,
8111,SF340-A-1,A,1,8,11134.77642,-304.8,0,15.97152,59.8812816,0.00703221,AP,ANP2.2,
8112,SF340-A-1,A,1,9,11134.77642,0.0,0,0.0,59.8298372,0.007019916,AP,ANP2.2,
8113,SF340-A-1,A,1,10,11134.77642,66.11112,0,0.0,56.7431732,0.009835259,AP,ANP2.2,
8114,SF340-A-1,A,1,11,11134.77642,595.00008,0,0.0,15.3304312,0.002458815,AP,ANP2.2,
8115,SF340-D-1,D,1,1,11134.77642,0.0,0,0.0,0.0,0.026958446,TO,ANP2.2,
8116,SF340-D-1,D,1,2,11134.77642,537.91104,0,0.0,59.8298372,0.026958446,TO,ANP2.2,
8117,SF340-D-1,D,1,3,11134.77642,1856.62824,0,304.8,60.704392,0.027548562,TO,ANP2.2,
8118,SF340-D-1,D,1,4,11134.77642,2432.7612,0,393.07008,66.2603872,0.025520039,CL,ANP2.2,
8119,SF340-D-1,D,1,5,11134.77642,2737.5612,0,439.15584,66.363276,0.02304893,CL,ANP2.2,
8120,SF340-D-1,D,1,6,11134.77642,3521.23248,0,503.682,77.0637112,0.020004918,CL,ANP2.2,
8121,SF340-D-1,D,1,7,11134.77642,5799.91728,0,914.4,78.6584876,0.02060241,CL,ANP2.2,
8122,SF340-D-1,D,1,8,11134.77642,10211.19624,0,1676.4,81.6422628,0.021780182,CL,ANP2.2,
8123,SF340-D-1,D,1,9,11134.77642,13925.0928,0,2286.0,84.1630384,0.022785837,CL,ANP2.2,
8124,SF340-D-1,D,1,10,11134.77642,18818.10816,0,3048.0,87.5069244,0.024130809,CL,ANP2.2,
8125,SF340-D-2,D,2,1,12371.7218,0.0,0,0.0,0.0,0.025576592,TO,ANP2.2,
8126,SF340-D-2,D,2,2,12371.7218,699.9732,0,0.0,63.0708344,0.025576592,TO,ANP2.2,
8127,SF340-D-2,D,2,3,12371.7218,2444.40456,0,304.8,63.9968336,0.026134743,TO,ANP2.2,
8128,SF340-D-2,D,2,4,12371.7218,3209.8488,0,393.71016,69.3470512,0.024369314,CL,ANP2.2,
8129,SF340-D-2,D,2,5,12371.7218,3514.6488,0,428.91456,69.5013844,0.02199164,CL,ANP2.2,
8130,SF340-D-2,D,2,6,12371.7218,4650.24216,0,505.41936,80.253264,0.019223015,CL,ANP2.2,
8131,SF340-D-2,D,2,7,12371.7218,7478.14608,0,914.4,81.8480404,0.019795918,CL,ANP2.2,
8132,SF340-D-2,D,2,8,12371.7218,12989.87496,0,1676.4,84.9861488,0.020926973,CL,ANP2.2,
8133,SF340-D-2,D,2,9,12371.7218,17645.9388,0,2286.0,87.6098132,0.021893287,CL,ANP2.2,
8134,SF340-D-2,D,2,10,12371.7218,23803.29504,0,3048.0,91.1080324,0.023184165,CL,ANP2.2,
8135,CNA206-D-1,D,1,1,,0.0,0,0.0,18.00554,3.383458647,TO,ANP2.2,
8136,CNA206-D-1,D,1,2,,195.3768,0,0.0,31.895528,3.383458647,TO,ANP2.2,
8137,CNA206-D-1,D,1,3,,601.3704,0,49.3776,38.5833,3.383458647,TO,ANP2.2,
8138,CNA206-D-1,D,1,4,,2326.8432,0,304.8,39.097744,3.383458647,TO,ANP2.2,
8139,CNA206-D-1,D,1,5,,3275.6856,0,373.38,49.901068,3.383458647,CL,ANP2.2,
8140,CNA206-D-1,D,1,6,,3580.4856,0,395.0208,49.901068,3.383458647,CL,ANP2.2,
8141,CNA206-D-1,D,1,7,,10824.6672,0,914.4,50.929956,3.13283208,CL,ANP2.2,
8142,CNA206-D-1,D,1,8,,19927.2144,0,1524.0,52.473288,3.13283208,CL,ANP2.2,
8143,CNA206-D-1,D,1,9,,46006.2072,0,3048.0,57.103284,3.13283208,CL,ANP2.2,
8144,CNA206-A-1,A,1,1,,-34895.57664,0,1828.8,67.5464972,3.007518797,AP,ANP2.2,
8145,CNA206-A-1,A,1,2,,-23263.7076,0,1219.2,65.4887212,3.007518797,AP,ANP2.2,
8146,CNA206-A-1,A,1,3,,-17447.78832,0,914.4,53.759398,3.007518797,AP,ANP2.2,
8147,CNA206-A-1,A,1,4,,-5815.91928,0,304.8,46.9687372,3.007518797,AP,ANP2.2,
8148,CNA206-A-1,A,1,5,,-4652.74152,0,243.84,46.8658484,3.007518797,AP,ANP2.2,
8149,CNA206-A-1,A,1,6,,-2326.386,0,121.92,38.7890776,3.007518797,AP,ANP2.2,
8150,CNA206-A-1,A,1,7,,0.0,0,0.0,38.2231892,3.007518797,AP,ANP2.2,
8151,CNA206-A-1,A,1,8,,22.49424,0,0.0,34.467748,1.253132832,AP,ANP2.2,
8152,CNA206-A-1,A,1,9,,224.9424,0,0.0,5.14444,1.253132832,AP,ANP2.2,
8153,720B-A-1,A,1,1,,-34895.57664,0,1828.8,139.928768,0.014651111,AP,ANP2.2,
8154,720B-A-1,A,1,2,,-17752.58832,0,930.37152,86.8381472,0.013124444,AP,ANP2.2,
8155,720B-A-1,A,1,3,,-17447.78832,0,914.4,85.6034816,0.100616667,AP,ANP2.2,
8156,720B-A-1,A,1,4,,-9028.69416,0,473.17152,78.2469324,0.095406111,AP,ANP2.2,
8157,720B-A-1,A,1,5,,-8723.89416,0,457.2,77.938266,0.10939,AP,ANP2.2,
8158,720B-A-1,A,1,6,,-6120.71928,0,320.77152,72.793826,0.107618333,AP,ANP2.2,
8159,720B-A-1,A,1,7,,-5815.91928,0,304.8,72.1764932,0.133403333,AP,ANP2.2,
8160,720B-A-1,A,1,8,,-304.8,0,15.97152,71.1990496,0.128893889,AP,ANP2.2,
8161,720B-A-1,A,1,9,,0.0,0,0.0,71.1476052,0.128675556,AP,ANP2.2,
8162,720B-A-1,A,1,10,,127.74168,0,0.0,67.4950528,0.4,AP,ANP2.2,
8163,720B-A-1,A,1,11,,1149.67512,0,0.0,15.3304312,0.1,AP,ANP2.2,
8164,7378MAX-A-1,A,1,1,,-71139.80184,0,1828.8,139.928768,3.7037e-05,AP,ANP2.2,
8165,7378MAX-A-1,A,1,2,,-53996.81352,0,930.37152,100.8824684,3.7037e-05,AP,ANP2.2,
8166,7378MAX-A-1,A,1,3,,-53692.01352,0,914.4,100.059358,0.250871111,AP,ANP2.2,
8167,7378MAX-A-1,A,1,4,,-35016.46032,0,914.4,93.371586,0.287195185,AP,ANP2.2,
8168,7378MAX-A-1,A,1,5,,-17752.58832,0,914.4,81.3335964,0.287195185,AP,ANP2.2,
8169,7378MAX-A-1,A,1,6,,-17447.78832,0,914.4,81.3335964,0.167994074,AP,ANP2.2,
8170,7378MAX-A-1,A,1,7,,-16752.2652,0,877.94592,76.394934,0.167254444,AP,ANP2.2,
8171,7378MAX-A-1,A,1,8,,-16447.4652,0,861.9744,74.1828248,0.393111111,AP,ANP2.2,
8172,7378MAX-A-1,A,1,9,,-304.8,0,15.97152,71.3533828,0.355217778,AP,ANP2.2,
8173,7378MAX-A-1,A,1,10,,0.0,0,0.0,71.3019384,0.354575185,AP,ANP2.2,
8174,7378MAX-A-1,A,1,11,,107.1372,0,0.0,71.1476052,0.4,AP,ANP2.2,
8175,7378MAX-A-1,A,1,12,,964.0824,0,0.0,15.3304312,0.1,AP,ANP2.2,
8176,A350-941-A-1,A,1,1,,-46644.27552,0,1828.8,139.928768,1.18765e-05,AP,ANP2.2,
8177,A350-941-A-1,A,1,2,,-27254.48448,0,914.4,133.75544,1.18765e-05,AP,ANP2.2,
8178,A350-941-A-1,A,1,3,,-19376.98944,0,914.4,95.5322508,0.004013658,AP,ANP2.2,
8179,A350-941-A-1,A,1,4,,-17447.78832,0,914.4,90.1820332,0.006786817,AP,ANP2.2,
8180,A350-941-A-1,A,1,5,,-12097.14624,0,633.984,83.7514832,0.016465914,AP,ANP2.2,
8181,A350-941-A-1,A,1,6,,-6777.89856,0,355.21392,76.137712,0.025854751,AP,ANP2.2,
8182,A350-941-A-1,A,1,7,,-5815.91928,0,304.8,71.507716,0.029179691,AP,ANP2.2,
8183,A350-941-A-1,A,1,8,,-5804.3064,0,304.1904,71.507716,0.140874109,AP,ANP2.2,
8184,A350-941-A-1,A,1,9,,-290.80968,0,15.24,70.5302724,0.136110214,AP,ANP2.2,
8185,A350-941-A-1,A,1,10,,-145.3896,0,7.62,70.478828,0.135987173,AP,ANP2.2,
8186,A350-941-A-1,A,1,11,,0.0,0,0.0,70.478828,0.135893112,AP,ANP2.2,
8187,A350-941-A-1,A,1,12,,169.49928,0,0.0,70.478828,0.1,AP,ANP2.2,
8188,A350-941-A-1,A,1,13,,1525.49352,0,0.0,15.3304312,0.1,AP,ANP2.2,
8189,CNA172-A-1,A,1,1,,-34895.57664,0,1828.8,55.9715072,0.065573394,AP,ANP2.2,
8190,CNA172-A-1,A,1,2,,-23263.7076,0,1219.2,54.3252864,0.060825688,AP,ANP2.2,
8191,CNA172-A-1,A,1,3,,-17447.78832,0,914.4,42.8017408,0.058623853,AP,ANP2.2,
8192,CNA172-A-1,A,1,4,,-6120.71928,0,320.77152,41.5670752,0.054587156,AP,ANP2.2,
8193,CNA172-A-1,A,1,5,,-5815.91928,0,304.8,41.5670752,0.058577982,AP,ANP2.2,
8194,CNA172-A-1,A,1,6,,-3489.56376,0,182.88,41.3098532,0.057729358,AP,ANP2.2,
8195,CNA172-A-1,A,1,7,,-2907.97488,0,152.4,36.1139688,0.057522936,AP,ANP2.2,
8196,CNA172-A-1,A,1,8,,-304.8,0,15.97152,32.0498612,0.056582569,AP,ANP2.2,
8197,CNA172-A-1,A,1,9,,0.0,0,0.0,31.5354172,0.056513761,AP,ANP2.2,
8198,CNA172-A-1,A,1,10,,9.144,0,0.0,31.7411948,0.02293578,AP,ANP2.2,
8199,CNA172-A-1,A,1,11,,161.544,0,0.0,5.0929956,0.02293578,AP,ANP2.2,
8200,CNA182-A-1,A,1,1,,-34895.57664,0,1828.8,61.5789468,0.248911917,AP,ANP2.2,
8201,CNA182-A-1,A,1,2,,-23263.7076,0,1219.2,48.87218,0.230943005,AP,ANP2.2,
8202,CNA182-A-1,A,1,3,,-11631.86904,0,609.6,36.8856348,0.214497409,AP,ANP2.2,
8203,CNA182-A-1,A,1,4,,-6120.71928,0,320.77152,36.3711908,0.20719171,AP,ANP2.2,
8204,CNA182-A-1,A,1,5,,-5815.91928,0,304.8,36.3711908,0.193222798,AP,ANP2.2,
8205,CNA182-A-1,A,1,6,,-3212.77488,0,168.37152,33.7989708,0.190103627,AP,ANP2.2,
8206,CNA182-A-1,A,1,7,,-2907.97488,0,152.4,33.4903044,0.267056995,AP,ANP2.2,
8207,CNA182-A-1,A,1,8,,-304.8,0,15.97152,33.0787492,0.262766839,AP,ANP2.2,
8208,CNA182-A-1,A,1,9,,0.0,0,0.0,33.0273048,0.262331606,AP,ANP2.2,
8209,CNA182-A-1,A,1,10,,9.144,0,0.0,33.2845268,0.1,AP,ANP2.2,
8210,CNA182-A-1,A,1,11,,170.688,0,0.0,5.0929956,0.1,AP,ANP2.2,
8211,CONCRD-A-1,A,1,1,,-34895.57664,0,1828.8,139.928768,0.148680315,AP,ANP2.2,
8212,CONCRD-A-1,A,1,2,,-17752.58832,0,930.37152,104.5350208,0.133192651,AP,ANP2.2,
8213,CONCRD-A-1,A,1,3,,-17447.78832,0,914.4,103.7633548,0.132932283,AP,ANP2.2,
8214,CONCRD-A-1,A,1,4,,-9028.69416,0,473.17152,96.5611388,0.126048556,AP,ANP2.2,
8215,CONCRD-A-1,A,1,5,,-8723.89416,0,457.2,96.2524724,0.20260105,AP,ANP2.2,
8216,CONCRD-A-1,A,1,6,,-6120.71928,0,320.77152,86.426592,0.199319948,AP,ANP2.2,
8217,CONCRD-A-1,A,1,7,,-5815.91928,0,304.8,85.1919264,0.233327034,AP,ANP2.2,
8218,CONCRD-A-1,A,1,8,,-304.8,0,15.97152,83.9572608,0.22544042,AP,ANP2.2,
8219,CONCRD-A-1,A,1,9,,0.0,0,0.0,83.9058164,0.225027822,AP,ANP2.2,
8220,CONCRD-A-1,A,1,10,,261.70128,0,0.0,79.5844868,0.4,AP,ANP2.2,
8221,CONCRD-A-1,A,1,11,,2355.31152,0,0.0,15.3304312,0.1,AP,ANP2.2,
8222,DC9Q7-A-1,A,1,1,,-34895.57664,0,1828.8,139.928768,0.082537143,AP,ANP2.2,
8223,DC9Q7-A-1,A,1,2,,-17752.58832,0,930.37152,81.7451516,0.073939286,AP,ANP2.2,
8224,DC9Q7-A-1,A,1,3,,-17447.78832,0,914.4,80.3561528,0.078587857,AP,ANP2.2,
8225,DC9Q7-A-1,A,1,4,,-9028.69416,0,473.17152,73.6169364,0.074517857,AP,ANP2.2,
8226,DC9Q7-A-1,A,1,5,,-8723.89416,0,457.2,73.3597144,0.103272143,AP,ANP2.2,
8227,DC9Q7-A-1,A,1,6,,-6120.71928,0,320.77152,68.2667188,0.101599286,AP,ANP2.2,
8228,DC9Q7-A-1,A,1,7,,-5815.91928,0,304.8,67.5979416,0.227584286,AP,ANP2.2,
8229,DC9Q7-A-1,A,1,8,,-304.8,0,15.97152,66.6719424,0.219891429,AP,ANP2.2,
8230,DC9Q7-A-1,A,1,9,,0.0,0,0.0,66.620498,0.219507857,AP,ANP2.2,
8231,DC9Q7-A-1,A,1,10,,108.90504,0,0.0,63.2251676,0.4,AP,ANP2.2,
8232,DC9Q7-A-1,A,1,11,,980.14536,0,0.0,15.3304312,0.1,AP,ANP2.2,
8233,DC9Q9-A-1,A,1,1,,-34895.57664,0,1828.8,139.928768,0.069708966,AP,ANP2.2,
8234,DC9Q9-A-1,A,1,2,,-17752.58832,0,930.37152,88.1242572,0.062446897,AP,ANP2.2,
8235,DC9Q9-A-1,A,1,3,,-17447.78832,0,914.4,86.941036,0.120995172,AP,ANP2.2,
8236,DC9Q9-A-1,A,1,4,,-9028.69416,0,473.17152,80.0474864,0.114728966,AP,ANP2.2,
8237,DC9Q9-A-1,A,1,5,,-8723.89416,0,457.2,79.7902644,0.13965931,AP,ANP2.2,
8238,DC9Q9-A-1,A,1,6,,-6120.71928,0,320.77152,74.6458244,0.137397241,AP,ANP2.2,
8239,DC9Q9-A-1,A,1,7,,-5815.91928,0,304.8,74.0284916,0.277293103,AP,ANP2.2,
8240,DC9Q9-A-1,A,1,8,,-304.8,0,15.97152,72.9996036,0.26792,AP,ANP2.2,
8241,DC9Q9-A-1,A,1,9,,0.0,0,0.0,72.8967148,0.267448966,AP,ANP2.2,
8242,DC9Q9-A-1,A,1,10,,99.30384,0,0.0,69.192718,0.4,AP,ANP2.2,
8243,DC9Q9-A-1,A,1,11,,893.73456,0,0.0,15.3304312,0.1,AP,ANP2.2,
8244,720B-D-1,D,1,1,,0.0,0,0.0,0.0,0.932163889,TO,ANP2.2,
8245,720B-D-1,D,1,2,,811.77384,0,0.0,74.079936,0.807724444,TO,ANP2.2,
8246,720B-D-1,D,1,3,,1955.7492,0,304.8,75.2117128,0.815643889,TO,ANP2.2,
8247,720B-D-1,D,1,4,,3640.28736,0,586.67904,92.1369204,0.797197778,CL,ANP2.2,
8248,720B-D-1,D,1,5,,3729.3804,0,605.05848,92.2398092,0.691682222,CL,ANP2.2,
8249,720B-D-1,D,1,6,,4311.15216,0,623.40744,102.8373556,0.677208889,CL,ANP2.2,
8250,720B-D-1,D,1,7,,5625.72408,0,914.4,104.3292432,0.684145556,CL,ANP2.2,
8251,720B-D-1,D,1,8,,7814.0052,0,1011.66168,134.3727728,0.645514444,CL,ANP2.2,
8252,720B-D-1,D,1,9,,11521.16568,0,1676.4,138.8484356,0.662175,CL,ANP2.2,
8253,720B-D-1,D,1,10,,15177.15024,0,2286.0,143.1697652,0.678280556,CL,ANP2.2,
8254,720B-D-1,D,1,11,,20128.62624,0,3048.0,148.8286492,0.699525,CL,ANP2.2,
8255,720B-D-2,D,2,1,,0.0,0,0.0,0.0,0.932163889,TO,ANP2.2,
8256,720B-D-2,D,2,2,,917.35656,0,0.0,76.2920452,0.804009444,TO,ANP2.2,
8257,720B-D-2,D,2,3,,2172.79728,0,304.8,77.423822,0.811928333,TO,ANP2.2,
8258,720B-D-2,D,2,4,,4048.56696,0,591.95208,94.2461408,0.793902222,CL,ANP2.2,
8259,720B-D-2,D,2,5,,4158.14256,0,612.55656,94.3490296,0.688877778,CL,ANP2.2,
8260,720B-D-2,D,2,6,,4817.6688,0,633.16104,104.9980204,0.674457222,CL,ANP2.2,
8261,720B-D-2,D,2,7,,6200.5464,0,914.4,106.4384636,0.681164444,CL,ANP2.2,
8262,720B-D-2,D,2,8,,8464.66176,0,1014.25248,134.3727728,0.645577778,CL,ANP2.2,
8263,720B-D-2,D,2,9,,12464.034,0,1676.4,138.8484356,0.662175,CL,ANP2.2,
8264,720B-D-2,D,2,10,,16427.37888,0,2286.0,143.1697652,0.678280556,CL,ANP2.2,
8265,720B-D-2,D,2,11,,21802.46592,0,3048.0,148.8286492,0.699525,CL,ANP2.2,
8266,720B-D-3,D,3,1,,0.0,0,0.0,0.0,0.932163889,TO,ANP2.2,
8267,720B-D-3,D,3,2,,1029.79728,0,0.0,78.45271,0.800398333,TO,ANP2.2,
8268,720B-D-3,D,3,3,,2402.46408,0,304.8,79.6359312,0.808317778,TO,ANP2.2,
8269,720B-D-3,D,3,4,,4496.53152,0,598.96248,96.4068056,0.790653889,CL,ANP2.2,
8270,720B-D-3,D,3,5,,4639.69608,0,622.06632,96.5096944,0.686120556,CL,ANP2.2,
8271,720B-D-3,D,3,6,,5377.86072,0,645.20064,107.1586852,0.671759444,CL,ANP2.2,
8272,720B-D-3,D,3,7,,6907.62144,0,914.4,108.5991284,0.678183333,CL,ANP2.2,
8273,720B-D-3,D,3,8,,9231.50808,0,1016.08128,134.4242172,0.645622222,CL,ANP2.2,
8274,720B-D-3,D,3,9,,13536.50328,0,1676.4,138.8484356,0.662175,CL,ANP2.2,
8275,720B-D-3,D,3,10,,17819.15664,0,2286.0,143.1697652,0.678280556,CL,ANP2.2,
8276,720B-D-3,D,3,11,,23635.92936,0,3048.0,148.8286492,0.699525,CL,ANP2.2,
8277,720B-D-4,D,4,1,,0.0,0,0.0,0.0,0.932163889,TO,ANP2.2,
8278,720B-D-4,D,4,2,,1211.48856,0,0.0,81.5908184,0.795160556,TO,ANP2.2,
8279,720B-D-4,D,4,3,,2772.09504,0,304.8,82.7740396,0.80308,TO,ANP2.2,
8280,720B-D-4,D,4,4,,5252.34408,0,612.43464,99.6478028,0.785862222,CL,ANP2.2,
8281,720B-D-4,D,4,5,,5446.1664,0,639.9276,99.7506916,0.682069444,CL,ANP2.2,
8282,720B-D-4,D,4,6,,6334.10976,0,667.42056,110.4511268,0.667812222,CL,ANP2.2,
8283,720B-D-4,D,4,7,,7911.02304,0,914.4,111.7886812,0.673711667,CL,ANP2.2,
8284,720B-D-4,D,4,8,,10288.0668,0,1017.20904,134.4242172,0.645649444,CL,ANP2.2,
8285,720B-D-4,D,4,9,,15081.86976,0,1676.4,138.8484356,0.662175,CL,ANP2.2,
8286,720B-D-4,D,4,10,,19867.9308,0,2286.0,143.1697652,0.678280556,CL,ANP2.2,
8287,720B-D-4,D,4,11,,26384.12808,0,3048.0,148.8286492,0.699525,CL,ANP2.2,
8288,720B-D-5,D,5,1,,0.0,0,0.0,0.0,0.932163889,TO,ANP2.2,
8289,720B-D-5,D,5,2,,1341.36384,0,0.0,83.59715,0.791777778,TO,ANP2.2,
8290,720B-D-5,D,5,3,,3036.29568,0,304.8,84.8318156,0.799696667,TO,ANP2.2,
8291,720B-D-5,D,5,4,,5819.72928,0,623.25504,101.8084676,0.782717222,CL,ANP2.2,
8292,720B-D-5,D,5,5,,6056.95512,0,654.16176,101.9628008,0.679423889,CL,ANP2.2,
8293,720B-D-5,D,5,6,,7061.78928,0,685.09896,112.663236,0.665248889,CL,ANP2.2,
8294,720B-D-5,D,5,7,,8639.83032,0,914.4,113.949346,0.670730556,CL,ANP2.2,
8295,720B-D-5,D,5,8,,11022.75672,0,1016.6604,134.4242172,0.645636111,CL,ANP2.2,
8296,720B-D-5,D,5,9,,16167.14064,0,1676.4,138.8484356,0.662175,CL,ANP2.2,
8297,720B-D-5,D,5,10,,21306.31248,0,2286.0,143.1697652,0.678280556,CL,ANP2.2,
8298,720B-D-5,D,5,11,,28315.6152,0,3048.0,148.8286492,0.699525,CL,ANP2.2,
8299,7378MAX-D-1,D,1,1,,0.0,0,0.0,0.0,0.976365556,TO,ANP2.2,
8300,7378MAX-D-1,D,1,2,,1141.35408,0,0.0,79.1729316,0.792026296,TO,ANP2.2,
8301,7378MAX-D-1,D,1,3,,3405.9876,0,457.2,80.9220412,0.796438519,TO,ANP2.2,
8302,7378MAX-D-1,D,1,4,,3710.7876,0,499.38432,81.0763744,0.661919259,CL,ANP2.2,
8303,7378MAX-D-1,D,1,5,,6708.73944,0,914.4,82.7225952,0.677871481,CL,ANP2.2,
8304,7378MAX-D-1,D,1,6,,7840.03512,0,966.76464,93.8345856,0.658348148,CL,ANP2.2,
8305,7378MAX-D-1,D,1,7,,12706.83768,0,1441.0944,112.5603472,0.644271481,CL,ANP2.2,
8306,7378MAX-D-1,D,1,8,,16304.94072,0,1586.08776,138.2311028,0.60199,CL,ANP2.2,
8307,7378MAX-D-1,D,1,9,,17116.37928,0,1676.4,138.8484356,0.605245926,CL,ANP2.2,
8308,7378MAX-D-1,D,1,10,,22806.99528,0,2286.0,143.1697652,0.626677407,CL,ANP2.2,
8309,7378MAX-D-1,D,1,11,,30533.21808,0,3048.0,148.8286492,0.652120741,CL,ANP2.2,
8310,7378MAX-D-2,D,2,1,,0.0,0,0.0,0.0,0.976365556,TO,ANP2.2,
8311,7378MAX-D-2,D,2,2,,1222.21752,0,0.0,80.4590416,0.789022593,TO,ANP2.2,
8312,7378MAX-D-2,D,2,3,,3620.74968,0,457.2,82.2081512,0.793434444,TO,ANP2.2,
8313,7378MAX-D-2,D,2,4,,3925.54968,0,496.73256,82.4139288,0.659151852,CL,ANP2.2,
8314,7378MAX-D-2,D,2,5,,7146.9504,0,914.4,84.0601496,0.675208148,CL,ANP2.2,
8315,7378MAX-D-2,D,2,6,,8294.33952,0,964.75296,94.5033628,0.657003704,CL,ANP2.2,
8316,7378MAX-D-2,D,2,7,,13865.352,0,1481.69376,113.8979016,0.64363963,CL,ANP2.2,
8317,7378MAX-D-2,D,2,8,,17569.34256,0,1624.46208,138.4883248,0.603376296,CL,ANP2.2,
8318,7378MAX-D-2,D,2,9,,18062.93568,0,1676.4,138.8484356,0.605245926,CL,ANP2.2,
8319,7378MAX-D-2,D,2,10,,24074.74992,0,2286.0,143.1697652,0.626677407,CL,ANP2.2,
8320,7378MAX-D-2,D,2,11,,32251.92432,0,3048.0,148.8286492,0.652120741,CL,ANP2.2,
8321,7378MAX-D-3,D,3,1,,0.0,0,0.0,0.0,0.976365556,TO,ANP2.2,
8322,7378MAX-D-3,D,3,2,,1313.5356,0,0.0,81.796596,0.785811111,TO,ANP2.2,
8323,7378MAX-D-3,D,3,3,,3864.28488,0,457.2,83.6485944,0.790222963,TO,ANP2.2,
8324,7378MAX-D-3,D,3,4,,4169.08488,0,494.01984,83.8029276,0.656199259,CL,ANP2.2,
8325,7378MAX-D-3,D,3,5,,7649.62656,0,914.4,85.5005928,0.672361111,CL,ANP2.2,
8326,7378MAX-D-3,D,3,6,,8847.61248,0,964.02144,95.429362,0.655074074,CL,ANP2.2,
8327,7378MAX-D-3,D,3,7,,11046.47016,0,1056.5892,112.6117916,0.625801481,CL,ANP2.2,
8328,7378MAX-D-3,D,3,8,,14464.95456,0,1184.81856,135.5045496,0.587267037,CL,ANP2.2,
8329,7378MAX-D-3,D,3,9,,19301.58192,0,1676.4,138.8484356,0.605245926,CL,ANP2.2,
8330,7378MAX-D-3,D,3,10,,25678.88184,0,2286.0,143.1697652,0.626677407,CL,ANP2.2,
8331,7378MAX-D-3,D,3,11,,34371.41208,0,3048.0,148.8286492,0.652120741,CL,ANP2.2,
8332,7378MAX-D-4,D,4,1,,0.0,0,0.0,0.0,0.976365556,TO,ANP2.2,
8333,7378MAX-D-4,D,4,2,,1500.9876,0,0.0,84.4202604,0.77973037,TO,ANP2.2,
8334,7378MAX-D-4,D,4,3,,4368.82032,0,457.2,86.3237032,0.784142593,TO,ANP2.2,
8335,7378MAX-D-4,D,4,4,,4673.62032,0,489.29544,86.426592,0.650624074,CL,ANP2.2,
8336,7378MAX-D-4,D,4,5,,8712.37272,0,914.4,88.227146,0.66697037,CL,ANP2.2,
8337,7378MAX-D-4,D,4,6,,9975.7992,0,961.30872,97.0755828,0.651801111,CL,ANP2.2,
8338,7378MAX-D-4,D,4,7,,12429.80496,0,1055.03472,113.6406796,0.623629259,CL,ANP2.2,
8339,7378MAX-D-4,D,4,8,,16106.05872,0,1181.5572,135.5045496,0.587145556,CL,ANP2.2,
8340,7378MAX-D-4,D,4,9,,21540.49032,0,1676.4,138.8484356,0.605245926,CL,ANP2.2,
8341,7378MAX-D-4,D,4,10,,28680.49128,0,2286.0,143.1697652,0.626677407,CL,ANP2.2,
8342,7378MAX-D-4,D,4,11,,38455.67112,0,3048.0,148.8286492,0.652120741,CL,ANP2.2,
8343,7378MAX-D-5,D,5,1,,0.0,0,0.0,0.0,0.976365556,TO,ANP2.2,
8344,7378MAX-D-5,D,5,2,,1751.95992,0,0.0,87.5583688,0.772458519,TO,ANP2.2,
8345,7378MAX-D-5,D,5,3,,5057.94264,0,457.2,89.513256,0.776870741,TO,ANP2.2,
8346,7378MAX-D-5,D,5,4,,5362.74264,0,484.20528,89.6161448,0.64397963,CL,ANP2.2,
8347,7378MAX-D-5,D,5,5,,10215.89016,0,914.4,91.5195876,0.660523704,CL,ANP2.2,
8348,7378MAX-D-5,D,5,6,,11487.27192,0,955.8528,98.6189148,0.648424815,CL,ANP2.2,
8349,7378MAX-D-5,D,5,7,,14539.66104,0,1059.91152,115.8527888,0.619584815,CL,ANP2.2,
8350,7378MAX-D-5,D,5,8,,18398.55096,0,1179.24072,135.5045496,0.587058889,CL,ANP2.2,
8351,7378MAX-D-5,D,5,9,,24640.24536,0,1676.4,138.8484356,0.605245926,CL,ANP2.2,
8352,7378MAX-D-5,D,5,10,,32836.50024,0,2286.0,143.1697652,0.626677407,CL,ANP2.2,
8353,7378MAX-D-5,D,5,11,,44127.54192,0,3048.0,148.8286492,0.652120741,CL,ANP2.2,
8354,7378MAX-D-6,D,6,1,,0.0,0,0.0,0.0,0.976365556,TO,ANP2.2,
8355,7378MAX-D-6,D,6,2,,1822.49064,0,0.0,88.3814792,0.770562963,TO,ANP2.2,
8356,7378MAX-D-6,D,6,3,,5255.08728,0,457.2,90.3363664,0.774974815,TO,ANP2.2,
8357,7378MAX-D-6,D,6,4,,5559.88728,0,482.98608,90.4392552,0.642251111,CL,ANP2.2,
8358,7378MAX-D-6,D,6,5,,10658.30736,0,914.4,92.342698,0.658842963,CL,ANP2.2,
8359,7378MAX-D-6,D,6,6,,11949.95832,0,955.12128,99.1848032,0.647340741,CL,ANP2.2,
8360,7378MAX-D-6,D,6,7,,15161.0568,0,1061.34408,116.3672328,0.618582593,CL,ANP2.2,
8361,7378MAX-D-6,D,6,8,,19068.10512,0,1178.78352,135.5045496,0.587042222,CL,ANP2.2,
8362,7378MAX-D-6,D,6,9,,25540.68552,0,1676.4,138.8484356,0.605245926,CL,ANP2.2,
8363,7378MAX-D-6,D,6,10,,34042.62432,0,2286.0,143.1697652,0.626677407,CL,ANP2.2,
8364,7378MAX-D-6,D,6,11,,45776.02224,0,3048.0,148.8286492,0.652120741,CL,ANP2.2,
8365,7378MAX-D-0,D,0,1,,0.0,0,0.0,0.0,0.976365556,TO,ANP2.2,
8366,7378MAX-D-0,D,0,2,,1975.13448,0,0.0,90.0277,0.766649259,TO,ANP2.2,
8367,7378MAX-D-0,D,0,3,,5687.96424,0,457.2,92.0340316,0.771061111,TO,ANP2.2,
8368,7378MAX-D-0,D,0,4,,5992.76424,0,480.57816,92.1369204,0.638687037,CL,ANP2.2,
8369,7378MAX-D-0,D,0,5,,11650.55328,0,914.4,94.143252,0.655372963,CL,ANP2.2,
8370,7378MAX-D-0,D,0,6,,12970.03248,0,953.07912,100.2136912,0.64515,CL,ANP2.2,
8371,7378MAX-D-0,D,0,7,,16677.98544,0,1068.23256,118.064898,0.61567037,CL,ANP2.2,
8372,7378MAX-D-0,D,0,8,,20578.14528,0,1178.5092,135.5045496,0.587031852,CL,ANP2.2,
8373,7378MAX-D-0,D,0,9,,27551.7864,0,1676.4,138.8484356,0.605245926,CL,ANP2.2,
8374,7378MAX-D-0,D,0,10,,36730.77744,0,2286.0,143.1697652,0.626677407,CL,ANP2.2,
8375,7378MAX-D-0,D,0,11,,49449.71568,0,3048.0,148.8286492,0.652120741,CL,ANP2.2,
8376,A350-941-D-1,D,1,1,,0.0,0,0.0,0.0,0.993392399,TO,ANP2.2,
8377,A350-941-D-1,D,1,2,,1259.2812,0,0.0,77.9897104,0.824668052,TO,ANP2.2,
8378,A350-941-D-1,D,1,3,,2929.18896,0,457.2,79.73882,0.829202494,TO,ANP2.2,
8379,A350-941-D-1,D,1,4,,3233.98896,0,516.30072,79.9445976,0.673971734,CL,ANP2.2,
8380,A350-941-D-1,D,1,5,,5286.96936,0,914.4,81.4879296,0.689996912,CL,ANP2.2,
8381,A350-941-D-1,D,1,6,,6077.4072,0,974.68944,91.7253652,0.674352732,CL,ANP2.2,
8382,A350-941-D-1,D,1,7,,6955.93224,0,1042.29408,102.0142452,0.659134798,CL,ANP2.2,
8383,A350-941-D-1,D,1,8,,8293.85184,0,1142.87808,115.5955668,0.639719002,CL,ANP2.2,
8384,A350-941-D-1,D,1,9,,10840.69968,0,1321.36896,136.4305488,0.611713302,CL,ANP2.2,
8385,A350-941-D-1,D,1,10,,22892.55264,0,3048.0,148.8286492,0.681685748,CL,ANP2.2,
8386,A350-941-D-2,D,2,1,,0.0,0,0.0,0.0,0.993392399,TO,ANP2.2,
8387,A350-941-D-2,D,2,2,,1332.64656,0,0.0,79.0185984,0.822381116,TO,ANP2.2,
8388,A350-941-D-2,D,2,3,,3069.67128,0,457.2,80.8191524,0.826915439,TO,ANP2.2,
8389,A350-941-D-2,D,2,4,,3374.47128,0,513.92328,81.02493,0.671872684,CL,ANP2.2,
8390,A350-941-D-2,D,2,5,,5526.66408,0,914.4,82.6197064,0.687993824,CL,ANP2.2,
8391,A350-941-D-2,D,2,6,,6376.90368,0,976.67064,93.0629196,0.672104869,CL,ANP2.2,
8392,A350-941-D-2,D,2,7,,7266.15768,0,1042.50744,102.9402444,0.657494418,CL,ANP2.2,
8393,A350-941-D-2,D,2,8,,8610.99624,0,1139.98248,116.007122,0.638826366,CL,ANP2.2,
8394,A350-941-D-2,D,2,9,,11194.63344,0,1314.78528,136.3791044,0.611447625,CL,ANP2.2,
8395,A350-941-D-2,D,2,10,,23738.37264,0,3048.0,148.8286492,0.681685748,CL,ANP2.2,
8396,A350-941-D-3,D,3,1,,0.0,0,0.0,0.0,0.993392399,TO,ANP2.2,
8397,A350-941-D-3,D,3,2,,1412.07744,0,0.0,80.1503752,0.820012827,TO,ANP2.2,
8398,A350-941-D-3,D,3,3,,3220.73016,0,457.2,81.8994848,0.824547268,TO,ANP2.2,
8399,A350-941-D-3,D,3,4,,3525.53016,0,511.54584,82.1567068,0.669703563,CL,ANP2.2,
8400,A350-941-D-3,D,3,5,,5784.342,0,914.4,83.7514832,0.685919596,CL,ANP2.2,
8401,A350-941-D-3,D,3,6,,6701.54616,0,978.83472,94.400474,0.66976639,CL,ANP2.2,
8402,A350-941-D-3,D,3,7,,7602.0168,0,1042.8732,103.917688,0.655762945,CL,ANP2.2,
8403,A350-941-D-3,D,3,8,,8954.20104,0,1137.23928,116.521566,0.637842637,CL,ANP2.2,
8404,A350-941-D-3,D,3,9,,11569.87272,0,1307.86632,136.32766,0.611169121,CL,ANP2.2,
8405,A350-941-D-3,D,3,10,,24641.52552,0,3048.0,148.8286492,0.681685748,CL,ANP2.2,
8406,A350-941-D-4,D,4,1,,0.0,0,0.0,0.0,0.993392399,TO,ANP2.2,
8407,A350-941-D-4,D,4,2,,1556.4612,0,0.0,82.0023736,0.815960808,TO,ANP2.2,
8408,A350-941-D-4,D,4,3,,3492.91656,0,457.2,83.854372,0.820495131,TO,ANP2.2,
8409,A350-941-D-4,D,4,4,,3797.71656,0,507.76632,84.0601496,0.666002138,CL,ANP2.2,
8410,A350-941-D-4,D,4,5,,6248.82672,0,914.4,85.7063704,0.682370665,CL,ANP2.2,
8411,A350-941-D-4,D,4,6,,7298.83224,0,983.04096,96.7669164,0.66566829,CL,ANP2.2,
8412,A350-941-D-4,D,4,7,,8209.36128,0,1043.51328,105.5639088,0.652781948,CL,ANP2.2,
8413,A350-941-D-4,D,4,8,,9571.482,0,1132.6368,117.3446764,0.636105226,CL,ANP2.2,
8414,A350-941-D-4,D,4,9,,12233.148,0,1295.8572,136.2762156,0.610683967,CL,ANP2.2,
8415,A350-941-D-4,D,4,10,,26254.52712,0,3048.0,148.8286492,0.681685748,CL,ANP2.2,
8416,A350-941-D-5,D,5,1,,0.0,0,0.0,0.0,0.993392399,TO,ANP2.2,
8417,A350-941-D-5,D,5,2,,1753.42296,0,0.0,84.368816,0.810880641,TO,ANP2.2,
8418,A350-941-D-5,D,5,3,,3860.26152,0,457.2,86.2208144,0.815414964,TO,ANP2.2,
8419,A350-941-D-5,D,5,4,,4165.06152,0,503.40768,86.426592,0.661377078,CL,ANP2.2,
8420,A350-941-D-5,D,5,5,,6876.40992,0,914.4,88.1757016,0.67792114,CL,ANP2.2,
8421,A350-941-D-5,D,5,6,,8115.9096,0,988.40544,99.7506916,0.66055095,CL,ANP2.2,
8422,A350-941-D-5,D,5,7,,9052.01136,0,1045.464,107.8274624,0.648787767,CL,ANP2.2,
8423,A350-941-D-5,D,5,8,,10432.96872,0,1128.79632,118.6822308,0.633525416,CL,ANP2.2,
8424,A350-941-D-5,D,5,9,,13103.9616,0,1280.37336,136.1733268,0.610058907,CL,ANP2.2,
8425,A350-941-D-5,D,5,10,,28405.3788,0,3048.0,148.8286492,0.681685748,CL,ANP2.2,
8426,A350-941-D-6,D,6,1,,0.0,0,0.0,0.0,0.993392399,TO,ANP2.2,
8427,A350-941-D-6,D,6,2,,1978.18248,0,0.0,86.7867028,0.8056,TO,ANP2.2,
8428,A350-941-D-6,D,6,3,,4275.18576,0,457.2,88.74159,0.810134323,TO,ANP2.2,
8429,A350-941-D-6,D,6,4,,4579.98576,0,499.2624,88.8959232,0.656586105,CL,ANP2.2,
8430,A350-941-D-6,D,6,5,,7587.17304,0,914.4,90.6964772,0.673296081,CL,ANP2.2,
8431,A350-941-D-6,D,6,6,,9069.7812,0,994.95864,102.9402444,0.655092043,CL,ANP2.2,
8432,A350-941-D-6,D,6,7,,10022.09832,0,1048.02432,110.2967936,0.644525891,CL,ANP2.2,
8433,A350-941-D-6,D,6,8,,11417.47272,0,1125.41304,120.1741184,0.630672803,CL,ANP2.2,
8434,A350-941-D-6,D,6,9,,14060.5764,0,1263.82272,136.070438,0.609391211,CL,ANP2.2,
8435,A350-941-D-6,D,6,10,,30807.72096,0,3048.0,148.8286492,0.681685748,CL,ANP2.2,
8436,A350-941-D-7,D,7,1,,0.0,0,0.0,0.0,0.993392399,TO,ANP2.2,
8437,A350-941-D-7,D,7,2,,2230.8312,0,0.0,89.3074784,0.800196437,TO,ANP2.2,
8438,A350-941-D-7,D,7,3,,4737.6588,0,457.2,91.2623656,0.80473076,TO,ANP2.2,
8439,A350-941-D-7,D,7,4,,5042.4588,0,495.42192,91.4681432,0.651698812,CL,ANP2.2,
8440,A350-941-D-7,D,7,5,,8382.762,0,914.4,93.3201416,0.66856342,CL,ANP2.2,
8441,A350-941-D-7,D,7,6,,10164.1656,0,1002.1824,106.2841304,0.649467577,CL,ANP2.2,
8442,A350-941-D-7,D,7,7,,11141.964,0,1051.8648,112.920458,0.63992886,CL,ANP2.2,
8443,A350-941-D-7,D,7,8,,12564.0084,0,1124.16336,121.9746724,0.627324822,CL,ANP2.2,
8444,A350-941-D-7,D,7,9,,15099.39576,0,1246.44912,135.9161048,0.608689549,CL,ANP2.2,
8445,A350-941-D-7,D,7,10,,33460.70016,0,3048.0,148.8286492,0.681685748,CL,ANP2.2,
8446,A350-941-D-8,D,8,1,,0.0,0,0.0,0.0,0.993392399,TO,ANP2.2,
8447,A350-941-D-8,D,8,2,,2516.36784,0,0.0,91.8796984,0.794637173,TO,ANP2.2,
8448,A350-941-D-8,D,8,3,,5257.06848,0,457.2,93.88603,0.799171496,TO,ANP2.2,
8449,A350-941-D-8,D,8,4,,5561.86848,0,491.82528,94.0403632,0.646684679,CL,ANP2.2,
8450,A350-941-D-8,D,8,5,,9281.64768,0,914.4,95.9952504,0.663694299,CL,ANP2.2,
8451,A350-941-D-8,D,8,6,,11430.0,0,1010.07672,109.6794608,0.643674584,CL,ANP2.2,
8452,A350-941-D-8,D,8,7,,12437.18112,0,1056.55872,115.7499,0.635074584,CL,ANP2.2,
8453,A350-941-D-8,D,8,8,,13879.3728,0,1123.55376,123.981004,0.623711758,CL,ANP2.2,
8454,A350-941-D-8,D,8,9,,16236.81792,0,1228.00872,135.813216,0.607945843,CL,ANP2.2,
8455,A350-941-D-8,D,8,10,,36418.23552,0,3048.0,148.8286492,0.681685748,CL,ANP2.2,
8456,A350-941-D-0,D,0,1,,0.0,0,0.0,0.0,0.993392399,TO,ANP2.2,
8457,A350-941-D-0,D,0,2,,2713.45152,0,0.0,93.5259192,0.791081354,TO,ANP2.2,
8458,A350-941-D-0,D,0,3,,5614.29408,0,457.2,95.5836952,0.795615796,TO,ANP2.2,
8459,A350-941-D-0,D,0,4,,5919.09408,0,489.69168,95.7380284,0.643484442,CL,ANP2.2,
8460,A350-941-D-0,D,0,5,,9903.8664,0,914.4,97.74436,0.660580048,CL,ANP2.2,
8461,A350-941-D-0,D,0,6,,12341.01672,0,1016.02032,111.9944588,0.639840499,CL,ANP2.2,
8462,A350-941-D-0,D,0,7,,13363.86456,0,1060.3992,117.6533428,0.631834086,CL,ANP2.2,
8463,A350-941-D-0,D,0,8,,14819.89416,0,1124.16336,125.3700028,0.621215558,CL,ANP2.2,
8464,A350-941-D-0,D,0,9,,17007.13896,0,1215.93864,135.7103272,0.60745962,CL,ANP2.2,
8465,A350-941-D-0,D,0,10,,38446.28328,0,3048.0,148.8286492,0.681685748,CL,ANP2.2,
8466,CNA172-D-1,D,1,1,,0.0,0,0.0,0.0,0.326330275,TO,ANP2.2,
8467,CNA172-D-1,D,1,2,,300.41088,0,0.0,28.1400868,0.326330275,TO,ANP2.2,
8468,CNA172-D-1,D,1,3,,936.55896,0,50.41392,38.4804112,0.240183486,TO,ANP2.2,
8469,CNA172-D-1,D,1,4,,3430.2192,0,304.8,38.9434108,0.244541284,TO,ANP2.2,
8470,CNA172-D-1,D,1,5,,3770.74176,0,327.38568,41.6185196,0.229633028,CL,ANP2.2,
8471,CNA172-D-1,D,1,6,,4075.54176,0,350.09328,41.6185196,0.213944954,CL,ANP2.2,
8472,CNA172-D-1,D,1,7,,11645.31072,0,914.4,42.8017408,0.222798165,CL,ANP2.2,
8473,CNA172-D-1,D,1,8,,20360.39616,0,1524.0,44.0878508,0.232889908,CL,ANP2.2,
8474,CNA172-D-1,D,1,9,,34603.15152,0,2438.4,46.1456268,0.249220183,CL,ANP2.2,
8475,CNA182-D-1,D,1,1,,0.0,0,0.0,0.0,0.891388601,TO,ANP2.2,
8476,CNA182-D-1,D,1,2,,160.08096,0,0.0,32.6157496,0.891388601,TO,ANP2.2,
8477,CNA182-D-1,D,1,3,,1140.1044,0,70.62216,41.1040756,0.713430052,TO,ANP2.2,
8478,CNA182-D-1,D,1,4,,3146.81616,0,304.8,41.5670752,0.725398964,TO,ANP2.2,
8479,CNA182-D-1,D,1,5,,3380.35392,0,319.33896,44.1907396,0.683440415,CL,ANP2.2,
8480,CNA182-D-1,D,1,6,,3685.15392,0,341.2236,44.242184,0.607533679,CL,ANP2.2,
8481,CNA182-D-1,D,1,7,,11677.52808,0,914.4,45.4768496,0.633036269,CL,ANP2.2,
8482,CNA182-D-1,D,1,8,,20930.98176,0,1524.0,46.8658484,0.661740933,CL,ANP2.2,
8483,CNA182-D-1,D,1,9,,36526.56144,0,2438.4,49.0779576,0.708103627,CL,ANP2.2,
8484,CNA182-D-1,D,1,10,,48354.29496,0,3048.0,50.6212896,0.741419689,CL,ANP2.2,
8485,DC9Q7-D-1,D,1,1,,0.0,0,0.0,0.0,0.879166429,TO,ANP2.2,
8486,DC9Q7-D-1,D,1,2,,642.8232,0,0.0,64.6141664,0.874855,TO,ANP2.2,
8487,DC9Q7-D-1,D,1,3,,1787.56056,0,304.8,65.59161,0.874977857,TO,ANP2.2,
8488,DC9Q7-D-1,D,1,4,,2251.34424,0,388.13232,70.9418276,0.874679286,CL,ANP2.2,
8489,DC9Q7-D-1,D,1,5,,2531.42496,0,423.15384,76.2406008,0.874352143,CL,ANP2.2,
8490,DC9Q7-D-1,D,1,6,,2675.80872,0,454.51776,76.394934,0.766821429,CL,ANP2.2,
8491,DC9Q7-D-1,D,1,7,,3540.95304,0,485.88168,94.8120292,0.759175,CL,ANP2.2,
8492,DC9Q7-D-1,D,1,8,,5593.17144,0,914.4,96.8183608,0.758114286,CL,ANP2.2,
8493,DC9Q7-D-1,D,1,9,,8480.26752,0,1046.04312,134.6299948,0.742870714,CL,ANP2.2,
8494,DC9Q7-D-1,D,1,10,,12212.14728,0,1676.4,138.8484356,0.741345714,CL,ANP2.2,
8495,DC9Q7-D-1,D,1,11,,16270.40688,0,2286.0,143.1697652,0.739902143,CL,ANP2.2,
8496,DC9Q7-D-1,D,1,12,,22084.37544,0,3048.0,148.8286492,0.738140714,CL,ANP2.2,
8497,DC9Q7-D-2,D,2,1,,0.0,0,0.0,0.0,0.879166429,TO,ANP2.2,
8498,DC9Q7-D-2,D,2,2,,798.33216,0,0.0,68.2152744,0.874615714,TO,ANP2.2,
8499,DC9Q7-D-2,D,2,3,,2138.87304,0,304.8,69.2441624,0.874737857,TO,ANP2.2,
8500,DC9Q7-D-2,D,2,4,,2701.83864,0,391.39368,74.59438,0.874441429,CL,ANP2.2,
8501,DC9Q7-D-2,D,2,5,,3040.25808,0,427.72584,79.9445976,0.874115,CL,ANP2.2,
8502,DC9Q7-D-2,D,2,6,,3249.3204,0,466.344,80.0989308,0.765278571,CL,ANP2.2,
8503,DC9Q7-D-2,D,2,7,,4336.51152,0,504.96216,98.5674704,0.757613571,CL,ANP2.2,
8504,DC9Q7-D-2,D,2,8,,6643.20744,0,914.4,100.573802,0.756600714,CL,ANP2.2,
8505,DC9Q7-D-2,D,2,9,,9895.7892,0,1060.704,134.6814392,0.742835,CL,ANP2.2,
8506,DC9Q7-D-2,D,2,10,,14191.70136,0,1676.4,138.8484356,0.741345714,CL,ANP2.2,
8507,DC9Q7-D-2,D,2,11,,18994.61784,0,2286.0,143.1697652,0.739902143,CL,ANP2.2,
8508,DC9Q7-D-2,D,2,12,,25929.27504,0,3048.0,148.8286492,0.738140714,CL,ANP2.2,
8509,DC9Q7-D-3,D,3,1,,0.0,0,0.0,0.0,0.879166429,TO,ANP2.2,
8510,DC9Q7-D-3,D,3,2,,948.2328,0,0.0,71.1990496,0.874415714,TO,ANP2.2,
8511,DC9Q7-D-3,D,3,3,,2472.56808,0,304.8,72.279382,0.874538571,TO,ANP2.2,
8512,DC9Q7-D-3,D,3,4,,3146.99904,0,396.14856,77.7324884,0.874238571,CL,ANP2.2,
8513,DC9Q7-D-3,D,3,5,,3542.59896,0,433.60848,83.082706,0.873912143,CL,ANP2.2,
8514,DC9Q7-D-3,D,3,6,,3829.11096,0,479.9076,83.2884836,0.763947143,CL,ANP2.2,
8515,DC9Q7-D-3,D,3,7,,5151.76008,0,526.17624,101.859912,0.756263571,CL,ANP2.2,
8516,DC9Q7-D-3,D,3,8,,7653.0708,0,914.4,103.7633548,0.755302857,CL,ANP2.2,
8517,DC9Q7-D-3,D,3,9,,11231.02656,0,1073.44464,134.784328,0.742803571,CL,ANP2.2,
8518,DC9Q7-D-3,D,3,10,,16052.50536,0,1676.4,138.8484356,0.741345714,CL,ANP2.2,
8519,DC9Q7-D-3,D,3,11,,21580.87632,0,2286.0,143.1697652,0.739902143,CL,ANP2.2,
8520,DC9Q7-D-3,D,3,12,,29626.2552,0,3048.0,148.8286492,0.738140714,CL,ANP2.2,
8521,DC9Q9-D-1,D,1,1,,0.0,0,0.0,0.0,0.894578621,TO,ANP2.2,
8522,DC9Q9-D-1,D,1,2,,1099.74888,0,0.0,73.822714,0.871593103,TO,ANP2.2,
8523,DC9Q9-D-1,D,1,3,,2825.9532,0,304.8,74.9030464,0.871026897,TO,ANP2.2,
8524,DC9Q9-D-1,D,1,4,,3614.04408,0,399.22704,80.3561528,0.86930069,CL,ANP2.2,
8525,DC9Q9-D-1,D,1,5,,4091.57424,0,439.3692,85.7063704,0.867633103,CL,ANP2.2,
8526,DC9Q9-D-1,D,1,6,,4396.37424,0,484.08336,85.912148,0.762828276,CL,ANP2.2,
8527,DC9Q9-D-1,D,1,7,,5987.1864,0,545.34816,104.5864652,0.755569655,CL,ANP2.2,
8528,DC9Q9-D-1,D,1,8,,8468.98992,0,914.4,106.4384636,0.754711724,CL,ANP2.2,
8529,DC9Q9-D-1,D,1,9,,11929.96344,0,1066.8,134.7328836,0.743993103,CL,ANP2.2,
8530,DC9Q9-D-1,D,1,10,,16967.05776,0,1676.4,138.8484356,0.742606207,CL,ANP2.2,
8531,DC9Q9-D-1,D,1,11,,22662.45912,0,2286.0,143.1697652,0.741248966,CL,ANP2.2,
8532,DC9Q9-D-1,D,1,12,,30909.58512,0,3048.0,148.8286492,0.739593793,CL,ANP2.2,
8533,DC9Q9-D-2,D,2,1,,0.0,0,0.0,0.0,0.894578621,TO,ANP2.2,
8534,DC9Q9-D-2,D,2,2,,1336.30416,0,0.0,77.4752664,0.870453793,TO,ANP2.2,
8535,DC9Q9-D-2,D,2,3,,3360.2676,0,304.8,78.6584876,0.869887586,TO,ANP2.2,
8536,DC9Q9-D-2,D,2,4,,4320.50952,0,403.15896,84.0087052,0.868177931,CL,ANP2.2,
8537,DC9Q9-D-2,D,2,5,,4901.27544,0,445.008,89.4103672,0.866507586,CL,ANP2.2,
8538,DC9Q9-D-2,D,2,6,,5206.07544,0,480.70008,89.5647004,0.761413103,CL,ANP2.2,
8539,DC9Q9-D-2,D,2,7,,7421.60568,0,580.58304,108.4447952,0.754064138,CL,ANP2.2,
8540,DC9Q9-D-2,D,2,8,,10210.52568,0,914.4,110.1939048,0.753288966,CL,ANP2.2,
8541,DC9Q9-D-2,D,2,9,,14017.50816,0,1079.69304,134.8357724,0.743963448,CL,ANP2.2,
8542,DC9Q9-D-2,D,2,10,,19783.5012,0,1676.4,138.8484356,0.742606207,CL,ANP2.2,
8543,DC9Q9-D-2,D,2,11,,26483.12712,0,2286.0,143.1697652,0.741248966,CL,ANP2.2,
8544,DC9Q9-D-2,D,2,12,,36282.72144,0,3048.0,148.8286492,0.739593793,CL,ANP2.2,
8545,DC9Q9-D-3,D,3,1,,0.0,0,0.0,0.0,0.894578621,TO,ANP2.2,
8546,DC9Q9-D-3,D,3,2,,1581.88152,0,0.0,80.8191524,0.869422069,TO,ANP2.2,
8547,DC9Q9-D-3,D,3,3,,3921.58728,0,304.8,82.0023736,0.868855862,TO,ANP2.2,
8548,DC9Q9-D-3,D,3,4,,5153.46696,0,413.85744,87.712702,0.867042759,CL,ANP2.2,
8549,DC9Q9-D-3,D,3,5,,5849.93496,0,457.29144,93.114364,0.865369655,CL,ANP2.2,
8550,DC9Q9-D-3,D,3,6,,6154.73496,0,487.9848,93.2686972,0.759973103,CL,ANP2.2,
8551,DC9Q9-D-3,D,3,7,,9210.47688,0,631.36272,112.406014,0.752522759,CL,ANP2.2,
8552,DC9Q9-D-3,D,3,8,,11937.73584,0,914.4,113.949346,0.751865517,CL,ANP2.2,
8553,DC9Q9-D-3,D,3,9,,16000.04928,0,1088.34936,134.8872168,0.743943448,CL,ANP2.2,
8554,DC9Q9-D-3,D,3,10,,22554.49896,0,1676.4,138.8484356,0.742606207,CL,ANP2.2,
8555,DC9Q9-D-3,D,3,11,,30334.79328,0,2286.0,143.1697652,0.741248966,CL,ANP2.2,
8556,DC9Q9-D-3,D,3,12,,41842.42584,0,3048.0,148.8286492,0.739593793,CL,ANP2.2,
8557,720-A-1,A,1,1,,-34895.6376,0,1828.8,128.611,0.026679842,AP,ANP2.2,
8558,720-A-1,A,1,2,,-17447.6664,0,914.4,57.617728,0.289525692,AP,ANP2.2,
8559,720-A-1,A,1,3,,-8723.9856,0,457.2,57.617728,0.292490119,AP,ANP2.2,
8560,720-A-1,A,1,4,,-5815.8888,0,304.8,57.617728,0.292490119,AP,ANP2.2,
8561,720-A-1,A,1,5,,0.0,0,0.0,57.617728,0.292490119,AP,ANP2.2,
8562,720-A-1,A,1,6,,104.5464,0,0.0,57.617728,0.4,AP,ANP2.2,
8563,720-A-1,A,1,7,,1045.464,0,0.0,15.43332,0.099802372,AP,ANP2.2,
8564,720-D-1,D,1,1,,0.0,0,0.0,18.00554,1.0,TO,ANP2.2,
8565,720-D-1,D,1,2,,829.3608,0,0.0,67.392164,1.0,TO,ANP2.2,
8566,720-D-1,D,1,3,,2567.94,0,304.8,67.392164,1.0,TO,ANP2.2,
8567,720-D-1,D,1,4,,3193.6944,0,373.38,72.536604,1.0,CL,ANP2.2,
8568,720-D-1,D,1,5,,3498.4944,0,403.2504,75.108824,0.9,CL,ANP2.2,
8569,720-D-1,D,1,6,,4542.1296,0,506.2728,82.825484,0.9,CL,ANP2.2,
8570,720-D-1,D,1,7,,5573.268,0,595.884,93.114364,0.9,CL,ANP2.2,
8571,720-D-1,D,1,8,,7461.1992,0,914.4,93.114364,0.9,CL,ANP2.2,
8572,720-D-1,D,1,9,,11822.8872,0,1214.9328,128.611,0.9,CL,ANP2.2,
8573,720-D-1,D,1,10,,15022.068,0,1676.4,128.611,0.9,CL,ANP2.2,
8574,720-D-1,D,1,11,,19661.4288,0,2286.0,128.611,0.9,CL,ANP2.2,
8575,720-D-1,D,1,12,,26226.8208,0,3048.0,128.611,0.9,CL,ANP2.2,
8576,720-D-2,D,2,1,,0.0,0,0.0,18.00554,1.0,TO,ANP2.2,
8577,720-D-2,D,2,2,,947.6232,0,0.0,69.44994,1.0,TO,ANP2.2,
8578,720-D-2,D,2,3,,2891.3328,0,304.8,69.44994,1.0,TO,ANP2.2,
8579,720-D-2,D,2,4,,3626.8152,0,377.6472,74.59438,1.0,CL,ANP2.2,
8580,720-D-2,D,2,5,,3931.6152,0,404.7744,76.652156,0.9,CL,ANP2.2,
8581,720-D-2,D,2,6,,5183.4288,0,516.9408,84.88326,0.9,CL,ANP2.2,
8582,720-D-2,D,2,7,,6339.84,0,608.6856,95.17214,0.9,CL,ANP2.2,
8583,720-D-2,D,2,8,,8332.3176,0,914.4,95.17214,0.9,CL,ANP2.2,
8584,720-D-2,D,2,9,,12916.5096,0,1206.3984,128.611,0.9,CL,ANP2.2,
8585,720-D-2,D,2,10,,16493.3376,0,1676.4,128.611,0.9,CL,ANP2.2,
8586,720-D-2,D,2,11,,21600.5664,0,2286.0,128.611,0.9,CL,ANP2.2,
8587,720-D-2,D,2,12,,28852.6728,0,3048.0,128.611,0.9,CL,ANP2.2,
8588,720-D-3,D,3,1,,0.0,0,0.0,18.00554,1.0,TO,ANP2.2,
8589,720-D-3,D,3,2,,1073.8104,0,0.0,70.993272,1.0,TO,ANP2.2,
8590,720-D-3,D,3,3,,3238.8048,0,304.8,70.993272,1.0,TO,ANP2.2,
8591,720-D-3,D,3,4,,4094.988,0,381.9144,76.137712,1.0,CL,ANP2.2,
8592,720-D-3,D,3,5,,4399.788,0,406.6032,77.681044,0.9,CL,ANP2.2,
8593,720-D-3,D,3,6,,5869.2288,0,526.3896,86.426592,0.9,CL,ANP2.2,
8594,720-D-3,D,3,7,,7148.4744,0,618.744,96.715472,0.9,CL,ANP2.2,
8595,720-D-3,D,3,8,,9257.3856,0,914.4,96.715472,0.9,CL,ANP2.2,
8596,720-D-3,D,3,9,,14080.8456,0,1197.5592,128.611,0.9,CL,ANP2.2,
8597,720-D-3,D,3,10,,18064.8864,0,1676.4,128.611,0.9,CL,ANP2.2,
8598,720-D-3,D,3,11,,23666.8056,0,2286.0,128.611,0.9,CL,ANP2.2,
8599,720-D-3,D,3,12,,31650.432,0,3048.0,128.611,0.9,CL,ANP2.2,
8600,720-D-4,D,4,1,,0.0,0,0.0,18.00554,1.0,TO,ANP2.2,
8601,720-D-4,D,4,2,,1278.0264,0,0.0,73.565492,1.0,TO,ANP2.2,
8602,720-D-4,D,4,3,,3812.7432,0,304.8,73.565492,1.0,TO,ANP2.2,
8603,720-D-4,D,4,4,,4762.8048,0,374.5992,78.709932,1.0,CL,ANP2.2,
8604,720-D-4,D,4,5,,5067.6048,0,395.0208,80.253264,0.9,CL,ANP2.2,
8605,720-D-4,D,4,6,,6682.4352,0,502.92,88.998812,0.9,CL,ANP2.2,
8606,720-D-4,D,4,7,,8061.3504,0,584.9112,99.287692,0.9,CL,ANP2.2,
8607,720-D-4,D,4,8,,10724.0832,0,914.4,99.287692,0.9,CL,ANP2.2,
8608,720-D-4,D,4,9,,15567.66,0,1152.144,128.611,0.9,CL,ANP2.2,
8609,720-D-4,D,4,10,,20509.6872,0,1676.4,128.611,0.9,CL,ANP2.2,
8610,720-D-4,D,4,11,,26908.6584,0,2286.0,128.611,0.9,CL,ANP2.2,
8611,720-D-4,D,4,12,,36083.748,0,3048.0,128.611,0.9,CL,ANP2.2,
8612,720-D-5,D,5,1,,0.0,0,0.0,18.00554,1.0,TO,ANP2.2,
8613,720-D-5,D,5,2,,1423.7208,0,0.0,75.108824,1.0,TO,ANP2.2,
8614,720-D-5,D,5,3,,4233.672,0,304.8,75.108824,1.0,TO,ANP2.2,
8615,720-D-5,D,5,4,,5285.232,0,373.6848,80.253264,1.0,CL,ANP2.2,
8616,720-D-5,D,5,5,,5590.032,0,391.9728,81.796596,0.9,CL,ANP2.2,
8617,720-D-5,D,5,6,,7366.1016,0,497.7384,90.542144,0.9,CL,ANP2.2,
8618,720-D-5,D,5,7,,8837.3712,0,576.072,100.831024,0.9,CL,ANP2.2,
8619,720-D-5,D,5,8,,11801.2464,0,914.4,100.831024,0.9,CL,ANP2.2,
8620,720-D-5,D,5,9,,16712.7936,0,1132.0272,128.611,0.9,CL,ANP2.2,
8621,720-D-5,D,5,10,,22276.308,0,1676.4,128.611,0.9,CL,ANP2.2,
8622,720-D-5,D,5,11,,29247.9984,0,2286.0,128.611,0.9,CL,ANP2.2,
8623,720-D-5,D,5,12,,39287.8056,0,3048.0,128.611,0.9,CL,ANP2.2,
8624,CNA206-D-2,D,2,1,,0.0,0,0.0,18.00554,3.383458647,TO,ANP2.2,
8625,CNA206-D-2,D,2,2,,157.2768,0,0.0,30.352196,3.383458647,TO,ANP2.2,
8626,CNA206-D-2,D,2,3,,514.1976,0,56.6928,37.039968,3.383458647,TO,ANP2.2,
8627,CNA206-D-2,D,2,4,,1862.9376,0,304.8,37.554412,3.383458647,TO,ANP2.2,
8628,CNA206-D-2,D,2,5,,2912.9736,0,407.5176,49.901068,3.383458647,CL,ANP2.2,
8629,CNA206-D-2,D,2,6,,3217.7736,0,434.0352,49.901068,3.383458647,CL,ANP2.2,
8630,CNA206-D-2,D,2,7,,8741.9688,0,914.4,50.929956,3.13283208,CL,ANP2.2,
8631,CNA206-D-2,D,2,8,,16180.6128,0,1524.0,52.473288,3.13283208,CL,ANP2.2,
8632,CNA206-D-2,D,2,9,,37168.5312,0,3048.0,57.103284,3.13283208,CL,ANP2.2,
8633,CNA206-D-3,D,3,1,,0.0,0,0.0,18.00554,3.383458647,TO,ANP2.2,
8634,CNA206-D-3,D,3,2,,195.3768,0,0.0,31.895528,3.383458647,TO,ANP2.2,
8635,CNA206-D-3,D,3,3,,601.3704,0,49.3776,38.5833,3.383458647,TO,ANP2.2,
8636,CNA206-D-3,D,3,4,,2326.8432,0,304.8,39.097744,3.383458647,TO,ANP2.2,
8637,CNA206-D-3,D,3,5,,3275.6856,0,373.38,49.901068,3.383458647,CL,ANP2.2,
8638,CNA206-D-3,D,3,6,,3580.4856,0,395.0208,49.901068,3.383458647,CL,ANP2.2,
8639,CNA206-D-3,D,3,7,,10824.6672,0,914.4,50.929956,3.13283208,CL,ANP2.2,
8640,CNA206-D-3,D,3,8,,19927.2144,0,1524.0,52.473288,3.13283208,CL,ANP2.2,
8641,CNA206-D-3,D,3,9,,46006.2072,0,3048.0,57.103284,3.13283208,CL,ANP2.2,
8642,CNA20T-A-1,A,1,1,,-34895.57664,0,1828.8,67.5464972,2.303030303,AP,ANP2.2,
8643,CNA20T-A-1,A,1,2,,-23263.7076,0,1219.2,65.4887212,2.303030303,AP,ANP2.2,
8644,CNA20T-A-1,A,1,3,,-17447.78832,0,914.4,53.759398,2.303030303,AP,ANP2.2,
8645,CNA20T-A-1,A,1,4,,-5815.91928,0,304.8,46.9687372,2.303030303,AP,ANP2.2,
8646,CNA20T-A-1,A,1,5,,-4652.74152,0,243.84,46.8658484,2.303030303,AP,ANP2.2,
8647,CNA20T-A-1,A,1,6,,-2326.386,0,121.92,38.7890776,2.303030303,AP,ANP2.2,
8648,CNA20T-A-1,A,1,7,,0.0,0,0.0,38.7890776,2.303030303,AP,ANP2.2,
8649,CNA20T-A-1,A,1,8,,22.49424,0,0.0,34.467748,1.212121212,AP,ANP2.2,
8650,CNA20T-A-1,A,1,9,,224.9424,0,0.0,5.14444,1.212121212,AP,ANP2.2,
8651,CNA20T-D-1,D,1,1,,0.0,0,0.0,18.00554,3.03030303,TO,ANP2.2,
8652,CNA20T-D-1,D,1,2,,113.05032,0,0.0,27.00831,3.03030303,TO,ANP2.2,
8653,CNA20T-D-1,D,1,3,,424.1292,0,56.57088,37.6573008,3.03030303,TO,ANP2.2,
8654,CNA20T-D-1,D,1,4,,1535.97864,0,304.8,38.1203004,3.03030303,TO,ANP2.2,
8655,CNA20T-D-1,D,1,5,,2437.54656,0,400.62912,52.473288,3.03030303,CL,ANP2.2,
8656,CNA20T-D-1,D,1,6,,2742.34656,0,428.8536,52.5247324,3.03030303,CL,ANP2.2,
8657,CNA20T-D-1,D,1,7,,7985.54664,0,914.4,53.759398,2.909090909,CL,ANP2.2,
8658,CNA20T-D-1,D,1,8,,14972.3856,0,1524.0,55.4056188,2.909090909,CL,ANP2.2,
8659,CNA20T-D-1,D,1,9,,34684.68552,0,3048.0,59.8812816,2.909090909,CL,ANP2.2,
8660,CNA20T-D-2,D,2,1,,0.0,0,0.0,18.00554,3.03030303,TO,ANP2.2,
8661,CNA20T-D-2,D,2,2,,143.5608,0,0.0,28.29442,3.03030303,TO,ANP2.2,
8662,CNA20T-D-2,D,2,3,,619.0488,0,74.676,39.612188,3.03030303,TO,ANP2.2,
8663,CNA20T-D-2,D,2,4,,1923.288,0,304.8,40.126632,3.03030303,TO,ANP2.2,
8664,CNA20T-D-2,D,2,5,,3001.6704,0,404.4696,52.473288,3.03030303,CL,ANP2.2,
8665,CNA20T-D-2,D,2,6,,3306.4704,0,427.0248,52.473288,3.03030303,CL,ANP2.2,
8666,CNA20T-D-2,D,2,7,,9829.8,0,914.4,54.01662,2.909090909,CL,ANP2.2,
8667,CNA20T-D-2,D,2,8,,18555.0048,0,1524.0,55.559952,2.909090909,CL,ANP2.2,
8668,CNA20T-D-2,D,2,9,,43594.3248,0,3048.0,59.675504,2.909090909,CL,ANP2.2,
8669,CNA20T-D-3,D,3,1,,0.0,0,0.0,18.00554,3.03030303,TO,ANP2.2,
8670,CNA20T-D-3,D,3,2,,178.308,0,0.0,29.837752,3.03030303,TO,ANP2.2,
8671,CNA20T-D-3,D,3,3,,852.8304,0,91.44,41.15552,3.03030303,TO,ANP2.2,
8672,CNA20T-D-3,D,3,4,,2346.96,0,304.8,41.669964,3.03030303,TO,ANP2.2,
8673,CNA20T-D-3,D,3,5,,3605.784,0,404.7744,52.473288,3.03030303,CL,ANP2.2,
8674,CNA20T-D-3,D,3,6,,3910.584,0,423.0624,52.473288,3.03030303,CL,ANP2.2,
8675,CNA20T-D-3,D,3,7,,12121.2864,0,914.4,54.01662,2.909090909,CL,ANP2.2,
8676,CNA20T-D-3,D,3,8,,23119.6896,0,1524.0,55.559952,2.909090909,CL,ANP2.2,
8677,CNA20T-D-3,D,3,9,,55410.8112,0,3048.0,59.675504,2.909090909,CL,ANP2.2,
8678,CONCRD-D-1,D,1,1,,0.0,0,0.0,18.00554,1.040761155,TO,ANP2.2,
8679,CONCRD-D-1,D,1,2,,2123.694,0,0.0,101.4998012,0.876490814,TO,ANP2.2,
8680,CONCRD-D-1,D,1,3,,3847.15512,0,121.82856,129.382666,0.83552231,TO,ANP2.2,
8681,CONCRD-D-1,D,1,4,,4652.68056,0,304.8,130.5144428,0.839897638,TO,ANP2.2,
8682,CONCRD-D-1,D,1,5,,4957.48056,0,324.3072,130.6173316,0.480314961,CL,ANP2.2,
8683,CONCRD-D-1,D,1,6,,14176.00416,0,914.4,134.4242172,0.480314961,CL,ANP2.2,
8684,CONCRD-D-1,D,1,7,,14480.80416,0,956.73672,134.7328836,0.716548556,CL,ANP2.2,
8685,CONCRD-D-1,D,1,8,,19662.09936,0,1676.4,139.6201016,0.731824147,CL,ANP2.2,
8686,CONCRD-D-1,D,1,9,,24670.84728,0,2286.0,143.9414312,0.744044619,CL,ANP2.2,
8687,CONCRD-D-1,D,1,10,,31907.31744,0,3048.0,149.6517596,0.75932021,CL,ANP2.2,
8688,CONCRD-D-2,D,2,1,,0.0,0,0.0,18.00554,1.040761155,TO,ANP2.2,
8689,CONCRD-D-2,D,2,2,,2123.694,0,0.0,101.4998012,0.876490814,TO,ANP2.2,
8690,CONCRD-D-2,D,2,3,,3847.15512,0,121.82856,129.382666,0.83552231,TO,ANP2.2,
8691,CONCRD-D-2,D,2,4,,4652.68056,0,304.8,130.5144428,0.839897638,TO,ANP2.2,
8692,CONCRD-D-2,D,2,5,,4957.48056,0,324.3072,130.6173316,0.480314961,CL,ANP2.2,
8693,CONCRD-D-2,D,2,6,,14176.00416,0,914.4,134.4242172,0.480314961,CL,ANP2.2,
8694,CONCRD-D-2,D,2,7,,14480.80416,0,956.73672,134.7328836,0.716548556,CL,ANP2.2,
8695,CONCRD-D-2,D,2,8,,19662.09936,0,1676.4,139.6201016,0.731824147,CL,ANP2.2,
8696,CONCRD-D-2,D,2,9,,24670.84728,0,2286.0,143.9414312,0.744044619,CL,ANP2.2,
8697,CONCRD-D-2,D,2,10,,31907.31744,0,3048.0,149.6517596,0.75932021,CL,ANP2.2,
8698,CONCRD-D-3,D,3,1,,0.0,0,0.0,18.00554,1.040761155,TO,ANP2.2,
8699,CONCRD-D-3,D,3,2,,2607.96024,0,0.0,106.5927968,0.868244094,TO,ANP2.2,
8700,CONCRD-D-3,D,3,3,,4392.7776,0,121.98096,129.382666,0.835524934,TO,ANP2.2,
8701,CONCRD-D-3,D,3,4,,5342.41248,0,304.8,130.5144428,0.839897638,TO,ANP2.2,
8702,CONCRD-D-3,D,3,5,,5647.21248,0,322.90512,130.6173316,0.517060367,CL,ANP2.2,
8703,CONCRD-D-3,D,3,6,,15600.45648,0,914.4,134.4242172,0.517060367,CL,ANP2.2,
8704,CONCRD-D-3,D,3,7,,15905.25648,0,949.05576,134.6814392,0.716548556,CL,ANP2.2,
8705,CONCRD-D-3,D,3,8,,22303.77048,0,1676.4,139.6201016,0.731824147,CL,ANP2.2,
8706,CONCRD-D-3,D,3,9,,28510.0776,0,2286.0,143.9414312,0.744044619,CL,ANP2.2,
8707,CONCRD-D-3,D,3,10,,37641.4284,0,3048.0,149.6517596,0.75932021,CL,ANP2.2,
8708,CONCRD-D-4,D,4,1,,0.0,0,0.0,18.00554,1.040761155,TO,ANP2.2,
8709,CONCRD-D-4,D,4,2,,2607.96024,0,0.0,106.5927968,0.868244094,TO,ANP2.2,
8710,CONCRD-D-4,D,4,3,,4392.7776,0,121.98096,129.382666,0.835524934,TO,ANP2.2,
8711,CONCRD-D-4,D,4,4,,5342.41248,0,304.8,130.5144428,0.839897638,TO,ANP2.2,
8712,CONCRD-D-4,D,4,5,,5647.21248,0,322.90512,130.6173316,0.517060367,CL,ANP2.2,
8713,CONCRD-D-4,D,4,6,,15600.45648,0,914.4,134.4242172,0.517060367,CL,ANP2.2,
8714,CONCRD-D-4,D,4,7,,15905.25648,0,949.05576,134.6814392,0.716548556,CL,ANP2.2,
8715,CONCRD-D-4,D,4,8,,22303.77048,0,1676.4,139.6201016,0.731824147,CL,ANP2.2,
8716,CONCRD-D-4,D,4,9,,28510.0776,0,2286.0,143.9414312,0.744044619,CL,ANP2.2,
8717,CONCRD-D-4,D,4,10,,37641.4284,0,3048.0,149.6517596,0.75932021,CL,ANP2.2,
8718,CONCRD-D-5,D,5,1,,0.0,0,0.0,18.00554,1.040761155,TO,ANP2.2,
8719,CONCRD-D-5,D,5,2,,2986.7352,0,0.0,110.091016,0.862585302,TO,ANP2.2,
8720,CONCRD-D-5,D,5,3,,4789.4748,0,121.82856,129.382666,0.835519685,TO,ANP2.2,
8721,CONCRD-D-5,D,5,4,,5854.50696,0,304.8,130.5144428,0.839897638,TO,ANP2.2,
8722,CONCRD-D-5,D,5,5,,6159.30696,0,321.53352,130.6173316,0.538057743,CL,ANP2.2,
8723,CONCRD-D-5,D,5,6,,16964.406,0,914.4,134.4242172,0.538057743,CL,ANP2.2,
8724,CONCRD-D-5,D,5,7,,17269.206,0,944.4228,134.6299948,0.716548556,CL,ANP2.2,
8725,CONCRD-D-5,D,5,8,,24702.88176,0,1676.4,139.6201016,0.731824147,CL,ANP2.2,
8726,CONCRD-D-5,D,5,9,,31956.17688,0,2286.0,143.9414312,0.744044619,CL,ANP2.2,
8727,CONCRD-D-5,D,5,10,,42804.4356,0,3048.0,149.6517596,0.75932021,CL,ANP2.2,
8728,CONCRD-D-6,D,6,1,,0.0,0,0.0,18.00554,1.040761155,TO,ANP2.2,
8729,CONCRD-D-6,D,6,2,,2986.7352,0,0.0,110.091016,0.862585302,TO,ANP2.2,
8730,CONCRD-D-6,D,6,3,,4789.4748,0,121.82856,129.382666,0.835519685,TO,ANP2.2,
8731,CONCRD-D-6,D,6,4,,5854.50696,0,304.8,130.5144428,0.839897638,TO,ANP2.2,
8732,CONCRD-D-6,D,6,5,,6159.30696,0,321.53352,130.6173316,0.538057743,CL,ANP2.2,
8733,CONCRD-D-6,D,6,6,,16964.406,0,914.4,134.4242172,0.538057743,CL,ANP2.2,
8734,CONCRD-D-6,D,6,7,,17269.206,0,944.4228,134.6299948,0.716548556,CL,ANP2.2,
8735,CONCRD-D-6,D,6,8,,24702.88176,0,1676.4,139.6201016,0.731824147,CL,ANP2.2,
8736,CONCRD-D-6,D,6,9,,31956.17688,0,2286.0,143.9414312,0.744044619,CL,ANP2.2,
8737,CONCRD-D-6,D,6,10,,42804.4356,0,3048.0,149.6517596,0.75932021,CL,ANP2.2,
8738,DC820-A-1,A,1,1,,-34895.6376,0,1828.8,128.611,0.043881857,AP,ANP2.2,
8739,DC820-A-1,A,1,2,,-17447.6664,0,914.4,64.819944,0.309198312,AP,ANP2.2,
8740,DC820-A-1,A,1,3,,-8723.9856,0,457.2,64.819944,0.311392405,AP,ANP2.2,
8741,DC820-A-1,A,1,4,,-5815.8888,0,304.8,64.819944,0.311392405,AP,ANP2.2,
8742,DC820-A-1,A,1,5,,0.0,0,0.0,64.819944,0.311392405,AP,ANP2.2,
8743,DC820-A-1,A,1,6,,149.9616,0,0.0,64.819944,0.4,AP,ANP2.2,
8744,DC820-A-1,A,1,7,,1499.616,0,0.0,15.43332,0.1,AP,ANP2.2,
8745,DC820-D-1,D,1,1,,0.0,0,0.0,18.00554,1.0,TO,ANP2.2,
8746,DC820-D-1,D,1,2,,1278.0264,0,0.0,73.565492,1.0,TO,ANP2.2,
8747,DC820-D-1,D,1,3,,3201.0096,0,304.8,73.565492,1.0,TO,ANP2.2,
8748,DC820-D-1,D,1,4,,7586.472,0,745.8456,99.287692,1.0,CL,ANP2.2,
8749,DC820-D-1,D,1,5,,7891.272,0,792.7848,99.287692,0.899578059,CL,ANP2.2,
8750,DC820-D-1,D,1,6,,8679.4848,0,914.4,99.287692,0.899578059,CL,ANP2.2,
8751,DC820-D-1,D,1,7,,12868.0464,0,1195.1208,128.611,0.899578059,CL,ANP2.2,
8752,DC820-D-1,D,1,8,,16486.632,0,1676.4,128.611,0.899578059,CL,ANP2.2,
8753,DC820-D-1,D,1,9,,21536.5584,0,2286.0,128.611,0.899578059,CL,ANP2.2,
8754,DC820-D-1,D,1,10,,28703.6256,0,3048.0,128.611,0.899578059,CL,ANP2.2,
8755,DC820-D-2,D,2,1,,0.0,0,0.0,18.00554,1.0,TO,ANP2.2,
8756,DC820-D-2,D,2,2,,1423.7208,0,0.0,75.108824,1.0,TO,ANP2.2,
8757,DC820-D-2,D,2,3,,3533.8512,0,304.8,75.108824,1.0,TO,ANP2.2,
8758,DC820-D-2,D,2,4,,8454.2376,0,757.1232,100.831024,1.0,CL,ANP2.2,
8759,DC820-D-2,D,2,5,,8759.0376,0,800.4048,100.831024,0.899578059,CL,ANP2.2,
8760,DC820-D-2,D,2,6,,9557.9184,0,914.4,100.831024,0.899578059,CL,ANP2.2,
8761,DC820-D-2,D,2,7,,13854.684,0,1181.4048,128.611,0.899578059,CL,ANP2.2,
8762,DC820-D-2,D,2,8,,17871.3384,0,1676.4,128.611,0.899578059,CL,ANP2.2,
8763,DC820-D-2,D,2,9,,23338.8408,0,2286.0,128.611,0.899578059,CL,ANP2.2,
8764,DC820-D-2,D,2,10,,31123.128,0,3048.0,128.611,0.899578059,CL,ANP2.2,
8765,DC820-D-3,D,3,1,,0.0,0,0.0,18.00554,1.0,TO,ANP2.2,
8766,DC820-D-3,D,3,2,,1657.5024,0,0.0,77.681044,1.0,TO,ANP2.2,
8767,DC820-D-3,D,3,3,,4075.176,0,304.8,77.681044,1.0,TO,ANP2.2,
8768,DC820-D-3,D,3,4,,9326.2704,0,705.3072,103.403244,1.0,CL,ANP2.2,
8769,DC820-D-3,D,3,5,,9631.0704,0,744.3216,103.403244,0.899578059,CL,ANP2.2,
8770,DC820-D-3,D,3,6,,10958.1696,0,914.4,103.403244,0.899578059,CL,ANP2.2,
8771,DC820-D-3,D,3,7,,15119.604,0,1133.2464,128.611,0.899578059,CL,ANP2.2,
8772,DC820-D-3,D,3,8,,20025.9696,0,1676.4,128.611,0.899578059,CL,ANP2.2,
8773,DC820-D-3,D,3,9,,26159.7648,0,2286.0,128.611,0.899578059,CL,ANP2.2,
8774,DC820-D-3,D,3,10,,34936.4808,0,3048.0,128.611,0.899578059,CL,ANP2.2,
8775,DC820-D-4,D,4,1,,0.0,0,0.0,18.00554,1.0,TO,ANP2.2,
8776,DC820-D-4,D,4,2,,1996.7448,0,0.0,80.767708,1.0,TO,ANP2.2,
8777,DC820-D-4,D,4,3,,4881.9816,0,304.8,80.767708,1.0,TO,ANP2.2,
8778,DC820-D-4,D,4,4,,12057.5832,0,787.6032,106.489908,1.0,CL,ANP2.2,
8779,DC820-D-4,D,4,5,,12362.3832,0,821.436,106.489908,0.899578059,CL,ANP2.2,
8780,DC820-D-4,D,4,6,,13201.4976,0,914.4,106.489908,0.899578059,CL,ANP2.2,
8781,DC820-D-4,D,4,7,,17573.244,0,1122.2736,128.611,0.899578059,CL,ANP2.2,
8782,DC820-D-4,D,4,8,,23335.1832,0,1676.4,128.611,0.899578059,CL,ANP2.2,
8783,DC820-D-4,D,4,9,,30440.0712,0,2286.0,128.611,0.899578059,CL,ANP2.2,
8784,DC820-D-4,D,4,10,,40682.2656,0,3048.0,128.611,0.899578059,CL,ANP2.2,
8785,DC820-D-5,D,5,1,,0.0,0,0.0,18.00554,1.0,TO,ANP2.2,
8786,DC820-D-5,D,5,2,,2468.2704,0,0.0,84.368816,1.0,TO,ANP2.2,
8787,DC820-D-5,D,5,3,,6056.9856,0,304.8,84.368816,1.0,TO,ANP2.2,
8788,DC820-D-5,D,5,4,,14931.5424,0,771.7536,110.091016,1.0,CL,ANP2.2,
8789,DC820-D-5,D,5,5,,15236.3424,0,800.4048,110.091016,0.899578059,CL,ANP2.2,
8790,DC820-D-5,D,5,6,,16447.6176,0,914.4,110.091016,0.899578059,CL,ANP2.2,
8791,DC820-D-5,D,5,7,,20613.0144,0,1074.1152,128.611,0.899578059,CL,ANP2.2,
8792,DC820-D-5,D,5,8,,27991.0032,0,1676.4,128.611,0.899578059,CL,ANP2.2,
8793,DC820-D-5,D,5,9,,36465.6624,0,2286.0,128.611,0.899578059,CL,ANP2.2,
8794,DC820-D-5,D,5,10,,48814.9392,0,3048.0,128.611,0.899578059,CL,ANP2.2,
8795,DC820-D-6,D,6,1,,0.0,0,0.0,18.00554,1.0,TO,ANP2.2,
8796,DC820-D-6,D,6,2,,2875.1784,0,0.0,87.45548,1.0,TO,ANP2.2,
8797,DC820-D-6,D,6,3,,7154.2656,0,304.8,87.45548,1.0,TO,ANP2.2,
8798,DC820-D-6,D,6,4,,18567.8064,0,827.8368,113.17768,1.0,CL,ANP2.2,
8799,DC820-D-6,D,6,5,,18872.6064,0,853.1352,113.17768,0.899578059,CL,ANP2.2,
8800,DC820-D-6,D,6,6,,19615.404,0,914.4,113.17768,0.899578059,CL,ANP2.2,
8801,DC820-D-6,D,6,7,,23572.0128,0,1047.5976,128.611,0.899578059,CL,ANP2.2,
8802,DC820-D-6,D,6,8,,32320.6872,0,1676.4,128.611,0.899578059,CL,ANP2.2,
8803,DC820-D-6,D,6,9,,42040.7592,0,2286.0,128.611,0.899578059,CL,ANP2.2,
8804,DC820-D-6,D,6,10,,56347.1568,0,3048.0,128.611,0.899578059,CL,ANP2.2,
8805,PA28-A-1,A,1,1,,-34895.57664,0,1828.8,70.8903832,4.5,AP,ANP2.2,
8806,PA28-A-1,A,1,2,,-8723.89416,0,457.2,49.9525124,4.5,AP,ANP2.2,
8807,PA28-A-1,A,1,3,,-5815.91928,0,304.8,44.3965172,4.0,AP,ANP2.2,
8808,PA28-A-1,A,1,4,,-2907.97488,0,152.4,36.268302,4.0,AP,ANP2.2,
8809,PA28-A-1,A,1,5,,0.0,0,0.0,32.409972,3.75,AP,ANP2.2,
8810,PA28-A-1,A,1,6,,17.43456,0,0.0,32.409972,3.75,AP,ANP2.2,
8811,PA28-A-1,A,1,7,,174.1932,0,0.0,5.14444,2.5,AP,ANP2.2,
8812,PA28-D-1,D,1,1,,0.0,0,0.0,16.462208,6.25,TO,ANP2.2,
8813,PA28-D-1,D,1,2,,304.8,0,0.0,25.7222,6.25,TO,ANP2.2,
8814,PA28-D-1,D,1,3,,533.4,0,15.24,28.29442,6.25,TO,ANP2.2,
8815,PA28-D-1,D,1,4,,1418.29536,0,54.5592,40.7439648,6.25,TO,ANP2.2,
8816,PA28-D-1,D,1,5,,6481.8768,0,457.2,41.5670752,6.25,TO,ANP2.2,
8817,PA28-D-1,D,1,6,,12593.60448,0,914.4,42.4930744,6.25,CL,ANP2.2,
8818,PA28-D-1,D,1,7,,26854.00776,0,1676.4,44.1392952,6.25,CL,ANP2.2,
8819,PA28-D-1,D,1,8,,38891.99232,0,2286.0,45.4768496,6.25,CL,ANP2.2,
8820,PA28-D-1,D,1,9,,62042.00952,0,3048.0,47.2774036,6.25,CL,ANP2.2,
8821,HELIPROF-A-1-STANDARD,A,1,1,2599.08216,26593.8,0,304.8,59.675,,S,,
8822,HELIPROF-A-1-STANDARD,A,1,2,2599.08216,1524.0,0,304.8,59.675,,L,,
8823,HELIPROF-A-1-STANDARD,A,1,3,2599.08216,1524.0,0,304.8,30.866,,B,,
8824,HELIPROF-A-1-STANDARD,A,1,4,2599.08216,1463.04,0,152.4,30.866,,A,,
8825,HELIPROF-A-1-STANDARD,A,1,5,2599.08216,1463.04,0,4.572,0.0,,C,,
8826,HELIPROF-A-1-STANDARD,A,1,6,2599.08216,868.68,0,0.0,0.0,,Y,,
8827,HELIPROF-A-1-STANDARD,A,1,7,2599.08216,0.0,0,0.0,0.0,,H,,
8828,HELIPROF-A-1-STANDARD,A,1,8,2599.08216,0.0,0,0.0,0.0,,G,,
8829,HELIPROF-D-1-STANDARD,D,1,1,2599.08216,0.0,0,0.0,0.0,,G,,
8830,HELIPROF-D-1-STANDARD,D,1,2,2599.08216,0.0,0,0.0,0.0,,H,,
8831,HELIPROF-D-1-STANDARD,D,1,3,2599.08216,0.0,0,4.572,0.0,,V,,
8832,HELIPROF-D-1-STANDARD,D,1,4,2599.08216,30.48,0,4.572,15.433,,E,,
8833,HELIPROF-D-1-STANDARD,D,1,5,2599.08216,152.4,0,9.144,30.86666664,,F,,
8834,HELIPROF-D-1-STANDARD,D,1,6,2599.08216,1066.8,0,304.8,30.86666664,,D,,
8835,HELIPROF-D-1-STANDARD,D,1,7,2599.08216,853.44,0,304.8,59.6755555,,E,,
8836,HELIPROF-D-1-STANDARD,D,1,8,2599.08216,28376.88,0,304.8,59.6755555,,L,,
