oid,icao,ac_group_code,ac_group,manufacturer,name,class,mtow,engine_count,engine_name,engine,departure_profile,arrival_profile,bada_id,wake_category,apu_id
1,A1,PP,PROPELLER,DOUGLAS,AD Skyraider,L1P/M,,1,PF01,PF01,PISTON-D-1,PISTON-A-1,P38,M,
2,A10,JM,JET MEDIUM,FAIRCHILD (1),A-10 Thunderbolt 2,L2J/M,,2,07P05GE220,07P05GE220,JET-MEDIUM-D-1,JET-MEDIUM-A-1,A10,M,
3,A124,JL,JET LARGE,ANTONOV,An-124 Ruslan,L4J/H,405000,4,1ZM001,1ZM001,JET-LARGE-D-7,JET-LARGE-A-1,A124,H,
4,A140,TP,TURBOPROP,ANTONOV,An-140,L2T/M,21500,2,13ZM004,13ZM004,TURBOPROP-D-6,TURBOPROP-A-1,A140,M,
5,A148,JR,JET REGIONAL,ANTONOV,An-148,L2J/M,39500,2,13ZM004,13ZM004,JET-REGIONAL-D-2,JET-REGIONAL-A-1,A148,M,TSCP 700 (142 HP)
6,A158,JM,JET MEDIUM,ANTONOV,An-158,L2J/M,43700,2,D-436-148 F2,13ZM004,JET-MEDIUM-D-2,JET-MEDIUM-A-1,A158,M,PW901A
7,A178,JM,JET MEDIUM,ANTONOV,An-178,L2J/M,52400,2,D-436-148 F1,13ZM003,JET-MEDIUM-D-3,JET-MEDIUM-A-1,E190,M,PW901A
8,A19N,JS,JET SMALL,AIRBUS,A-319neo,L2J/M,75500,2,LEAP-1A26/26E1,01P20CM128,JET-SMALL-D-4,JET-SMALL-A-1,A20N,M,131-9
9,A205,PP,PROPELLER,OSKBES-MAI,MAI-205,G1P/L,,1,PF03,PF03,PISTON-D-1,PISTON-A-1,P28U,L,
10,A20N,JS,JET SMALL,AIRBUS,A-320neo,L2J/M,79000,2,LEAP-1A26/26E1,01P20CM128,JET-SMALL-D-4,JET-SMALL-A-1,A20N,M,131-9
11,A21,PP,PROPELLER,AEROPRACT,A-21 Solo,L1P/L,,1,PF09,PF09,PISTON-D-1,PISTON-A-1,EV97,L,
12,A210,PP,PROPELLER,AQUILA,AT-01,L1P/L,700,1,PF05,PF05,PISTON-D-1,PISTON-A-1,C162,L,
13,A21N,JS,JET SMALL,AIRBUS,A-321neo,L2J/M,97000,2,01P20CM132,01P20CM132,JET-SMALL-D-6,JET-SMALL-A-1,A21N,M,131-9
14,A22,PP,PROPELLER,SADLER,A-22 Piranha,L1P/L,,1,PF09,PF09,PISTON-D-1,PISTON-A-1,DR40,L,
15,A225,JL,JET LARGE,ANTONOV,An-225 Mriya,L6J/H,600000,6,1ZM001,1ZM001,JET-LARGE-D-7,JET-LARGE-A-1,A124,H,
16,A23,PP,PROPELLER,AEROPRACT,A-23 Dragon,L1P/L,,1,PF09,PF09,PISTON-D-1,PISTON-A-1,SVNH,L,
17,A270,TP,TURBOPROP,AERO,Ae-270 Propjet,L1T/L,3300,1,B004,B004,TURBOPROP-D-1,TURBOPROP-A-1,F406,L,
18,A3,JM,JET MEDIUM,DOUGLAS,A-3 Skywarrior,L2J/M,,2,1RR017,1RR017,JET-MEDIUM-D-1,JET-MEDIUM-A-1,A10,M,
19,A306,JM,JET MEDIUM,AIRBUS,A-300B4-600,L2J/H,165000,2,2GE036,2GE036,JET-MEDIUM-D-6,JET-MEDIUM-A-1,A306,H,GTCP331-200ER (143 HP)
20,A30B,JM,JET MEDIUM,AIRBUS,A-300B2,L2J/H,165000,2,3GE070,3GE070,JET-MEDIUM-D-6,JET-MEDIUM-A-1,A30B,H,GTCP331-200ER (143 HP)
21,A310,JM,JET MEDIUM,AIRBUS,A-310,L2J/H,164000,2,1GE013,1GE013,JET-MEDIUM-D-6,JET-MEDIUM-A-1,A310,H,GTCP331-200ER (143 HP)
22,A318,JS,JET SMALL,AIRBUS,A-318,L2J/M,66000,2,CFM56-5B8/P,7CM048,JET-SMALL-D-3,JET-SMALL-A-1,A318,M,GTCP 36-300 (80HP)
23,A319,JS,JET SMALL,AIRBUS,A-319,L2J/M,64000,2,01P08CM106,01P08CM106,JET-SMALL-D-3,JET-SMALL-A-1,A319,M,GTCP 36-300 (80HP)
24,A320,JS,JET SMALL,AIRBUS,A-320,L2J/M,75000,2,1CM008,1CM008,JET-SMALL-D-4,JET-SMALL-A-1,A320,M,GTCP 36-300 (80HP)
25,A321,JS,JET SMALL,AIRBUS,A-321,L2J/M,89000,2,2CM012,2CM012,JET-SMALL-D-5,JET-SMALL-A-1,A321,M,GTCP 36-300 (80HP)
26,A33,PP,PROPELLER,AEROPRACT,A-33,L1P/L,800,1,PF05,PF05,PISTON-D-1,PISTON-A-1,C150,L,
27,A332,JM,JET MEDIUM,AIRBUS,A-330-200,L2J/H,233000,2,2GE051,2GE051,JET-MEDIUM-D-7,JET-MEDIUM-A-1,A332,H,GTCP 36-300 (80HP)
28,A333,JM,JET MEDIUM,AIRBUS,A-330-300,L2J/H,212000,2,2GE051,2GE051,JET-MEDIUM-D-7,JET-MEDIUM-A-1,A333,H,GTCP 331-350
29,A337,JL,JET LARGE,AIRBUS,A-330-700 Beluga XL,L2J/H,227000,2,TRENT 772,01P14RR102,JET-LARGE-D-4,JET-LARGE-A-1,B788,H,GTCP 331-350
30,A338,JL,JET LARGE,AIRBUS,A-330-800,L2J/H,251000,2,04P24RR146,04P24RR146,JET-LARGE-D-5,JET-LARGE-A-1,A339,H,GTCP 331-350
31,A339,JL,JET LARGE,AIRBUS,A-330-900,L2J/H,251000,2,04P24RR146,04P24RR146,JET-LARGE-D-5,JET-LARGE-A-1,A339,H,GTCP 331-350
32,A342,JL,JET LARGE,AIRBUS,A-340-200,L4J/H,260000,4,CFM56-5C2,1CM010,JET-LARGE-D-5,JET-LARGE-A-1,A342,H,GTCP 331-350
33,A343,JL,JET LARGE,AIRBUS,A-340-300,L4J/H,275000,4,1CM010,1CM010,JET-LARGE-D-5,JET-LARGE-A-1,A343,H,GTCP 331-350
34,A345,JL,JET LARGE,AIRBUS,A-340-500,L4J/H,365000,4,TRENT 553-61,8RR044,JET-LARGE-D-6,JET-LARGE-A-1,A345,H,GTCP 331-350
35,A346,JL,JET LARGE,AIRBUS,A-340-600,L4J/H,365000,4,TRENT 556-61,8RR045,JET-LARGE-D-6,JET-LARGE-A-1,A346,H,GTCP 331-350
36,A358,JM,JET MEDIUM,,,,,2,01P18RR121,01P18RR121,JET-MEDIUM-D-1,JET-MEDIUM-A-1,A359,,
37,A359,JM,JET MEDIUM,AIRBUS,A-350-900 XWB,L2J/H,268000,2,TRENT XWB-84,01P18RR124,JET-MEDIUM-D-7,JET-MEDIUM-A-1,A359,H,GTCP331-500 (143 HP)
38,A35K,JL,JET LARGE,AIRBUS,A-350-1000 XWB,L2J/H,265000,2,RR TrentXWB-97,01P21RR125,JET-LARGE-D-5,JET-LARGE-A-1,A35K,H,GTCP331-500 (143 HP)
39,A37,JS,JET SMALL,CESSNA,318D Dragonfly,L2J/L,,2,1PW037,1PW037,JET-MEDIUM-D-1,JET-MEDIUM-A-1,L39,L,
40,A388,JL,JET LARGE,AIRBUS,A-380-800,L4J/J,560000,4,TRENT 970-84,01P18RR103,JET-LARGE-D-7,JET-LARGE-A-1,A388,J,GTCP331-500 (143 HP)
41,A3ST,JL,JET LARGE,AIRBUS,A-300ST Beluga,L2J/H,150000,2,CF6-80C2A8,2GE040,JET-LARGE-D-3,JET-LARGE-A-1,A3ST,H,GTCP331-500 (143 HP)
42,A4,JS,JET SMALL,DOUGLAS,A-4 Skyhawk,L1J/M,,1,07P05GE220,07P05GE220,JET-MEDIUM-D-1,JET-MEDIUM-A-1,HAWK,M,
43,A400,TP,TURBOPROP,AIRBUS,A-400M Grizzly,L4T/H,130000,4,FOI-85,FOI-85,TURBOPROP-D-6,TURBOPROP-A-1,IL76,H,T-62T-47C1
44,A5,PP,PROPELLER,ICON,A-5,A1P/L,500,1,PF05,PF05,PISTON-D-1,PISTON-A-1,MAGC,L,
45,A50,JL,JET LARGE,BERIEV,A-50,L4J/H,190000,4,D-30KP-2,1AA002,JET-LARGE-D-3,JET-LARGE-A-1,IL76,H,
46,A500,PP,PROPELLER,ADAM (2),A-500,L2P/L,,2,P003,P003,PISTON-D-1,PISTON-A-1,B58T,L,
47,A6,JM,JET MEDIUM,GRUMMAN,A-6 Intruder,L2J/M,,2,07P05GE220,07P05GE220,JET-MEDIUM-D-1,JET-MEDIUM-A-1,A10,M,
48,A660,TP,TURBOPROP,AYRES,S-2R-T660 Turbo Thrush,L1T/L,5600,1,FOI-95,FOI-95,TURBOPROP-D-2,TURBOPROP-A-1,AN28,L,
49,A7,JM,JET MEDIUM,,,,,1,8RR043,8RR043,JET-MEDIUM-D-1,JET-MEDIUM-A-1,F16,,
50,A743,JR,JET REGIONAL,ANTONOV,An-74-300,L2J/M,37500,2,D-36,1ZM001,JET-REGIONAL-D-2,JET-REGIONAL-A-1,A158,M,
51,A748,TP,TURBOPROP,AIL,748,L2T/M,21000,2,T601,T601,TURBOPROP-D-6,TURBOPROP-A-1,F27,M,GTCP 36 (80HP)
52,A900,PP,PROPELLER,AVIATIKA,Acrobat,L1P/L,,1,PF01,PF01,PISTON-D-1,PISTON-A-1,RV8,L,
53,AA1,PP,PROPELLER,AMERICAN,AA-1 Tr2,L1P/L,700,1,P011,P011,PISTON-D-1,PISTON-A-1,C162,L,
54,AA5,PP,PROPELLER,AMERICAN,AA-5 Traveler,L1P/L,1000,1,PF02,PF02,PISTON-D-1,PISTON-A-1,P28A,L,
55,AC10,PP,PROPELLER,FD-COMPOSITES,ArrowCopter,G1P/L,,1,PF04,PF04,PISTON-D-1,PISTON-A-1,C162,L,
56,AC11,PP,PROPELLER,COMMANDER,Commander 114,L1P/L,1500,1,PF12,PF12,PISTON-D-1,PISTON-A-1,M20T,L,
57,AC50,PP,PROPELLER,AERO,Commander 500,L2P/L,3000,2,PF11,PF11,PISTON-D-2,PISTON-A-1,DA62,L,
58,AC52,PP,PROPELLER,AERO (1),Commander 520,L2P/L,,2,PF12,PF12,PISTON-D-1,PISTON-A-1,DA62,L,
59,AC56,PP,PROPELLER,AERO,Commander 560,L2P/L,3400,2,P002,P002,PISTON-D-2,PISTON-A-1,C340,L,
60,AC5A,PP,PROPELLER,NANJING,AC-500 Aircar,L1P/L,1500,1,P121,P121,PISTON-D-1,PISTON-A-1,C182,L,
61,AC68,PP,PROPELLER,AERO,Commander 680 Super,L2P/L,4000,2,P003,P003,PISTON-D-2,PISTON-A-1,C421,L,
62,AC6L,PP,PROPELLER,AERO COMMANDER,COMMANDER 680FL Grand Commander,L2P/L,4100,2,PF12,PF12,PISTON-D-2,PISTON-A-1,C414,L,
63,AC72,PP,PROPELLER,AERO (1),Commander 720 Alti Cruiser,L2P/L,,2,P121,P121,PISTON-D-1,PISTON-A-1,C421,L,
64,AC80,TP,TURBOPROP,AERO COMMANDER,COMMANDER 680T Turbo Commander,L2T/L,5000,2,FOI-113,FOI-113,TURBOPROP-D-2,TURBOPROP-A-1,BE99,L,
65,AC90,TP,TURBOPROP,GULFSTREAM AEROSPACE,AEROSPACE 690 Jetprop Commander 840,L2T/L,4600,2,FOI-115,FOI-115,TURBOPROP-D-1,TURBOPROP-A-1,PAY2,L,
66,AC95,TP,TURBOPROP,GULFSTREAM AEROSPACE,AEROSPACE 695 Jetprop Commander 980,L2T/L,5000,2,FOI-103,FOI-103,TURBOPROP-D-2,TURBOPROP-A-1,PAY3,L,
67,AE45,PP,PROPELLER,AERO (2),45,L2P/L,,2,P121,P121,PISTON-D-1,PISTON-A-1,C82S,L,
68,AERK,PP,PROPELLER,AERONCA,K Scout,L1P/L,,1,PF09,PF09,PISTON-D-1,PISTON-A-1,SVNH,L,
69,AEST,PP,PROPELLER,AEROSTAR,600,L2P/L,2700,2,P121,P121,PISTON-D-1,PISTON-A-1,BE58,L,
70,AFOX,PP,PROPELLER,HALLEY,Apollo Fox,L1P/L,,1,PF06,PF06,PISTON-D-1,PISTON-A-1,SVNH,L,
71,AJ27,JR,JET REGIONAL,COMAC,ARJ-21-700 Xiangfeng,L2J/M,40700,2,07P27GE229,07P27GE229,JET-REGIONAL-D-3,JET-REGIONAL-A-1,A148,M,
72,AJET,JM,JET MEDIUM,AOI,Alpha Jet,L2J/M,,2,1PW037,1PW037,JET-MEDIUM-D-1,JET-MEDIUM-A-1,AJET,M,
73,ALC1,PP,PROPELLER,ALTAIR COELHO,AC-11,L1P/L,,1,PF06,PF06,PISTON-D-1,PISTON-A-1,SVNH,L,
74,ALIG,PP,PROPELLER,ARION,Lightning,L1P/L,,1,PF04,PF04,PISTON-D-1,PISTON-A-1,E300,L,
75,ALSL,PP,PROPELLER,AIRLONY,Skylane,L1P/L,,1,PF06,PF06,PISTON-D-1,PISTON-A-1,EV97,L,
76,AMX,JS,JET SMALL,AERITALIA,AMX Ghibli,L1J/M,,1,8RR043,8RR043,JET-MEDIUM-D-1,JET-MEDIUM-A-1,AJET,M,
77,AN12,TP,TURBOPROP,ANTONOV,An-12,L4T/M,61000,4,FOI-5,FOI-5,TURBOPROP-D-6,TURBOPROP-A-1,AN12,M,
78,AN2,PP,PROPELLER,AICSA,An-2,L1P/L,,1,P004,P004,PISTON-D-1,PISTON-A-1,C188,L,
79,AN22,TP,TURBOPROP,ANTONOV,An-22 Antheus,L4T/H,250000,4,T601,T601,TURBOPROP-D-6,TURBOPROP-A-1,AN12,H,
80,AN24,TP,TURBOPROP,ANTONOV,An-24,L2T/M,21000,2,FOI-5,FOI-5,TURBOPROP-D-6,TURBOPROP-A-1,AN24,M,
81,AN26,TP,TURBOPROP,ANTONOV,An-26,L2T/M,23000,2,FOI-5,FOI-5,TURBOPROP-D-6,TURBOPROP-A-1,AN30,M,
82,AN28,TP,TURBOPROP,ANTONOV,An-28,L2T/L,7000,2,B134,B134,TURBOPROP-D-2,TURBOPROP-A-1,AN28,L,
83,AN3,TP,TURBOPROP,ANTONOV,An-3,L1T/L,,1,B134,B134,TURBOPROP-D-1,TURBOPROP-A-1,Q9,L,
84,AN30,TP,TURBOPROP,ANTONOV,An-30,L2T/M,23000,2,FOI-5,FOI-5,TURBOPROP-D-6,TURBOPROP-A-1,AN30,M,
85,AN32,TP,TURBOPROP,ANTONOV,An-32,L2T/M,27000,2,T601,T601,TURBOPROP-D-6,TURBOPROP-A-1,AN32,M,
86,AN38,TP,TURBOPROP,ANTONOV,An-38,L2T/M,,2,B134,B134,TURBOPROP-D-1,TURBOPROP-A-1,AN38,M,
87,AN70,TP,TURBOPROP,ANTONOV,An-70,L4T/M,,4,T601,T601,TURBOPROP-D-1,TURBOPROP-A-1,C130,M,
88,AN72,JR,JET REGIONAL,ANTONOV,An-72,L2J/M,34500,2,D-36,1ZM001,JET-REGIONAL-D-2,JET-REGIONAL-A-1,F28,M,
89,ANGL,PP,PROPELLER,ANGEL,44 Angel,L2P/L,2600,2,PF01,PF01,PISTON-D-1,PISTON-A-1,DA50,L,
90,AP28,PP,PROPELLER,AEROPRAKT,A-28 Victor,L2P/L,1000,2,PF10,PF10,PISTON-D-1,PISTON-A-1,DV20,L,
91,AP32,PP,PROPELLER,AEROPRAKT,A-32 Vixxen,L1P/L,,1,PF05,PF05,PISTON-D-1,PISTON-A-1,C162,L,
92,APM2,PP,PROPELLER,ISSOIRE,APM-20 Lionceau,L1P/L,600,1,PF06,PF06,PISTON-D-1,PISTON-A-1,C150,L,
93,APM3,PP,PROPELLER,ISSOIRE,APM-30 Lion,L1P/L,,1,PF05,PF05,PISTON-D-1,PISTON-A-1,C150,L,
94,APM4,PP,PROPELLER,ISSOIRE,APM-40 Simba,L1P/L,,1,PF04,PF04,PISTON-D-1,PISTON-A-1,P28A,L,
95,APUP,PP,PROPELLER,SUPAPUP,Aeropup,L1P/L,,1,PF06,PF06,PISTON-D-1,PISTON-A-1,MAGC,L,
96,AR11,PP,PROPELLER,AERONCA,11 Chief,L1P/L,,1,PF06,PF06,PISTON-D-1,PISTON-A-1,MAGC,L,
97,AR15,PP,PROPELLER,AERONCA,15 Sedan,L1P/L,,1,PF06,PF06,PISTON-D-1,PISTON-A-1,DV20,L,
98,AR50,PP,PROPELLER,AERONCA,50 Chief,L1P/L,,1,PF09,PF09,PISTON-D-1,PISTON-A-1,SVNH,L,
99,AR5T,PP,PROPELLER,AERONCA,50 Tandem,L1P/L,,1,PF09,PF09,PISTON-D-1,PISTON-A-1,SVNH,L,
100,AR65,PP,PROPELLER,AERONCA,65 Super Chief,L1P/L,,1,PF09,PF09,PISTON-D-1,PISTON-A-1,SVNH,L,
101,AR6T,PP,PROPELLER,AERONCA,60 Tandem,L1P/L,,1,PF09,PF09,PISTON-D-1,PISTON-A-1,SVNH,L,
102,ARVA,TP,TURBOPROP,IAI,101 Arava,L2T/L,6800,2,B004,B004,TURBOPROP-D-2,TURBOPROP-A-1,DHC6,L,
103,AS02,PP,PROPELLER,FFA,AS-202-15 Bravo,L1P/L,1000,1,PF04,PF04,PISTON-D-1,PISTON-A-1,DR40,L,
104,AS14,PP,PROPELLER,SCHLEICHER,ASK-14,L1P/L,,1,PF09,PF09,PISTON-D-1,PISTON-A-1,SF25,L,
105,AS22,PP,PROPELLER,,,,,1,PF09,PF09,PISTON-D-1,PISTON-A-1,SF25,,
106,ASTO,PP,PROPELLER,TECNAM,Astore,L1P/L,,1,PF05,PF05,PISTON-D-1,PISTON-A-1,C162,L,
107,ASTR,JB,JET BUSINESS,IAI,AEROSPACE Gulfstream G100,L2J/M,10600,2,TFE731-3,1AS002,JET-BUSINESS-D-4,JET-BUSINESS-A-1,G150,M,GTCP 36-150
108,AT2P,PP,PROPELLER,AIR TRACTOR,AT-250,L1P/L,,1,P004,P004,PISTON-D-1,PISTON-A-1,C188,L,
109,AT3,JM,JET MEDIUM,AIDC,AT-3 Tzu-Chung,L2J/M,12700,2,TFE731-3,1AS002,JET-MEDIUM-D-1,JET-MEDIUM-A-1,AJET,M,
110,AT3P,PP,PROPELLER,AIR TRACTOR,AT-300,L1P/L,,1,P004,P004,PISTON-D-1,PISTON-A-1,C188,L,
111,AT3T,TP,TURBOPROP,AIR TRACTOR,TRACTOR AT-302,L1T/L,4100,1,FOI-17,FOI-17,TURBOPROP-D-1,TURBOPROP-A-1,DHC6,L,
112,AT43,TP,TURBOPROP,ATR,ATR-42-300,L2T/M,16700,2,FOI-65,FOI-65,TURBOPROP-D-5,TURBOPROP-A-1,AT43,M,
113,AT44,TP,TURBOPROP,ATR,ATR-42-400,L2T/M,17000,2,FOI-68,FOI-68,TURBOPROP-D-5,TURBOPROP-A-1,AT45,M,
114,AT45,TP,TURBOPROP,ATR,ATR-42-500,L2T/M,18600,2,FOI-81,FOI-81,TURBOPROP-D-5,TURBOPROP-A-1,AT45,M,
115,AT46,TP,TURBOPROP,ATR,ATR-42-600,L2T/M,18600,2,FOI-77,FOI-77,TURBOPROP-D-5,TURBOPROP-A-1,AT45,M,
116,AT5T,TP,TURBOPROP,AIR TRACTOR,TRACTOR AT-502,L1T/L,4300,1,FOI-50,FOI-50,TURBOPROP-D-1,TURBOPROP-A-1,DHC6,L,
117,AT6T,TP,TURBOPROP,AIR TRACTOR,TRACTOR AT-602,L1T/L,5600,1,FOI-33,FOI-33,TURBOPROP-D-2,TURBOPROP-A-1,DHC6,L,
118,AT72,TP,TURBOPROP,ATR,ATR-72-201,L2T/M,21500,2,FOI-74,FOI-74,TURBOPROP-D-6,TURBOPROP-A-1,AT72,M,
119,AT73,TP,TURBOPROP,ATR,ATR-72-211,L2T/M,21500,2,FOI-74,FOI-74,TURBOPROP-D-6,TURBOPROP-A-1,AT73,M,
120,AT75,TP,TURBOPROP,ATR,ATR-72-500,L2T/M,22500,2,FOI-77,FOI-77,TURBOPROP-D-6,TURBOPROP-A-1,AT75,M,
121,AT76,TP,TURBOPROP,ATR,ATR-72-600,L2T/M,23000,2,FOI-82,FOI-82,TURBOPROP-D-6,TURBOPROP-A-1,AT76,M,
122,AT8T,TP,TURBOPROP,AIR TRACTOR,TRACTOR AT-802,L1T/L/M,7200,1,FOI-40,FOI-40,TURBOPROP-D-2,TURBOPROP-A-1,PC12,L/M,
123,ATL,PP,PROPELLER,ROBIN,ATL,L1P/L,,1,PF09,PF09,PISTON-D-1,PISTON-A-1,C150,L,
124,ATLA,TP,TURBOPROP,BREGUET,1150 Atlantic,L2T/M,,2,FOI-85,FOI-85,TURBOPROP-D-1,TURBOPROP-A-1,C160,M,
125,ATP,TP,TURBOPROP,BRITISH AEROSPACE,AEROSPACE ATP,L2T/M,23600,2,FOI-76,FOI-76,TURBOPROP-D-6,TURBOPROP-A-1,ATP,M,T62T27(65 HP)
126,B1,JL,JET LARGE,ROCKWELL,B-1 Lancer,L4J/H,,4,1PW015,1PW015,JET-MEDIUM-D-1,JET-MEDIUM-A-1,FGTL,H,
127,B103,PP,PROPELLER,BERIEV,Be-103 Bekas,A2P/L,2200,2,PF03,PF03,PISTON-D-1,PISTON-A-1,C188,L,
128,B13,PP,PROPELLER,,,,,1,PF09,PF09,PISTON-D-1,PISTON-A-1,DIMO,,
129,B17,PP,PROPELLER,BOEING,B-17 Flying Fortress,L4P/M,,4,P004,P004,PISTON-D-1,PISTON-A-1,P38,M,
130,B190,TP,TURBOPROP,BEECH,1900,L2T/M,7500,2,FOI-48,FOI-48,TURBOPROP-D-2,TURBOPROP-A-1,B190,M,
131,B2,JL,JET LARGE,NORTHROP,B-2 Spirit,L4J/H,,4,1PW015,1PW015,JET-MEDIUM-D-1,JET-MEDIUM-A-1,FGTL,H,
132,B209,PP,PROPELLER,BOLKOW,BO-209 Monsun,L1P/L,800,1,PF08,PF08,PISTON-D-1,PISTON-A-1,DR40,L,
133,B23,PP,PROPELLER,DOUGLAS,B-23 Dragon,L2P/M,,2,P004,P004,PISTON-D-1,PISTON-A-1,P38,M,
134,B24,PP,PROPELLER,CONSOLIDATED,B-24 Liberator,L4P/M,,4,P004,P004,PISTON-D-1,PISTON-A-1,P38,M,
135,B25,PP,PROPELLER,NORTH AMERICAN,B-25 Mitchell,L2P/M,,2,P004,P004,PISTON-D-1,PISTON-A-1,P38,M,
136,B26,PP,PROPELLER,DOUGLAS,A-26 Invader,L2P/M,,2,P004,P004,PISTON-D-1,PISTON-A-1,S2P,M,
137,B350,TP,TURBOPROP,BEECH,300 (B300) Super King Air 350,L2T/L/M,5600,2,FOI-32,FOI-32,TURBOPROP-D-2,TURBOPROP-A-1,B350,L/M,
138,B36T,TP,TURBOPROP,ALLISON,36 Turbine Bonanza,L1T/L,1700,1,FOI-32,FOI-32,TURBOPROP-D-1,TURBOPROP-A-1,E500,L,
139,B37M,JS,JET SMALL,BOEING,737 MAX 7,L2J/M,80200,2,LEAP-1B27,01P20CM136,JET-SMALL-D-5,JET-SMALL-A-1,B38M,M,131-9
140,B38M,JS,JET SMALL,BOEING,737 MAX 8,L2J/M,82100,2,LEAP-1B27,01P20CM136,JET-SMALL-D-5,JET-SMALL-A-1,B38M,M,131-9
141,B39M,JM,JET MEDIUM,BOEING,737 MAX 9,L2J/M,88300,2,01P20CM140,01P20CM140,JET-MEDIUM-D-4,JET-MEDIUM-A-1,B39M,M,131-9
142,B3XM,JM,JET MEDIUM,BOEING,737-10,L2J/M,,2,01P20CM140,01P20CM140,JET-MEDIUM-D-1,JET-MEDIUM-A-1,B39M,M,
143,B461,JR,JET REGIONAL,BRITISH AEROSPACE,AEROSPACE BAe-146-100,L4J/M,38100,4,ALF 502R-5,1TL003,JET-REGIONAL-D-2,JET-REGIONAL-A-1,B462,M,
144,B462,JR,JET REGIONAL,BRITISH AEROSPACE,AEROSPACE BAe-146-200,L4J/M,42100,4,ALF 502R-5,1TL003,JET-REGIONAL-D-3,JET-REGIONAL-A-1,B462,M,
145,B463,JR,JET REGIONAL,BRITISH AEROSPACE,AEROSPACE BAe-146-300,L4J/M,44200,4,ALF 502R-5,1TL003,JET-REGIONAL-D-3,JET-REGIONAL-A-1,B463,M,
146,B52,JL,JET LARGE,BOEING,B-52 Stratofortress,L8J/H,,8,07P27GE229,07P27GE229,JET-MEDIUM-D-1,JET-MEDIUM-A-1,FGTL,H,
147,B58T,PP,PROPELLER,BEECH,58P Pressurized Baron,L2P/L,2800,2,PF07,PF07,PISTON-D-1,PISTON-A-1,B58T,L,
148,B60,PP,PROPELLER,BOISAVIA,B-60 Mercurey,L1P/L,,1,PF10,PF10,PISTON-D-1,PISTON-A-1,DR40,L,
149,B609,TP,TURBOPROP,AGUSTAWESTLAND,AW-609,T2T/M,7600,2,T601,T601,TURBOPROP-D-2,TURBOPROP-A-1,JS32,M,
150,B701,JM,JET MEDIUM,BOEING,707-100,L4J/M,116500,4,JT3D-3B,1PW001,JET-MEDIUM-D-5,JET-MEDIUM-A-1,B703,M,
151,B703,JL,JET LARGE,BOEING,707-300,L4J/H,151300,4,JT3D-3B,1PW001,JET-LARGE-D-3,JET-LARGE-A-1,B703,H,GTCP 85 (200 HP)
152,B712,JR,JET REGIONAL,BOEING,717-200,L2J/M,54800,2,BR700-715A1-30,4BR005,JET-REGIONAL-D-4,JET-REGIONAL-A-1,B712,M,GTCP 85 (200 HP)
153,B720,JM,JET MEDIUM,BOEING,720,L4J/M,106100,4,1PW002,1PW002,JET-MEDIUM-D-5,JET-MEDIUM-A-1,B752,M,GTCP 85 (200 HP)
154,B721,JS,JET SMALL,BOEING,727-100,L3J/M,83000,3,3RR032,3RR032,JET-SMALL-D-5,JET-SMALL-A-1,B722,M,GTCP 85 (200 HP)
155,B722,JS,JET SMALL,BOEING,727-200,L3J/M,95000,3,1PW012,1PW012,JET-SMALL-D-6,JET-SMALL-A-1,B722,M,GTCP 85 (200 HP)
156,B731,JM,JET MEDIUM,,,,,2,8PW085,8PW085,JET-MEDIUM-D-1,JET-MEDIUM-A-1,T134,,
157,B732,JS,JET SMALL,BOEING,737-200,L2J/M,58700,2,1PW009,1PW009,JET-SMALL-D-2,JET-SMALL-A-1,B732,M,GTC 85
158,B733,JS,JET SMALL,BOEING,737-300,L2J/M,62800,2,CFM56-3-B1,1CM004,JET-SMALL-D-3,JET-SMALL-A-1,B733,M,GTC 85
159,B734,JS,JET SMALL,BOEING,737-400,L2J/M,68000,2,1CM005,1CM005,JET-SMALL-D-3,JET-SMALL-A-1,B734,M,GTC 85
160,B735,JS,JET SMALL,BOEING,737-500,L2J/M,60500,2,1CM007,1CM007,JET-SMALL-D-3,JET-SMALL-A-1,B735,M,GTC 85
161,B736,JS,JET SMALL,BOEING,737-600,L2J/M,65000,2,CFM56-7B20,3CM030,JET-SMALL-D-3,JET-SMALL-A-1,B736,M,GTC 85
162,B737,JS,JET SMALL,BOEING,737-700,L2J/M,70000,2,01P11CM116,01P11CM116,JET-SMALL-D-4,JET-SMALL-A-1,B737,M,131-9
163,B738,JS,JET SMALL,BOEING,737-800,L2J/M,78200,2,01P11CM121,01P11CM121,JET-SMALL-D-4,JET-SMALL-A-1,B738,M,131-9
164,B739,JS,JET SMALL,BOEING,737-900,L2J/M,78200,2,01P11CM116,01P11CM116,JET-SMALL-D-4,JET-SMALL-A-1,B739,M,131-9
165,B741,JL,JET LARGE,BOEING,747-100,L4J/H,340100,4,JT9D-7A,8PW087,JET-LARGE-D-6,JET-LARGE-A-1,B742,H,GTCP 660 (300 HP)
166,B742,JL,JET LARGE,BOEING,747-200,L4J/H,377800,4,CF6-50E2,3GE077,JET-LARGE-D-6,JET-LARGE-A-1,B742,H,GTCP 660 (300 HP)
167,B743,JL,JET LARGE,BOEING,747-300,L4J/H,377800,4,3GE077,3GE077,JET-LARGE-D-6,JET-LARGE-A-1,B743,H,GTCP 660 (300 HP)
168,B744,JL,JET LARGE,BOEING,747-400,L4J/H,396900,4,07P27GE218,07P27GE218,JET-LARGE-D-6,JET-LARGE-A-1,B744,H,GTCP 660 (300 HP)
169,B748,JL,JET LARGE,BOEING,747-8,L4J/H,442000,4,GENX-2B67,11GE139,JET-LARGE-D-7,JET-LARGE-A-1,B748,H,GTCP 660 (300 HP)
170,B74D,JM,JET MEDIUM,,,,,4,07P27GE218,07P27GE218,JET-MEDIUM-D-1,JET-MEDIUM-A-1,B743,,
171,B74R,JL,JET LARGE,BOEING,747SR,L4J/H,377800,4,JT9D-7A,8PW087,JET-LARGE-D-6,JET-LARGE-A-1,B742,H,GTCP 660 (300 HP)
172,B74S,JL,JET LARGE,BOEING,747SP,L4J/H,317500,4,8PW087,8PW087,JET-LARGE-D-6,JET-LARGE-A-1,B742,H,GTCP 660 (300 HP)
173,B752,JS,JET SMALL,BOEING,757-200,L2J/M,115600,2,RB211-535E4,5RR038,JET-SMALL-D-6,JET-SMALL-A-1,B752,M,GTCP331-200ER (143 HP)
174,B753,JS,JET SMALL,BOEING,757-300,L2J/M,123600,2,RB211-535E4B,5RR039,JET-SMALL-D-6,JET-SMALL-A-1,B753,M,GTCP331-200ER (143 HP)
175,B762,JM,JET MEDIUM,BOEING,767-200,L2J/H,175500,2,2GE042,2GE042,JET-MEDIUM-D-6,JET-MEDIUM-A-1,B762,H,GTCP331-200ER (143 HP)
176,B763,JM,JET MEDIUM,BOEING,767-300,L2J/H,175500,2,07P27GE219,07P27GE219,JET-MEDIUM-D-6,JET-MEDIUM-A-1,B763,H,GTCP331-200ER (143 HP)
177,B764,JM,JET MEDIUM,BOEING,767-400,L2J/H,204100,2,07P27GE219,07P27GE219,JET-MEDIUM-D-7,JET-MEDIUM-A-1,B764,H,GTCP331-200ER (143 HP)
178,B772,JL,JET LARGE,BOEING,777-200,L2J/H,242600,2,9GE128,9GE128,JET-LARGE-D-4,JET-LARGE-A-1,B772,H,GTCP331-500 (143 HP)
179,B773,JL,JET LARGE,BOEING,777-300,L2J/H,299300,2,TRENT 892,2RR027,JET-LARGE-D-5,JET-LARGE-A-1,B773,H,GTCP331-500 (143 HP)
180,B778,JL,JET LARGE,BOEING,777-8,L2J/H,,2,07P27GE240,07P27GE240,JET-MEDIUM-D-1,JET-MEDIUM-A-1,B77W,H,
181,B779,JL,JET LARGE,BOEING,777-9,L2J/H,351000,2,07P27GE240,07P27GE240,JET-LARGE-D-6,JET-LARGE-A-1,B77W,H,GTCP331-500 (143 HP)
182,B77L,JL,JET LARGE,BOEING,777-200LR,L2J/H,297800,2,07P27GE240,07P27GE240,JET-LARGE-D-5,JET-LARGE-A-1,B77L,H,GTCP331-500 (143 HP)
183,B77W,JL,JET LARGE,BOEING,777-300ER,L2J/H,351000,2,07P27GE240,07P27GE240,JET-LARGE-D-6,JET-LARGE-A-1,B77W,H,GTCP331-500 (143 HP)
184,B788,JL,JET LARGE,BOEING,787-8 Dreamliner,L2J/H,227000,2,GENX-1B64/P1,12GE150,JET-LARGE-D-4,JET-LARGE-A-1,B788,H,131-9
185,B789,JM,JET MEDIUM,BOEING,787-9 Dreamliner,L2J/H,245000,2,GENX-1B64/P1,12GE150,JET-MEDIUM-D-7,JET-MEDIUM-A-1,B789,H,131-9
186,B78X,JL,JET LARGE,BOEING,787-10 Dreamliner,L2J/H,252000,2,07P27GE234,07P27GE234,JET-LARGE-D-5,JET-LARGE-A-1,B78X,H,PW901A
187,BA11,JR,JET REGIONAL,BAC,111 One-Eleven,L2J/M,47400,2,SPEY MK511,8RR043,JET-REGIONAL-D-3,JET-REGIONAL-A-1,BA11,M,GTCP85-129 (200 HP)
188,BCS1,JM,JET MEDIUM,BOMBARDIER,A-220-100,L2J/M,61000,2,PW1524G,01P20PW183,JET-MEDIUM-D-3,JET-MEDIUM-A-1,B736,M,
189,BCS3,JM,JET MEDIUM,BOMBARDIER,A-220-300,L2J/M,68000,2,PW1521G,01P20PW184,JET-MEDIUM-D-3,JET-MEDIUM-A-1,A318,M,
190,BD17,PP,PROPELLER,BEDE,BD-17 Nuggett,L1P/L,500,1,PF09,PF09,PISTON-D-1,PISTON-A-1,EV97,L,
191,BDOG,PP,PROPELLER,BEAGLE,B-125 Bulldog,L1P/L,1000,1,PF03,PF03,PISTON-D-1,PISTON-A-1,DR40,L,
192,BE10,TP,TURBOPROP,BEECH,100 King Air,L2T/L,5200,2,B004,B004,TURBOPROP-D-2,TURBOPROP-A-1,F406,L,
193,BE12,TP,TURBOPROP,BERIEV,Be-12 Tchaika,A2T/M,31000,2,T601,T601,TURBOPROP-D-6,TURBOPROP-A-1,C27J,M,
194,BE17,PP,PROPELLER,BEECH,17 Staggerwing,L1P/L,,1,P121,P121,PISTON-D-1,PISTON-A-1,TB21,L,
195,BE18,PP,PROPELLER,BEECH,18 (piston),L2P/L,3900,2,P003,P003,PISTON-D-2,PISTON-A-1,DA62,L,
196,BE19,PP,PROPELLER,BEECH,19 Musketeer Sport,L1P/L,1000,1,PF02,PF02,PISTON-D-1,PISTON-A-1,P28A,L,
197,BE20,TP,TURBOPROP,BEECH,200 Super King Air,L2T/L/M,5700,2,FOI-25,FOI-25,TURBOPROP-D-2,TURBOPROP-A-1,BE20,L/M,
198,BE23,PP,PROPELLER,BEECH,23 Musketeer,L1P/L,1000,1,P111,P111,PISTON-D-1,PISTON-A-1,C172,L,
199,BE24,PP,PROPELLER,BEECH,24 Musketeer Super,L1P/L,1200,1,PF03,PF03,PISTON-D-1,PISTON-A-1,P06T,L,
200,BE30,TP,TURBOPROP,BEECH,300 Super King Air,L2T/L,6300,2,FOI-32,FOI-32,TURBOPROP-D-2,TURBOPROP-A-1,BE30,L,
201,BE32,TP,TURBOPROP,BERIEV,Be-30,L2T/M,7300,2,B134,B134,TURBOPROP-D-2,TURBOPROP-A-1,AN38,M,
202,BE33,PP,PROPELLER,BEECH,33 Bonanza,L1P/L,1400,1,P131,P131,PISTON-D-1,PISTON-A-1,C210,L,
203,BE35,PP,PROPELLER,BEECH,35 Bonanza,L1P/L,1200,1,PF12,PF12,PISTON-D-1,PISTON-A-1,C210,L,
204,BE36,PP,PROPELLER,BEECH,A36 Bonanza 36,L1P/L,1600,1,PF01,PF01,PISTON-D-1,PISTON-A-1,BE36,L,
205,BE40,JB,JET BUSINESS,BEECH,400 Beechjet,L2J/M,7300,2,JT15D-5-5A-5B,1PW037,JET-BUSINESS-D-2,JET-BUSINESS-A-1,BE40,M,
206,BE4W,JB,JET BUSINESS,BEECH,400XT Beechjet,L2J/M,7300,2,TFE731-2-2B,1AS001,JET-BUSINESS-D-2,JET-BUSINESS-A-1,BE40,M,
207,BE50,PP,PROPELLER,BEECH,50 Twin Bonanza,L2P/L,2700,2,P003,P003,PISTON-D-1,PISTON-A-1,C414,L,
208,BE55,PP,PROPELLER,BEECH,55 Baron,L2P/L,2200,2,P002,P002,PISTON-D-1,PISTON-A-1,BE55,L,
209,BE56,PP,PROPELLER,BEECH,56 Turbo Baron,L2P/L,2700,2,P121,P121,PISTON-D-1,PISTON-A-1,C340,L,
210,BE58,PP,PROPELLER,BEECH,58 Baron,L2P/L,2500,2,PF07,PF07,PISTON-D-1,PISTON-A-1,BE58,L,
211,BE60,PP,PROPELLER,BEECH,60 Duke,L2P/L,3000,2,P121,P121,PISTON-D-2,PISTON-A-1,C414,L,
212,BE65,PP,PROPELLER,BEECH,65 Queen Air,L2P/L,3500,2,P003,P003,PISTON-D-2,PISTON-A-1,C414,L,
213,BE70,PP,PROPELLER,BEECH,70 Queen Air,L2P/L,3700,2,P121,P121,PISTON-D-2,PISTON-A-1,C414,L,
214,BE76,PP,PROPELLER,BEECH,76 Duchess,L2P/L,1700,2,PF02,PF02,PISTON-D-1,PISTON-A-1,BE76,L,
215,BE77,PP,PROPELLER,BEECH,77 Skipper,L1P/L,800,1,PF04,PF04,PISTON-D-1,PISTON-A-1,C152,L,
216,BE80,PP,PROPELLER,BEECH,80 Queen Air,L2P/L,4000,2,PF12,PF12,PISTON-D-2,PISTON-A-1,C414,L,
217,BE88,PP,PROPELLER,BEECH,88 Queen Air,L2P/L,4000,2,PF12,PF12,PISTON-D-2,PISTON-A-1,C414,L,
218,BE95,PP,PROPELLER,BEECH,95 Travel Air,L2P/L,1800,2,PF02,PF02,PISTON-D-1,PISTON-A-1,BE76,L,
219,BE99,TP,TURBOPROP,BEECH,99 Airliner,L2T/L,4900,2,FOI-18,FOI-18,TURBOPROP-D-1,TURBOPROP-A-1,BE99,L,
220,BE9L,TP,TURBOPROP,BEECH,90 (A90) King Air,L2T/L,4300,2,FOI-19,FOI-19,TURBOPROP-D-1,TURBOPROP-A-1,BE9L,L,
221,BE9T,TP,TURBOPROP,BEECH,90 (F90) King Air,L2T/L,4900,2,FOI-16,FOI-16,TURBOPROP-D-1,TURBOPROP-A-1,BE9L,L,
222,BELF,TP,TURBOPROP,SHORT,SC-5 Belfast,L4T/M,104300,4,T601,T601,TURBOPROP-D-6,TURBOPROP-A-1,C130,M,
223,BER2,JR,JET REGIONAL,BERIEV,Be-200 Altair,A2J/M,42000,2,D-436-148 F2,13ZM004,JET-REGIONAL-D-3,JET-REGIONAL-A-1,BER2,M,
224,BIRD,PP,PROPELLER,TAYLOR (3),Bird,L1P/L,,1,PF09,PF09,PISTON-D-1,PISTON-A-1,SVNH,L,
225,BL17,PP,PROPELLER,BELLANCA,17 Super Viking,L1P/L,1400,1,PF01,PF01,PISTON-D-1,PISTON-A-1,TB21,L,
226,BL8,PP,PROPELLER,AMERICAN CHAMPION,CHAMPION 8 Scout,L1P/L,800,1,PF12,PF12,PISTON-D-1,PISTON-A-1,DR40,L,
227,BLCF,JL,JET LARGE,BOEING,747-400LCF Dreamlifter,L4J/H,364000,4,PW4056,1PW042,JET-LARGE-D-6,JET-LARGE-A-1,A346,H,GTCP 660 (300 HP)
228,BMAN,PP,PROPELLER,AAK,Bushman,L1P/L,,1,PF06,PF06,PISTON-D-1,PISTON-A-1,DV20,L,
229,BN2P,PP,PROPELLER,AVIONS FAIREY,FAIREY BN-2A Defender,L2P/L,2900,2,PF11,PF11,PISTON-D-1,PISTON-A-1,DA62,L,
230,BN2T,TP,TURBOPROP,BRITTEN-NORMAN,BN-2T Turbine Defender,L2T/L,3200,2,PF11,PF11,TURBOPROP-D-1,TURBOPROP-A-1,K100,L,
231,BR60,PP,PROPELLER,BRUMBY,Brumby,L1P/L,,1,PF05,PF05,PISTON-D-1,PISTON-A-1,C162,L,
232,BR61,PP,PROPELLER,BRUMBY,610 Evolution,L1P/L,,1,PF05,PF05,PISTON-D-1,PISTON-A-1,C162,L,
233,BRAV,PP,PROPELLER,TECNAM,P-2004 Bravo,L1P/L,600,1,PF05,PF05,PISTON-D-1,PISTON-A-1,C162,L,
234,BT36,PP,PROPELLER,BEECH,A36TC Bonanza,L1P/L,1700,1,PF01,PF01,PISTON-D-1,PISTON-A-1,S22T,L,
235,BTX1,JM,JET MEDIUM,,,,,1,8RR043,8RR043,JET-MEDIUM-D-1,JET-MEDIUM-A-1,L39,,
236,BUCA,PP,PROPELLER,ADVANCED AEROMARINE,Mallard,A1P/L,,1,PF09,PF09,PISTON-D-1,PISTON-A-1,SVNH,L,
237,BUSH,PP,PROPELLER,RAINBOW SKYREACH,BushCat,L1P/L,,1,PF05,PF05,PISTON-D-1,PISTON-A-1,SVNH,L,
238,BW60,PP,PROPELLER,BLACKWING,BW-600,L1P/L,600,1,PF05,PF05,PISTON-D-1,PISTON-A-1,C162,L,
239,BX2,PP,PROPELLER,BRANDLI,BX-2 Cherry,L1P/L,600,1,PF06,PF06,PISTON-D-1,PISTON-A-1,C162,L,
240,C02T,TP,TURBOPROP,AJI,Turbo Star 402,L2T/L,1700,2,FOI-11,FOI-11,TURBOPROP-D-1,TURBOPROP-A-1,E500,L,
241,C04T,TP,TURBOPROP,CESSNA,404 (turbine),L2T/L,,2,B004,B004,TURBOPROP-D-1,TURBOPROP-A-1,PAY1,L,
242,C06T,TP,TURBOPROP,CESSNA,206 (turbine),L1T/L,1600,1,FOI-11,FOI-11,TURBOPROP-D-1,TURBOPROP-A-1,P750,L,
243,C07T,TP,TURBOPROP,CESSNA,207 (turbine),L1T/L,1700,1,B004,B004,TURBOPROP-D-1,TURBOPROP-A-1,E500,L,
244,C1,JM,JET MEDIUM,KAWASAKI,C-1,L2J/M,,2,01P08GE193,01P08GE193,JET-MEDIUM-D-1,JET-MEDIUM-A-1,A10,M,
245,C101,JS,JET SMALL,CASA,C-101 Mirlo,L1J/L,,1,1AS001,1AS001,JET-MEDIUM-D-1,JET-MEDIUM-A-1,L39,L,
246,C10T,TP,TURBOPROP,ADVANCED AIRCRAFT,AIRCRAFT Spirit 750,L1T/L,1700,1,FOI-12,FOI-12,TURBOPROP-D-1,TURBOPROP-A-1,E500,L,
247,C119,PP,PROPELLER,FAIRCHILD (1),C-119 Flying Boxcar,L2P/M,,2,P004,P004,PISTON-D-1,PISTON-A-1,F27,M,
248,C120,PP,PROPELLER,CESSNA,120,L1P/L,600,1,PF06,PF06,PISTON-D-1,PISTON-A-1,C152,L,
249,C123,PP,PROPELLER,FAIRCHILD (1),C-123 Provider,L2P/M,,2,P004,P004,PISTON-D-1,PISTON-A-1,P38,M,
250,C125,PP,PROPELLER,,,,,3,P004,P004,PISTON-D-1,PISTON-A-1,S2P,,
251,C130,TP,TURBOPROP,LOCKHEED,Aya,L4T/M,,4,FOI-92,FOI-92,TURBOPROP-D-1,TURBOPROP-A-1,C130,M,
252,C133,TP,TURBOPROP,,,,,4,T601,T601,TURBOPROP-D-1,TURBOPROP-A-1,C130,,
253,C135,JL,JET LARGE,BOEING,NC-135,L4J/H,,4,1PW001,1PW001,JET-MEDIUM-D-1,JET-MEDIUM-A-1,B703,H,
254,C140,PP,PROPELLER,CESSNA,140,L1P/L,,1,PF06,PF06,PISTON-D-1,PISTON-A-1,C152,L,
255,C141,JM,JET MEDIUM,,,,,4,01P08CM109,01P08CM109,JET-MEDIUM-D-1,JET-MEDIUM-A-1,A310,,
256,C14T,TP,TURBOPROP,AJI,Turbo Star 414,L2T/L,,2,B004,B004,TURBOPROP-D-1,TURBOPROP-A-1,E500,L,
257,C15,JM,JET MEDIUM,MCDONNELL DOUGLAS,YC-15,L4J/M,,4,01P08CM109,01P08CM109,JET-MEDIUM-D-1,JET-MEDIUM-A-1,T154,M,
258,C150,PP,PROPELLER,AVIONES COLOMBIA,COLOMBIA 150,L1P/L,700,1,P011,P011,PISTON-D-1,PISTON-A-1,C150,L,
259,C152,PP,PROPELLER,AVIONES COLOMBIA,COLOMBIA 152,L1P/L,700,1,PF05,PF05,PISTON-D-1,PISTON-A-1,C152,L,
260,C160,TP,TURBOPROP,TRANSALL,C-160,L2T/M,,2,FOI-85,FOI-85,TURBOPROP-D-1,TURBOPROP-A-1,C160,M,
261,C162,PP,PROPELLER,CESSNA,162 Skycatcher,L1P/L,600,1,P011,P011,PISTON-D-1,PISTON-A-1,C162,L,
262,C17,JL,JET LARGE,BOEING,C-17 Globemaster 3,L4J/H,,4,1GE004,1GE004,JET-MEDIUM-D-1,JET-MEDIUM-A-1,B764,H,
263,C170,PP,PROPELLER,CESSNA,170,L1P/L,,1,PF08,PF08,PISTON-D-1,PISTON-A-1,C152,L,
264,C172,PP,PROPELLER,AVIONES COLOMBIA,COLOMBIA 172,L1P/L,1100,1,PF05,PF05,PISTON-D-1,PISTON-A-1,C172,L,
265,C175,PP,PROPELLER,CESSNA,175,L1P/L,1000,1,PF02,PF02,PISTON-D-1,PISTON-A-1,EV97,L,
266,C177,PP,PROPELLER,CESSNA,177,L1P/L,1100,1,PF02,PF02,PISTON-D-1,PISTON-A-1,C172,L,
267,C180,PP,PROPELLER,CESSNA,180,L1P/L,1200,1,PF11,PF11,PISTON-D-1,PISTON-A-1,C182,L,
268,C182,PP,PROPELLER,AVIONES COLOMBIA,COLOMBIA 182,L1P/L,1400,1,PF05,PF05,PISTON-D-1,PISTON-A-1,C182,L,
269,C185,PP,PROPELLER,AVIONES COLOMBIA,Super Cyclone,L1P/L,1500,1,PF01,PF01,PISTON-D-1,PISTON-A-1,C182,L,
270,C188,PP,PROPELLER,AVIONES COLOMBIA,COLOMBIA 188,L1P/L,1900,1,PF07,PF07,PISTON-D-1,PISTON-A-1,C188,L,
271,C190,PP,PROPELLER,CESSNA,190,L1P/L,,1,PF01,PF01,PISTON-D-1,PISTON-A-1,M20P,L,
272,C192,PP,PROPELLER,,,,,1,P001,P001,PISTON-D-1,PISTON-A-1,C162,,
273,C195,PP,PROPELLER,CESSNA,195,L1P/L,,1,PF01,PF01,PISTON-D-1,PISTON-A-1,C182,L,
274,C2,TP,TURBOPROP,GRUMMAN,C-2 Greyhound,L2T/M,,2,FOI-92,FOI-92,TURBOPROP-D-1,TURBOPROP-A-1,C160,M,
275,C205,PP,PROPELLER,CESSNA,205,L1P/L,1500,1,PF12,PF12,PISTON-D-1,PISTON-A-1,C206,L,
276,C206,PP,PROPELLER,AVIONES COLOMBIA,COLOMBIA 206,L1P/L,1600,1,PF05,PF05,PISTON-D-1,PISTON-A-1,C206,L,
277,C207,PP,PROPELLER,CESSNA,207 Skywagon 207,L1P/L,1600,1,PF01,PF01,PISTON-D-1,PISTON-A-1,C206,L,
278,C208,TP,TURBOPROP,CESSNA,208 Caravan 1,L1T/L,3900,1,FOI-13,FOI-13,TURBOPROP-D-1,TURBOPROP-A-1,C208,L,
279,C210,PP,PROPELLER,AVIONES COLOMBIA,COLOMBIA 210,L1P/L,1700,1,PF07,PF07,PISTON-D-1,PISTON-A-1,C210,L,
280,C212,TP,TURBOPROP,AIRBUS,C-212,L2T/M,8100,2,FOI-115,FOI-115,TURBOPROP-D-3,TURBOPROP-A-1,JS32,M,
281,C21T,TP,TURBOPROP,ADVANCED AIRCRAFT,AIRCRAFT Regent 1500,L2T/L,3300,2,FOI-16,FOI-16,TURBOPROP-D-1,TURBOPROP-A-1,PAY1,L,
282,C22J,JS,JET SMALL,CAPRONI VIZZOLA,C-22J Ventura,L2J/L,,2,1AS001,1AS001,JET-MEDIUM-D-1,JET-MEDIUM-A-1,SF50,L,
283,C240,PP,PROPELLER,CESSNA,T240 Corvalis TTx,L1P/L,1600,1,PF07,PF07,PISTON-D-1,PISTON-A-1,S22T,L,
284,C25A,JB,JET BUSINESS,CESSNA,525A Citation CJ2,L2J/L,5600,2,TFE731-2-2B,1AS001,JET-BUSINESS-D-2,JET-BUSINESS-A-1,C25A,L,
285,C25B,JB,JET BUSINESS,CESSNA,525B Citation CJ3,L2J/L,6200,2,B601,B601,JET-BUSINESS-D-2,JET-BUSINESS-A-1,C25B,L,
286,C25C,JB,JET BUSINESS,CESSNA,525C Citation CJ4,L2J/M,7700,2,B601,B601,JET-BUSINESS-D-2,JET-BUSINESS-A-1,C25C,M,
287,C25M,JB,JET BUSINESS,CESSNA,525 Citation M2,L2J/L,4800,2,TFE731-2-2B,1AS001,JET-BUSINESS-D-1,JET-BUSINESS-A-1,C525,L,
288,C270,PP,PROPELLER,CAUDRON,C-270 Luciole,L1P/L,,1,PF05,PF05,PISTON-D-1,PISTON-A-1,DV20,L,
289,C27J,TP,TURBOPROP,ALENIA,C-27J Spartan,L2T/M,,2,FOI-92,FOI-92,TURBOPROP-D-1,TURBOPROP-A-1,C27J,M,
290,C295,TP,TURBOPROP,CASA,SC-105 Amazonas,L2T/M,,2,FOI-83,FOI-83,TURBOPROP-D-1,TURBOPROP-A-1,F27,M,
291,C303,PP,PROPELLER,AVIONES COLOMBIA,COLOMBIA T303,L2P/L,2300,2,PF07,PF07,PISTON-D-1,PISTON-A-1,PA34,L,
292,C30J,TP,TURBOPROP,LOCKHEED MARTIN,382J Super Hercules,L4T/M,,4,B134,B134,TURBOPROP-D-1,TURBOPROP-A-1,C30J,M,
293,C310,PP,PROPELLER,AVIONES COLOMBIA,COLOMBIA 310,L2P/L,2400,2,P002,P002,PISTON-D-1,PISTON-A-1,C310,L,
294,C320,PP,PROPELLER,CESSNA,320 Executive Skyknight,L2P/L,2300,2,PF12,PF12,PISTON-D-1,PISTON-A-1,PA34,L,
295,C335,PP,PROPELLER,CESSNA,335,L2P/L,2700,2,PF07,PF07,PISTON-D-1,PISTON-A-1,C340,L,
296,C336,PP,PROPELLER,CESSNA,336 Skymaster,L2P/L,2000,2,PF03,PF03,PISTON-D-1,PISTON-A-1,BE76,L,
297,C337,PP,PROPELLER,AVIONES COLOMBIA,COLOMBIA 337,L2P/L,2200,2,PF03,PF03,PISTON-D-1,PISTON-A-1,DA42,L,
298,C340,PP,PROPELLER,AVIONES COLOMBIA,COLOMBIA 340,L2P/L,2700,2,PF07,PF07,PISTON-D-1,PISTON-A-1,C340,L,
299,C365,TP,TURBOPROP,EKW,C-3605,L1T/L,3700,1,B134,B134,TURBOPROP-D-1,TURBOPROP-A-1,TEX2,L,
300,C402,PP,PROPELLER,AVIONES COLOMBIA,COLOMBIA 402,L2P/L,2800,2,PF07,PF07,PISTON-D-1,PISTON-A-1,C402,L,
301,C404,PP,PROPELLER,CESSNA,404 Titan,L2P/L,3800,2,PF07,PF07,PISTON-D-2,PISTON-A-1,C421,L,
302,C408,TP,TURBOPROP,CESSNA,408 SkyCourier,L2T/M,8600,2,FOI-40,FOI-40,TURBOPROP-D-3,TURBOPROP-A-1,AN38,M,
303,C411,PP,PROPELLER,CESSNA,411,L2P/L,2900,2,PF07,PF07,PISTON-D-1,PISTON-A-1,C402,L,
304,C414,PP,PROPELLER,AVIONES COLOMBIA,COLOMBIA 414,L2P/L,3000,2,PF07,PF07,PISTON-D-2,PISTON-A-1,C414,L,
305,C421,PP,PROPELLER,CESSNA,421,L2P/L,3300,2,PF07,PF07,PISTON-D-2,PISTON-A-1,C421,L,
306,C425,TP,TURBOPROP,CESSNA,425 Conquest 1,L2T/L,3900,2,FOI-12,FOI-12,TURBOPROP-D-1,TURBOPROP-A-1,F406,L,
307,C441,TP,TURBOPROP,CESSNA,441 Conquest,L2T/L,4400,2,B004,B004,TURBOPROP-D-1,TURBOPROP-A-1,PAY3,L,
308,C46,PP,PROPELLER,CURTISS,C-46 Commando,L2P/M,,2,P004,P004,PISTON-D-1,PISTON-A-1,F27,M,
309,C5,JM,JET MEDIUM,,,,,4,5RR039,5RR039,JET-MEDIUM-D-1,JET-MEDIUM-A-1,A345,,
310,C500,JB,JET BUSINESS,CESSNA,500 Citation,L2J/L,5300,2,JT15D-1 SERIES,1PW035,JET-BUSINESS-D-2,JET-BUSINESS-A-1,C551,L,
311,C501,JB,JET BUSINESS,CESSNA,501 Citation 1SP,L2J/L,6000,2,JT15D-1 SERIES,1PW035,JET-BUSINESS-D-2,JET-BUSINESS-A-1,C551,L,
312,C510,JB,JET BUSINESS,CESSNA,510 Citation Mustang,L2J/L,3900,2,B601,B601,JET-BUSINESS-D-1,JET-BUSINESS-A-1,C510,L,
313,C525,JB,JET BUSINESS,CESSNA,525 Citation CJ1,L2J/L,4700,2,TFE731-2-2B,1AS001,JET-BUSINESS-D-1,JET-BUSINESS-A-1,C525,L,
314,C526,JB,JET BUSINESS,CESSNA,Citation 526,L2J/L,3357,2,JT15D-1 SERIES,1PW035,JET-BUSINESS-D-1,JET-BUSINESS-A-1,E50P,L,
315,C550,JB,JET BUSINESS,CESSNA,550 Citation 2,L2J/L,6000,2,1PW036,1PW036,JET-BUSINESS-D-2,JET-BUSINESS-A-1,C550,L,GTCP 36-150
316,C551,JB,JET BUSINESS,CESSNA,551 Citation 2SP,L2J/L,6800,2,JT15D-4 SERIES,1PW036,JET-BUSINESS-D-2,JET-BUSINESS-A-1,C551,L,
317,C55B,JB,JET BUSINESS,CESSNA,550B Citation Bravo,L2J/L,6800,2,JT15D-4 SERIES,1PW036,JET-BUSINESS-D-2,JET-BUSINESS-A-1,C55B,L,
318,C560,JB,JET BUSINESS,CESSNA,560 Citation 5,L2J/M,7200,2,JT15D-5-5A-5B,1PW037,JET-BUSINESS-D-2,JET-BUSINESS-A-1,C560,M,GTCP 36-150
319,C56X,JB,JET BUSINESS,CESSNA,560XL Citation Excel,L2J/M,9000,2,B602,B602,JET-BUSINESS-D-3,JET-BUSINESS-A-1,C56X,M,GTCP 36-150
320,C5M,JL,JET LARGE,LOCKHEED,Super Galaxy,L4J/H,,4,1GE007,1GE007,JET-MEDIUM-D-1,JET-MEDIUM-A-1,A345,H,
321,C650,JB,JET BUSINESS,CESSNA,650 Citation 3,L2J/M,9900,2,TFE731-3,1AS002,JET-BUSINESS-D-3,JET-BUSINESS-A-1,C650,M,T-62T-47C1
322,C680,JB,JET BUSINESS,CESSNA,680 Citation Sovereign,L2J/M,13600,2,PW306B,7PW078,JET-BUSINESS-D-4,JET-BUSINESS-A-1,C680,M,T-62T-47C1
323,C68A,JB,JET BUSINESS,CESSNA,680A Citation Latitude,L2J/M,13900,2,PW306B,7PW078,JET-BUSINESS-D-4,JET-BUSINESS-A-1,C680,M,T-62T-47C1
324,C700,JB,JET BUSINESS,CESSNA,700 Citation Longitude,L2J/M,17900,2,AS907-2-1S (HTF7700L),01P18HN013,JET-BUSINESS-D-5,JET-BUSINESS-A-1,C700,M,T-62T-47C1
325,C72R,PP,PROPELLER,AVIONES COLOMBIA,COLOMBIA 172RG,L1P/L,1200,1,PF05,PF05,PISTON-D-1,PISTON-A-1,DA40,L,
326,C750,JB,JET BUSINESS,CESSNA,750 Citation 10,L2J/M,16300,2,8AL025,8AL025,JET-BUSINESS-D-5,JET-BUSINESS-A-1,C750,M,T-62T-47C1
327,C77R,PP,PROPELLER,AVIONES COLOMBIA,COLOMBIA 177RG,L1P/L,1200,1,PF03,PF03,PISTON-D-1,PISTON-A-1,P28A,L,
328,C82,PP,PROPELLER,FAIRCHILD,C-82 Packet,L2P/M,24400,2,PF11,PF11,PISTON-D-4,PISTON-A-1,S2P,M,
329,C82R,PP,PROPELLER,AVIONES COLOMBIA,COLOMBIA R182,L1P/L,1400,1,PF11,PF11,PISTON-D-1,PISTON-A-1,TB20,L,
330,C82S,PP,PROPELLER,CESSNA,T182 Turbo Skylane,L1P/L,1400,1,PF12,PF12,PISTON-D-1,PISTON-A-1,C82S,L,
331,C82T,PP,PROPELLER,CESSNA,TR182 Turbo Skylane RG,L1P/L,1400,1,PF11,PF11,PISTON-D-1,PISTON-A-1,C82S,L,
332,C97,PP,PROPELLER,BOEING,C-97 Stratofreighter,L4P/M,,4,P004,P004,PISTON-D-1,PISTON-A-1,C30J,M,
333,CA25,PP,PROPELLER,COMMONWEALTH (1),CA-25 Winjeel,L1P/L,,1,P003,P003,PISTON-D-1,PISTON-A-1,C182,L,
334,CA41,PP,PROPELLER,CORVUS,CA-41 Racer,L1P/L,,1,PF07,PF07,PISTON-D-1,PISTON-A-1,E300,L,
335,CAT,PP,PROPELLER,BOEING CANADA,Canso,A2P/M,,2,P004,P004,PISTON-D-1,PISTON-A-1,S2P,M,
336,CC19,PP,PROPELLER,CUB CRAFTERS,CC-19 XCub,L1P/L,,1,PF02,PF02,PISTON-D-1,PISTON-A-1,C172,L,
337,CD2,TP,TURBOPROP,CLAUDIUS DORNIER,DORNIER CD-2 Seastar,A2T/L,4600,2,FOI-12,FOI-12,TURBOPROP-D-1,TURBOPROP-A-1,L410,L,
338,CE22,PP,PROPELLER,CHERNOV,Che-22 Corvette,A2P/L,,2,PF09,PF09,PISTON-D-1,PISTON-A-1,SVNH,L,
339,CE25,PP,PROPELLER,CHERNOV,Che-25,A2P/L,1100,2,PF05,PF05,PISTON-D-1,PISTON-A-1,DV20,L,
340,CE43,PP,PROPELLER,CERVA,CE-43 Guepard,L1P/L,1400,1,PF12,PF12,PISTON-D-1,PISTON-A-1,SR22,L,
341,CH10,PP,PROPELLER,ZENAIR,CH-100 Mono-Z,L1P/L,,1,PF06,PF06,PISTON-D-1,PISTON-A-1,MAGC,L,
342,CH20,PP,PROPELLER,HEINTZ,CH-200 Zenith,L1P/L,700,1,P011,P011,PISTON-D-1,PISTON-A-1,C162,L,
343,CH25,PP,PROPELLER,ZENAIR,CH-250 Zénith,L1P/L,,1,PF04,PF04,PISTON-D-1,PISTON-A-1,C162,L,
344,CH2T,PP,PROPELLER,AMD,Alarus,L1P/L,,1,PF06,PF06,PISTON-D-1,PISTON-A-1,MAGC,L,
345,CH30,PP,PROPELLER,ZENAIR,CH-300 Tri-Z,L1P/L,900,1,PF08,PF08,PISTON-D-1,PISTON-A-1,MAGC,L,
346,CH40,PP,PROPELLER,CHAMPION,402 Lancer,L2P/L,,2,PF05,PF05,PISTON-D-1,PISTON-A-1,C152,L,
347,CH50,PP,PROPELLER,ZENAIR,CH-50 Mini Zénith,L1P/L,,1,PF05,PF05,PISTON-D-1,PISTON-A-1,SVNH,L,
348,CH60,PP,PROPELLER,AMD,CH-601 Zodiac,L1P/L,,1,P011,P011,PISTON-D-1,PISTON-A-1,EV97,L,
349,CH7A,PP,PROPELLER,AERONCA,7AC Champion,L1P/L,,1,PF06,PF06,PISTON-D-1,PISTON-A-1,DV20,L,
350,CH7B,PP,PROPELLER,AMERICAN CHAMPION,7GCAA Citabria Adventure,L1P/L,,1,PF08,PF08,PISTON-D-1,PISTON-A-1,EV97,L,
351,CHIN,PP,PROPELLER,ASAP,Chinook,L1P/L,,1,PF09,PF09,PISTON-D-1,PISTON-A-1,EV97,L,
352,CJ6,PP,PROPELLER,HONGDU,BT-6,L1P/L,,1,P002,P002,PISTON-D-1,PISTON-A-1,TB20,L,
353,CL2P,PP,PROPELLER,CANADAIR,CL-215,A2P/M,,2,P004,P004,PISTON-D-1,PISTON-A-1,S2P,M,
354,CL2T,TP,TURBOPROP,CANADAIR,CL-215T,A2T/M,19800,2,FOI-69,FOI-69,TURBOPROP-D-5,TURBOPROP-A-1,F27,M,
355,CL30,JB,JET BUSINESS,BOMBARDIER,BD-100 Challenger 300,L2J/M,17000,2,HTF7000 (AS907-1-1A),11HN003,JET-BUSINESS-D-5,JET-BUSINESS-A-1,CL30,M,T-62T-47C1
356,CL35,JB,JET BUSINESS,BOMBARDIER,BD-100 Challenger 350,L2J/M,18400,2,AS907-2-1A (HTF7350),01P14HN011,JET-BUSINESS-D-5,JET-BUSINESS-A-1,C700,M,T-62T-47C1
357,CL41,JS,JET SMALL,CANADAIR,CL-41 Tutor,L1J/L,,1,1PW036,1PW036,JET-MEDIUM-D-1,JET-MEDIUM-A-1,L39,L,
358,CL44,TP,TURBOPROP,,,,,4,T601,T601,TURBOPROP-D-1,TURBOPROP-A-1,C130,,
359,CL60,JR,JET REGIONAL,CANADAIR,CL-600 Challenger 650,L2J/M,19500,2,1TL001,1TL001,JET-REGIONAL-D-1,JET-REGIONAL-A-1,CL60,M,GTCP 36-100
360,CMD1,PP,PROPELLER,AIR COMMAND,Commander 147,G1P/L,,1,PF08,PF08,PISTON-D-1,PISTON-A-1,P28A,L,
361,CN12,PP,PROPELLER,CIRCA,Nieuport 12-7/8,L1P/L,,1,PF09,PF09,PISTON-D-1,PISTON-A-1,SVNH,L,
362,CN35,TP,TURBOPROP,AIRTECH (2),CN-235,L2T/M,16500,2,FOI-6,FOI-6,TURBOPROP-D-5,TURBOPROP-A-1,DH8A,M,
363,CNBR,JM,JET MEDIUM,BAC,Canberra,L2J/M,,2,8RR043,8RR043,JET-MEDIUM-D-1,JET-MEDIUM-A-1,F900,M,
364,CO50,PP,PROPELLER,COBALT,Co-50 Valkyrie,L1P/L,,1,PF07,PF07,PISTON-D-1,PISTON-A-1,M20T,L,
365,COAR,PP,PROPELLER,COBRA,Arrow,L1P/L,700,1,PF06,PF06,PISTON-D-1,PISTON-A-1,C162,L,
366,COL3,PP,PROPELLER,CESSNA,350,L1P/L,1500,1,PF01,PF01,PISTON-D-1,PISTON-A-1,SR22,L,
367,COL4,PP,PROPELLER,CESSNA,400,L1P/L,1500,1,PF07,PF07,PISTON-D-1,PISTON-A-1,S22T,L,
368,CONI,PP,PROPELLER,LOCKHEED,C-121 Constellation,L4P/M,,4,P004,P004,PISTON-D-1,PISTON-A-1,C160,M,
369,CORV,PP,PROPELLER,WOLFSBERG,Corvus,L2P/L,,2,PF06,PF06,PISTON-D-1,PISTON-A-1,DA42,L,
370,COUG,PP,PROPELLER,ACRO SPORT,Cougar,L1P/L,,1,PF10,PF10,PISTON-D-1,PISTON-A-1,C162,L,
371,COUR,PP,PROPELLER,HELIO,Courier,L1P/L,,1,P002,P002,PISTON-D-1,PISTON-A-1,C82S,L,
372,COZY,PP,PROPELLER,AEROCAD,AeroCanard,L1P/L,1000,1,PF04,PF04,PISTON-D-1,PISTON-A-1,RV14,L,
373,CP10,PP,PROPELLER,AKROTECH EUROPE,EUROPE CAP-10,L1P/L,800,1,PF02,PF02,PISTON-D-1,PISTON-A-1,P28R,L,
374,CP20,PP,PROPELLER,CAARP,CAP-20,L1P/L,,1,PF03,PF03,PISTON-D-1,PISTON-A-1,RV8,L,
375,CP21,PP,PROPELLER,MUDRY,CAP-21,L1P/L,600,1,PF03,PF03,PISTON-D-1,PISTON-A-1,RV14,L,
376,CP22,PP,PROPELLER,AKROTECH EUROPE,EUROPE CAP-222,L1P/L,500,1,PF11,PF11,PISTON-D-1,PISTON-A-1,RV8,L,
377,CP23,PP,PROPELLER,AKROTECH EUROPE,CAP-232,L1P/L,,1,PF12,PF12,PISTON-D-1,PISTON-A-1,E300,L,
378,CR10,PP,PROPELLER,DYN'AERO,CR-100,L1P/L,700,1,PF02,PF02,PISTON-D-1,PISTON-A-1,RV14,L,
379,CRES,TP,TURBOPROP,NEW ZEALAND,Cresco,L1T/L,,1,B004,B004,TURBOPROP-D-1,TURBOPROP-A-1,P750,L,
380,CRJ1,JR,JET REGIONAL,CANADAIR,CL-600 Regional Jet CRJ-100,L2J/M,21500,2,07P05GE220,07P05GE220,JET-REGIONAL-D-2,JET-REGIONAL-A-1,CRJ1,M,
381,CRJ2,JR,JET REGIONAL,CANADAIR,CL-600 Challenger 800,L2J/M,24000,2,07P05GE220,07P05GE220,JET-REGIONAL-D-2,JET-REGIONAL-A-1,CRJ2,M,
382,CRJ7,JR,JET REGIONAL,CANADAIR,CL-600 Regional Jet CRJ-550,L2J/M,34000,2,CF34-8C1,5GE083,JET-REGIONAL-D-2,JET-REGIONAL-A-1,CRJ9,M,
383,CRJ9,JR,JET REGIONAL,CANADAIR,CL-600 Challenger 890,L2J/M,36500,2,07P27GE221,07P27GE221,JET-REGIONAL-D-2,JET-REGIONAL-A-1,CRJ9,M,
384,CRJX,JR,JET REGIONAL,BOMBARDIER,CL-600 Regional Jet CRJ-1000,L2J/M,41640,2,07P27GE224,07P27GE224,JET-REGIONAL-D-3,JET-REGIONAL-A-1,CRJX,M,GTCP 36-100
385,CRUZ,PP,PROPELLER,CZAW,PS-28 Cruiser,L1P/L,600,1,PF05,PF05,PISTON-D-1,PISTON-A-1,C152,L,
386,CT4,PP,PROPELLER,AESL,Airtrainer,L1P/L,,1,PF12,PF12,PISTON-D-1,PISTON-A-1,P28R,L,
387,CVLP,PP,PROPELLER,CONVAIR,C-131,L2P/M,22500,2,P121,P121,PISTON-D-4,PISTON-A-1,S2P,M,
388,CVLT,TP,TURBOPROP,CANADAIR,CC-109 Cosmopolitan,L2T/M,26300,2,T601,T601,TURBOPROP-D-6,TURBOPROP-A-1,ATP,M,
389,CX5,PP,PROPELLER,THATCHER,CX-5,L1P/L,,1,PF06,PF06,PISTON-D-1,PISTON-A-1,MAGC,L,
390,D139,PP,PROPELLER,DORNA,Blue Bird,L1P/L,,1,PF04,PF04,PISTON-D-1,PISTON-A-1,C150,L,
391,D140,PP,PROPELLER,JODEL,D-140 Abeille,L1P/L,1200,1,PF02,PF02,PISTON-D-1,PISTON-A-1,DA40,L,
392,D228,TP,TURBOPROP,DORNIER,228,L2T/L,6400,2,FOI-115,FOI-115,TURBOPROP-D-2,TURBOPROP-A-1,D228,L,
393,D250,PP,PROPELLER,CENTRE EST,EST DR-200,L1P/L,840,1,PF04,PF04,PISTON-D-1,PISTON-A-1,DV20,L,
394,D253,PP,PROPELLER,CENTRE EST,DR-253 Regent,L1P/L,,1,PF02,PF02,PISTON-D-1,PISTON-A-1,DR40,L,
395,D28D,PP,PROPELLER,DORNIER,128-2 Skyservant,L2P/L,3800,2,P121,P121,PISTON-D-2,PISTON-A-1,PA46,L,
396,D28T,TP,TURBOPROP,DORNIER,128-6 Turbo Skyservant,L2T/L,3600,2,FOI-11,FOI-11,TURBOPROP-D-1,TURBOPROP-A-1,P46T,L,
397,D328,TP,TURBOPROP,DORNIER,328,L2T/M,13600,2,FOI-63,FOI-63,TURBOPROP-D-4,TURBOPROP-A-1,D328,M,GTCP 36-150
398,D6,PP,PROPELLER,AUSTER,D-6,L1P/L,,1,PF11,PF11,PISTON-D-1,PISTON-A-1,P28A,L,
399,D8,PP,PROPELLER,FOKKER,D-8 Replica,L1P/L,,1,PF04,PF04,PISTON-D-1,PISTON-A-1,DR40,L,
400,DA2,PP,PROPELLER,DAVIS,DA-2,L1P/L,600,1,PF09,PF09,PISTON-D-1,PISTON-A-1,MAGC,L,
401,DA36,PP,PROPELLER,DIAMOND,DA-36 E-Star,L1E/L,,1,PF09,PF09,PISTON-D-1,PISTON-A-1,DIMO,L,
402,DA40,PP,PROPELLER,DIAMOND,DA-40 Diamond Star,L1P/L,1100,1,PF02,PF02,PISTON-D-1,PISTON-A-1,DA40,L,
403,DA42,PP,PROPELLER,DIAMOND,DA-42 Twin Star,L2P/L,1600,2,PF14,PF14,PISTON-D-1,PISTON-A-1,DA42,L,
404,DA5,PP,PROPELLER,DAVIS,DA-5,L1P/L,,1,P001,P001,PISTON-D-1,PISTON-A-1,EV97,L,
405,DA50,PP,PROPELLER,DIAMOND,DA-50 SuperStar,L1P/L,1600,1,P121,P121,PISTON-D-1,PISTON-A-1,DA50,L,
406,DA62,PP,PROPELLER,DIAMOND,DA-62,L2P/L,2300,2,PF14,PF14,PISTON-D-1,PISTON-A-1,DA62,L,
407,DAHU,PP,PROPELLER,PENA,Dahu,L1P/L,,1,PF02,PF02,PISTON-D-1,PISTON-A-1,DA40,L,
408,DC10,JL,JET LARGE,BOEING,MD-10,L3J/H,259400,3,1GE002,1GE002,JET-LARGE-D-5,JET-LARGE-A-1,DC10,H,GTCP 331-250
409,DC3,PP,PROPELLER,DOUGLAS,AC-47 Skytrain,L2P/M,,2,P004,P004,PISTON-D-1,PISTON-A-1,S2P,M,
410,DC3T,TP,TURBOPROP,BASLER,BT-67 Turbo 67,L2T/M,13000,2,FOI-38,FOI-38,TURBOPROP-D-4,TURBOPROP-A-1,SH36,M,
411,DC4,PP,PROPELLER,DOUGLAS,C-54 Skymaster,L4P/M,,4,P004,P004,PISTON-D-1,PISTON-A-1,F27,M,
412,DC6,PP,PROPELLER,DOUGLAS,C-118 Liftmaster,L4P/M,,4,P004,P004,PISTON-D-1,PISTON-A-1,C160,M,
413,DC7,PP,PROPELLER,DOUGLAS,DC-7,L4P/M,,4,P004,P004,PISTON-D-1,PISTON-A-1,C130,M,
414,DC85,JL,JET LARGE,DOUGLAS,DC-8-50,L4J/H,147400,4,JT3D-3B,1PW001,JET-LARGE-D-2,JET-LARGE-A-1,B703,H,
415,DC86,JL,JET LARGE,DOUGLAS,DC-8-60,L4J/H,151900,4,1PW001,1PW001,JET-LARGE-D-3,JET-LARGE-A-1,DC87,H,
416,DC87,JL,JET LARGE,DOUGLAS,DC-8-70,L4J/H,152000,4,CFM56-2-C5,1CM003,JET-LARGE-D-3,JET-LARGE-A-1,DC87,H,
417,DC91,JR,JET REGIONAL,DOUGLAS,DC-9-10,L2J/M,41100,2,JT8D-7 SERIES,8PW085,JET-REGIONAL-D-3,JET-REGIONAL-A-1,BA11,M,
418,DC92,JR,JET REGIONAL,DOUGLAS,DC-9-20,L2J/M,45000,2,JT8D-11,1PW008,JET-REGIONAL-D-3,JET-REGIONAL-A-1,A158,M,
419,DC93,JR,JET REGIONAL,DOUGLAS,DC-9-30,L2J/M,54800,2,1PW002,1PW002,JET-REGIONAL-D-4,JET-REGIONAL-A-1,DC93,M,
420,DC94,JM,JET MEDIUM,DOUGLAS,DC-9-40,L2J/M,,2,1PW008,1PW008,JET-MEDIUM-D-1,JET-MEDIUM-A-1,DC94,M,
421,DC95,JR,JET REGIONAL,DOUGLAS,DC-9-50,L2J/M,54800,2,1PW012,1PW012,JET-REGIONAL-D-4,JET-REGIONAL-A-1,B712,M,
422,DEFI,PP,PROPELLER,RUTAN,40 Defiant,L2P/L,1400,2,PF08,PF08,PISTON-D-1,PISTON-A-1,BE36,L,
423,DG50,PP,PROPELLER,,,,,1,PF09,PF09,PISTON-D-1,PISTON-A-1,DIMO,,
424,DH2T,TP,TURBOPROP,DE HAVILLAND CANADA,HAVILLAND CANADA DHC-2 Mk3 Turbo Beaver,L1T/L,2400,1,B004,B004,TURBOPROP-D-1,TURBOPROP-A-1,K100,L,
425,DH3T,TP,TURBOPROP,DE HAVILLAND CANADA,HAVILLAND CANADA DHC-3 Turbo Otter,L1T/L,3600,1,B134,B134,TURBOPROP-D-1,TURBOPROP-A-1,P750,L,
426,DH60,PP,PROPELLER,DE HAVILLAND,DH-60 Moth,L1P/L,,1,PF05,PF05,PISTON-D-1,PISTON-A-1,SVNH,L,
427,DH80,PP,PROPELLER,DE HAVILLAND,DH-80 Puss Moth,L1P/L,,1,P001,P001,PISTON-D-1,PISTON-A-1,DR40,L,
428,DH82,PP,PROPELLER,DE HAVILLAND,DH-82 Queen Bee,L1P/L,,1,PF10,PF10,PISTON-D-1,PISTON-A-1,SVNH,L,
429,DH83,PP,PROPELLER,DE HAVILLAND,DH-83 Fox Moth,L1P/L,,1,PF04,PF04,PISTON-D-1,PISTON-A-1,SVNH,L,
430,DH87,PP,PROPELLER,DE HAVILLAND,DH-87 Hornet Moth,L1P/L,,1,PF10,PF10,PISTON-D-1,PISTON-A-1,C152,L,
431,DH88,PP,PROPELLER,DE HAVILLAND,Comet Replica,L2P/L,,2,P002,P002,PISTON-D-1,PISTON-A-1,BE58,L,
432,DH89,PP,PROPELLER,DE HAVILLAND,DH-89 Dragon Rapide,L2P/L,,2,P002,P002,PISTON-D-1,PISTON-A-1,DA40,L,
433,DH8A,TP,TURBOPROP,DE HAVILLAND CANADA,HAVILLAND CANADA CC-142 Dash 8,L2T/M,15600,2,FOI-66,FOI-66,TURBOPROP-D-5,TURBOPROP-A-1,DH8A,M,
434,DH8B,TP,TURBOPROP,DE HAVILLAND CANADA,HAVILLAND CANADA DHC-8-200 Dash 8,L2T/M,16400,2,FOI-71,FOI-71,TURBOPROP-D-5,TURBOPROP-A-1,DH8C,M,T-62T-47C1
435,DH8C,TP,TURBOPROP,DE HAVILLAND CANADA,HAVILLAND CANADA DHC-8-300 Dash 8,L2T/M,18600,2,FOI-70,FOI-70,TURBOPROP-D-5,TURBOPROP-A-1,DH8C,M,T-62T-47C1
436,DH8D,TP,TURBOPROP,DE HAVILLAND CANADA,HAVILLAND CANADA DHC-8-400 Dash 8,L2T/M,28600,2,T601,T601,TURBOPROP-D-6,TURBOPROP-A-1,DH8D,M,T-62T-47C1
437,DHA3,PP,PROPELLER,DE HAVILLAND AUSTRALIA,DHA-3 Drover,L3P/L,,3,PF06,PF06,PISTON-D-1,PISTON-A-1,C188,L,
438,DHC1,PP,PROPELLER,DE HAVILLAND,Chipmunk,L1P/L,,1,PF08,PF08,PISTON-D-1,PISTON-A-1,EV97,L,
439,DHC2,PP,PROPELLER,AIRTECH,DHC-2-PZL3S Beaver,L1P/L,2300,1,P003,P003,PISTON-D-1,PISTON-A-1,C188,L,
440,DHC3,PP,PROPELLER,AIRTECH,DHC-3-1000 Otter,L1P/L,3600,1,PF01,PF01,PISTON-D-2,PISTON-A-1,C182,L,
441,DHC4,PP,PROPELLER,DE HAVILLAND CANADA,C-7 Caribou,L2P/M,,2,P004,P004,PISTON-D-1,PISTON-A-1,S2P,M,
442,DHC5,TP,TURBOPROP,DE HAVILLAND CANADA,Buffalo,L2T/M,,2,T601,T601,TURBOPROP-D-1,TURBOPROP-A-1,AN30,M,
443,DHC6,TP,TURBOPROP,DE HAVILLAND CANADA,HAVILLAND CANADA CC-138 Twin Otter,L2T/L,5600,2,FOI-18,FOI-18,TURBOPROP-D-2,TURBOPROP-A-1,DHC6,L,
444,DHC7,TP,TURBOPROP,DE HAVILLAND CANADA,HAVILLAND CANADA DHC-7 Dash 7,L4T/M,19900,4,FOI-30,FOI-30,TURBOPROP-D-5,TURBOPROP-A-1,AN30,M,
445,DIMO,PP,PROPELLER,DIAMOND,HK-36 Eco Dimona,L1P/L,700,1,PF05,PF05,PISTON-D-1,PISTON-A-1,DIMO,L,
446,DLTA,PP,PROPELLER,,,,,1,PF09,PF09,PISTON-D-1,PISTON-A-1,EV97,,
447,DO27,PP,PROPELLER,CASA,C-127,L1P/L,,1,PF12,PF12,PISTON-D-1,PISTON-A-1,T206,L,
448,DO28,PP,PROPELLER,DORNIER,Do-28A,L2P/L,2400,2,PF12,PF12,PISTON-D-1,PISTON-A-1,DA62,L,
449,DOVE,PP,PROPELLER,DE HAVILLAND,HAVILLAND DH-104 Dove,L2P/L,4000,2,P004,P004,PISTON-D-2,PISTON-A-1,DA62,L,
450,DR10,PP,PROPELLER,CENTRE EST,EST DR-100 Ambassadeur,L1P/L,700,1,P011,P011,PISTON-D-1,PISTON-A-1,C152,L,
451,DR22,PP,PROPELLER,CENTRE EST,EST DR-220 2+2,L1P/L,700,1,PF04,PF04,PISTON-D-1,PISTON-A-1,P28A,L,
452,DR30,PP,PROPELLER,CENTRE EST,EST DR-315 Petit Prince,L1P/L,800,1,PF02,PF02,PISTON-D-1,PISTON-A-1,C162,L,
453,DR40,PP,PROPELLER,ROBIN,DR-400 Ecoflyer,L1P/L,,1,PF02,PF02,PISTON-D-1,PISTON-A-1,DR40,L,
454,DT45,TP,TURBOPROP,DIAMOND,TA-20,L1T/L,2300,1,FOI-10,FOI-10,TURBOPROP-D-1,TURBOPROP-A-1,E500,L,
455,DTA1,PP,PROPELLER,VERHEES,D-1 Delta,L1P/L,300,1,PF09,PF09,PISTON-D-1,PISTON-A-1,EV97,L,
456,DV2,PP,PROPELLER,DOVA,DV-2 Infinity,L1P/L,,1,PF06,PF06,PISTON-D-1,PISTON-A-1,C162,L,
457,DV20,PP,PROPELLER,DIAMOND,DA-20 Eclipse,L1P/L,700,1,PF10,PF10,PISTON-D-1,PISTON-A-1,DV20,L,
458,E110,TP,TURBOPROP,EMBRAER,C-95 Bandeirante,L2T/L,5900,2,B004,B004,TURBOPROP-D-2,TURBOPROP-A-1,D228,L,GTCP 36-150
459,E120,TP,TURBOPROP,EMBRAER,EMB-120 Brasilia,L2T/M,11500,2,FOI-60,FOI-60,TURBOPROP-D-4,TURBOPROP-A-1,E120,M,GTCP 36-150
460,E121,TP,TURBOPROP,EMBRAER,EC-9 Xingu,L2T/L,5600,2,B004,B004,TURBOPROP-D-2,TURBOPROP-A-1,MU2,L,GTCP 36-150
461,E135,JB,JET BUSINESS,EMBRAER,ERJ-135,L2J/M,20000,2,AE3007A3,01P06AL034,JET-BUSINESS-D-6,JET-BUSINESS-A-1,E135,M,GTCP 36-150
462,E145,JR,JET REGIONAL,EMBRAER,C-99,L2J/M,21900,2,01P06AL028,01P06AL028,JET-REGIONAL-D-2,JET-REGIONAL-A-1,E145,M,GTCP 36-150
463,E170,JR,JET REGIONAL,EMBRAER,ERJ-170-100,L2J/M,35900,2,07P27GE226,07P27GE226,JET-REGIONAL-D-2,JET-REGIONAL-A-1,E170,M,GTCP 36-150
464,E190,JR,JET REGIONAL,EMBRAER,ERJ-190 Lineage 1000,L2J/M,47900,2,11GE144,11GE144,JET-REGIONAL-D-3,JET-REGIONAL-A-1,E190,M,GTCP 36-150
465,E195,JR,JET REGIONAL,EMBRAER,195,L2J/M,48700,2,CF34-10E5A1,11GE144,JET-REGIONAL-D-3,JET-REGIONAL-A-1,E195,M,T-62T-27 (100 HP)
466,E2,TP,TURBOPROP,GRUMMAN,Daya,L2T/M,,2,FOI-93,FOI-93,TURBOPROP-D-1,TURBOPROP-A-1,C27J,M,
467,E200,PP,PROPELLER,EXTRA,EA-200,L1P/L,,1,PF03,PF03,PISTON-D-1,PISTON-A-1,E300,L,
468,E230,PP,PROPELLER,EXTRA,EA-230,L1P/L,,1,PF03,PF03,PISTON-D-1,PISTON-A-1,RV8,L,
469,E290,JM,JET MEDIUM,EMBRAER,ERJ-190-300,L2J/M,56400,2,PW1919G,01P20PW187,JET-MEDIUM-D-3,JET-MEDIUM-A-1,E290,M,T-62T-27 (100 HP)
470,E295,JM,JET MEDIUM,EMBRAER,ERJ-190-400,L2J/M,61500,2,PW1919G,01P20PW187,JET-MEDIUM-D-3,JET-MEDIUM-A-1,B736,M,T-62T-27 (100 HP)
471,E300,PP,PROPELLER,EXTRA,EA-300,L1P/L,900,1,PF01,PF01,PISTON-D-1,PISTON-A-1,E300,L,
472,E314,TP,TURBOPROP,EMBRAER,A-29,L1T/L,3600,1,FOI-47,FOI-47,TURBOPROP-D-1,TURBOPROP-A-1,TEX2,L,T-62T-27 (100 HP)
473,E350,TP,TURBOPROP,CESSNA,E350,L1T/L,,1,B004,B004,TURBOPROP-D-1,TURBOPROP-A-1,TBM9,L,
474,E35L,JB,JET BUSINESS,EMBRAER,EMB-135BJ Legacy,L2J/M,22000,2,AE3007A3,01P06AL034,JET-BUSINESS-D-6,JET-BUSINESS-A-1,E35L,M,T-62T-27 (100 HP)
475,E390,JM,JET MEDIUM,EMBRAER,KC-390,L2J/M,,2,1IA001,1IA001,JET-MEDIUM-D-1,JET-MEDIUM-A-1,A321,M,
476,E3CF,JL,JET LARGE,BOEING,E-3A (CFM56) Sentry,L4J/H,,4,1CM001,1CM001,JET-MEDIUM-D-1,JET-MEDIUM-A-1,DC87,H,
477,E3TF,JL,JET LARGE,BOEING,E-3A (TF33) Sentry,L4J/H,,4,4PW069,4PW069,JET-MEDIUM-D-1,JET-MEDIUM-A-1,B762,H,
478,E400,PP,PROPELLER,EXTRA,EA-400,L1P/L,1900,1,PF01,PF01,PISTON-D-1,PISTON-A-1,PA46,L,
479,E45X,JM,JET MEDIUM,EMBRAER,EMB-145XR,L2J/M,,2,01P06AL032,01P06AL032,JET-MEDIUM-D-1,JET-MEDIUM-A-1,E45X,M,
480,E500,TP,TURBOPROP,EXTRA,EA-500,L1T/L,2100,1,B134,B134,TURBOPROP-D-1,TURBOPROP-A-1,E500,L,
481,E50P,JB,JET BUSINESS,EMBRAER,EMB-500 Phenom 100,L2J/L,4700,2,B601,B601,JET-BUSINESS-D-1,JET-BUSINESS-A-1,E50P,L,T-62T-27 (100 HP)
482,E530,JB,JET BUSINESS,CESSNA,E530 Scorpion,L2J/M,10000,2,TFE731-2-2B,1AS001,JET-BUSINESS-D-4,JET-BUSINESS-A-1,AJET,M,
483,E545,JB,JET BUSINESS,EMBRAER,EMB-545 Legacy 450,L2J/M,16000,2,AS907-3-1E-A3 (HTF7500E),01P14HN016,JET-BUSINESS-D-5,JET-BUSINESS-A-1,E545,M,T-62T-27 (100 HP)
484,E550,JB,JET BUSINESS,EMBRAER,EMB-550 Legacy 500,L2J/M,21000,2,AS907-3-1E-A3 (HTF7500E),01P14HN016,JET-BUSINESS-D-6,JET-BUSINESS-A-1,E550,M,T-62T-27 (100 HP)
485,E55P,JB,JET BUSINESS,EMBRAER,EMB-505 Phenom 300,L2J/M,7900,2,B602,B602,JET-BUSINESS-D-2,JET-BUSINESS-A-1,E55P,M,T-62T-27 (100 HP)
486,E6,JL,JET LARGE,BOEING,E-6 Mercury,L4J/H,,4,1PW001,1PW001,JET-MEDIUM-D-1,JET-MEDIUM-A-1,DC87,H,
487,E737,JS,JET SMALL,BOEING,737-700 Wedgetail,L2J/M,70000,2,CFM56-7B26,8CM051,JET-SMALL-D-4,JET-SMALL-A-1,B737,M,131-9
488,E75L,JM,JET MEDIUM,EMBRAER,175 (long wing),L2J/M,40000,2,07P27GE226,07P27GE226,JET-MEDIUM-D-2,JET-MEDIUM-A-1,E75L,M,T-62T-27 (100 HP)
489,E75S,JM,JET MEDIUM,EMBRAER,175 (short wing),L2J/M,40000,2,07P27GE226,07P27GE226,JET-MEDIUM-D-2,JET-MEDIUM-A-1,E75S,M,T-62T-27 (100 HP)
490,E767,JL,JET LARGE,BOEING,E-767,L2J/H,,2,01P02GE188,01P02GE188,JET-MEDIUM-D-1,JET-MEDIUM-A-1,B763,H,
491,EA40,JB,JET BUSINESS,ECLIPSE,Eclipse 400,L1J/L,2000,1,JT15D-1 SERIES,1PW035,JET-BUSINESS-D-1,JET-BUSINESS-A-1,EA50,L,
492,EA50,JS,JET SMALL,ECLIPSE,Eclipse 500,L2J/L,2600,2,B601,B601,JET-SMALL-D-1,JET-SMALL-A-1,EA50,L,
493,EBOY,PP,PROPELLER,FMA,20 El Boyero,L1P/L,,1,PF09,PF09,PISTON-D-1,PISTON-A-1,SVNH,L,
494,ECHO,PP,PROPELLER,TECNAM,P-92 Eaglet,L1P/L,500,1,PF05,PF05,PISTON-D-1,PISTON-A-1,C150,L,
495,EDGE,PP,PROPELLER,ZIVKO,Edge 540,L1P/L,700,1,P121,P121,PISTON-D-1,PISTON-A-1,RV8,L,
496,EGRT,TP,TURBOPROP,GROB,D-500 Egrett 2,L1T/L,4700,1,FOI-108,FOI-108,TURBOPROP-D-1,TURBOPROP-A-1,Q9,L,
497,ELIT,JM,JET MEDIUM,,,,,2,1PW037,1PW037,JET-MEDIUM-D-1,JET-MEDIUM-A-1,C551,,
498,EM10,JS,JET SMALL,MARGANSKI,Bielik,L1J/L,,1,1PW037,1PW037,JET-MEDIUM-D-1,JET-MEDIUM-A-1,L39,L,
499,EN28,H1,HELICOPTER LIGHT,ENSTROM,280 Shark,H1P/L,900,1,P131,P131,HELIPROF-D-1-STANDARD,HELIPROF-A-1-STANDARD,P28T,L,
500,EPIC,TP,TURBOPROP,AIR,Epic Dynasty,L1T/L,2800,1,FOI-43,FOI-43,TURBOPROP-D-1,TURBOPROP-A-1,TBM8,L,
501,EPX1,PP,PROPELLER,EPERVIER (2),X-1,L1P/L,,1,PF05,PF05,PISTON-D-1,PISTON-A-1,EV97,L,
502,ERCO,PP,PROPELLER,AIR PRODUCTS,PRODUCTS F-1 Aircoupe,L1P/L,500,1,PF06,PF06,PISTON-D-1,PISTON-A-1,C162,L,
503,ESCA,TP,TURBOPROP,AIR,Epic Escape,L1T/L,,1,B004,B004,TURBOPROP-D-1,TURBOPROP-A-1,TBM7,L,
504,ETAR,JS,JET SMALL,DASSAULT,Etendard 4,L1J/M,,1,8RR043,8RR043,JET-MEDIUM-D-1,JET-MEDIUM-A-1,AJET,M,
505,EUFI,JM,JET MEDIUM,ALENIA,Eurofighter 2000,L2J/M,,2,01P08GE191,01P08GE191,JET-MEDIUM-D-1,JET-MEDIUM-A-1,F16,M,
506,EUPA,PP,PROPELLER,EUROPA,Europa,L1P/L,600,1,PF05,PF05,PISTON-D-1,PISTON-A-1,C162,L,
507,EV97,PP,PROPELLER,EVEKTOR,EV-97 EuroStar,L1P/L,600,1,PF05,PF05,PISTON-D-1,PISTON-A-1,EV97,L,
508,EVIC,JM,JET MEDIUM,,,,,1,7PW084,7PW084,JET-MEDIUM-D-1,JET-MEDIUM-A-1,SF50,,
509,EVOP,PP,PROPELLER,LANCAIR,Evolution Piston,L1P/L,2060,1,PF12,PF12,PISTON-D-1,PISTON-A-1,C340,L,
510,EVOT,TP,TURBOPROP,LANCAIR,Evolution Turbine,L1T/L,2060,1,FOI-16,FOI-16,TURBOPROP-D-1,TURBOPROP-A-1,TBM7,L,
511,EVSS,PP,PROPELLER,EVEKTOR,SportStar,L1P/L,600,1,PF05,PF05,PISTON-D-1,PISTON-A-1,C150,L,
512,EXPR,PP,PROPELLER,EXPRESS,90,L1P/L,1800,1,PF12,PF12,PISTON-D-1,PISTON-A-1,TB20,L,
513,F1,JM,JET MEDIUM,MITSUBISHI,F-1,L2J/M,,2,7PW077,7PW077,JET-MEDIUM-D-1,JET-MEDIUM-A-1,HAWK,M,
514,F100,JR,JET REGIONAL,FOKKER,100,L2J/M,43000,2,1RR020,1RR020,JET-REGIONAL-D-3,JET-REGIONAL-A-1,F100,M,GTCP 36-150
515,F104,JS,JET SMALL,CANADAIR,CF-104 Starfighter,L1J/M,,1,8RR043,8RR043,JET-MEDIUM-D-1,JET-MEDIUM-A-1,F16,M,
516,F106,JM,JET MEDIUM,,,,,1,8RR043,8RR043,JET-MEDIUM-D-1,JET-MEDIUM-A-1,F16,,
517,F111,JM,JET MEDIUM,,,,,2,8RR043,8RR043,JET-MEDIUM-D-1,JET-MEDIUM-A-1,F15,,
518,F117,JM,JET MEDIUM,LOCKHEED,F-117 Night Hawk,L2J/M,,2,8RR043,8RR043,JET-MEDIUM-D-1,JET-MEDIUM-A-1,A10,M,
519,F14,JM,JET MEDIUM,GRUMMAN,F-14 Tomcat,L2J/M,,2,8RR043,8RR043,JET-MEDIUM-D-1,JET-MEDIUM-A-1,F15,M,
520,F15,JM,JET MEDIUM,BOEING,Eagle,L2J/M,,2,01P08GE194,01P08GE194,JET-MEDIUM-D-1,JET-MEDIUM-A-1,F15,M,
521,F16,JS,JET SMALL,FOKKER,F-16 Fighting Falcon,L1J/M,,1,01P11GE202,01P11GE202,JET-MEDIUM-D-1,JET-MEDIUM-A-1,F16,M,
522,F16X,JM,JET MEDIUM,,,,,1,8RR043,8RR043,JET-MEDIUM-D-1,JET-MEDIUM-A-1,F16,,
523,F18,JM,JET MEDIUM,,,,,2,8RR043,8RR043,JET-MEDIUM-D-1,JET-MEDIUM-A-1,F16,,
524,F18H,JM,JET MEDIUM,ASTA,Hornet,L2J/M,,2,8RR043,8RR043,JET-MEDIUM-D-1,JET-MEDIUM-A-1,F16,M,
525,F18S,JM,JET MEDIUM,BOEING,Growler,L2J/M,,2,8RR043,8RR043,JET-MEDIUM-D-1,JET-MEDIUM-A-1,F16,M,
526,F1FV,PP,PROPELLER,AVION,F-1 Favorit,L1P/L,,1,P003,P003,PISTON-D-1,PISTON-A-1,E300,L,
527,F2,JS,JET SMALL,MITSUBISHI,F-2,L1J/M,,1,01P11BR016,01P11BR016,JET-MEDIUM-D-1,JET-MEDIUM-A-1,F16,M,
528,F22,JM,JET MEDIUM,LOCKHEED MARTIN,F-22 Raptor,L2J/M,,2,8CM051,8CM051,JET-MEDIUM-D-1,JET-MEDIUM-A-1,F15,M,
529,F260,PP,PROPELLER,AERMACCHI,F-260E,L1P/L,,1,PF12,PF12,PISTON-D-1,PISTON-A-1,M20P,L,
530,F26T,TP,TURBOPROP,SIAI-MARCHETTI,SF-260T,L1T/L,1200,1,B004,B004,TURBOPROP-D-1,TURBOPROP-A-1,E500,L,
531,F27,TP,TURBOPROP,CONAIR,F-27 Firefighter,L2T/M,20400,2,FOI-91,FOI-91,TURBOPROP-D-6,TURBOPROP-A-1,F27,M,GTCP30-54
532,F28,JR,JET REGIONAL,FOKKER,F-28 Fellowship,L2J/M,33100,2,SPEY 555,4RR035,JET-REGIONAL-D-2,JET-REGIONAL-A-1,F28,M,GTCP 36-4A
533,F2TH,JB,JET BUSINESS,DASSAULT,Falcon 2000,L2J/M,15800,2,B602,B602,JET-BUSINESS-D-5,JET-BUSINESS-A-1,F2TH,M,GTCP 36-150
534,F35,JS,JET SMALL,LOCKHEED MARTIN,F-35A Lightning 2,L1J/M,,1,1IA004,1IA004,JET-MEDIUM-D-1,JET-MEDIUM-A-1,F16,M,
535,F4,JM,JET MEDIUM,IAI,F-4 Kurnass 2000,L2J/M,,2,8RR043,8RR043,JET-MEDIUM-D-1,JET-MEDIUM-A-1,F16,M,
536,F406,TP,TURBOPROP,CESSNA,F406 Caravan 2,L2T/L,4400,2,FOI-12,FOI-12,TURBOPROP-D-1,TURBOPROP-A-1,F406,L,
537,F5,JM,JET MEDIUM,AIDC,Chung-Cheng,L2J/M,,2,1AS001,1AS001,JET-MEDIUM-D-1,JET-MEDIUM-A-1,AJET,M,
538,F50,TP,TURBOPROP,FOKKER,50,L2T/M,20800,2,FOI-75,FOI-75,TURBOPROP-D-6,TURBOPROP-A-1,F50,M,GTCP30-54
539,F5SA,JM,JET MEDIUM,IRIAF,Saeghe,L2J/M,,2,8RR043,8RR043,JET-MEDIUM-D-1,JET-MEDIUM-A-1,AJET,M,
540,F60,TP,TURBOPROP,FOKKER,60,L2T/M,,2,T603,T603,TURBOPROP-D-1,TURBOPROP-A-1,F50,M,
541,F600,TP,TURBOPROP,SIAI-MARCHETTI,SF-600 Canguro,L2T/L,3800,2,B004,B004,TURBOPROP-D-1,TURBOPROP-A-1,K100,L,
542,F70,JR,JET REGIONAL,FOKKER,70,L2J/M,41700,2,TAY MK620-15,1RR020,JET-REGIONAL-D-3,JET-REGIONAL-A-1,F70,M,GTCP 36-4A
543,F8,JS,JET SMALL,CHANCE VOUGHT,Crusader,L1J/M,,1,8RR043,8RR043,JET-MEDIUM-D-1,JET-MEDIUM-A-1,F16,M,
544,F86,JS,JET SMALL,CANADAIR,CL-13 Sabre,L1J/M,,1,8RR043,8RR043,JET-MEDIUM-D-1,JET-MEDIUM-A-1,AJET,M,
545,F8L,PP,PROPELLER,AEROMERE,F-8L Falco,L1P/L,1000,1,PF08,PF08,PISTON-D-1,PISTON-A-1,RV14,L,
546,F900,JB,JET BUSINESS,DASSAULT,Falcon 900,L3J/M,20600,3,TFE731-3,1AS002,JET-BUSINESS-D-6,JET-BUSINESS-A-1,F900,M,GTCP 36-150
547,FA04,PP,PROPELLER,FLÄMING AIR,FA-04 Peregrine,L1P/L,,1,PF06,PF06,PISTON-D-1,PISTON-A-1,C152,L,
548,FA10,JB,JET BUSINESS,DASSAULT,Falcon 10,L2J/M,8500,2,TFE731-2-2B,1AS001,JET-BUSINESS-D-3,JET-BUSINESS-A-1,FA10,M,GTCP 36-150
549,FA20,JB,JET BUSINESS,DASSAULT,Falcon 20,L2J/M,13000,2,TFE731-3,1AS002,JET-BUSINESS-D-4,JET-BUSINESS-A-1,FA20,M,GTCP 36-150
550,FA24,PP,PROPELLER,FAIRCHILD (1),Argus,L1P/L,,1,PF03,PF03,PISTON-D-1,PISTON-A-1,DV20,L,
551,FA50,JB,JET BUSINESS,DASSAULT,Falcon 50,L3J/M,17600,3,TFE731-3,1AS002,JET-BUSINESS-D-5,JET-BUSINESS-A-1,FA50,M,GTCP 36-150
552,FA5X,JB,JET BUSINESS,DASSAULT,Falcon 5X,L2J/L,31570,2,PW814GA,01P22PW141,JET-BUSINESS-D-6,JET-BUSINESS-A-1,GLF2,L,GTCP 36-150
553,FA6X,JB,JET BUSINESS,DASSAULT,Falcon 6X,L2J/M,35100,2,PW814GA,01P22PW141,JET-BUSINESS-D-6,JET-BUSINESS-A-1,GLF5,M,GTCP 36-150
554,FA7X,JB,JET BUSINESS,DASSAULT,Falcon 7X,L3J/M,28900,3,PW307A,01P16PW143,JET-BUSINESS-D-6,JET-BUSINESS-A-1,FA7X,M,GTCP 36-150
555,FA8X,JB,JET BUSINESS,DASSAULT,Falcon 8X,L3J/M,33100,3,PW307D,01P15PW144,JET-BUSINESS-D-6,JET-BUSINESS-A-1,FA7X,M,GTCP 36-150
556,FAET,PP,PROPELLER,ATEC,321 Faeta,L1P/L,500,1,PF04,PF04,PISTON-D-1,PISTON-A-1,C162,L,
557,FANT,TP,TURBOPROP,RHEIN,Fantrainer,L1T/L,2300,1,FOI-19,FOI-19,TURBOPROP-D-1,TURBOPROP-A-1,TEX2,L,
558,FBA2,PP,PROPELLER,FOUND,FBA-2,L1P/L,2000,1,PF11,PF11,PISTON-D-1,PISTON-A-1,C210,L,
559,FDCT,PP,PROPELLER,FLIGHT DESIGN,DESIGN CT,L1P/L,600,1,PF05,PF05,PISTON-D-1,PISTON-A-1,C162,L,
560,FFLY,PP,PROPELLER,FAIREY,Firefly,L1P/L,,1,P004,P004,PISTON-D-1,PISTON-A-1,C421,L,
561,FGTH,JM,JET MEDIUM,,,,,2,8RR043,8RR043,JET-MEDIUM-D-1,JET-MEDIUM-A-1,FGTH,,
562,FGTL,JM,JET MEDIUM,,,,,1,8RR043,8RR043,JET-MEDIUM-D-1,JET-MEDIUM-A-1,FGTL,,
563,FLSS,PP,PROPELLER,KOLB,Flyer SS,L1P/L,,1,PF06,PF06,PISTON-D-1,PISTON-A-1,MAGC,L,
564,FOUG,JS,JET SMALL,AEROSPATIALE,CM-170R Magister,L2J/L,,2,8RR043,8RR043,JET-MEDIUM-D-1,JET-MEDIUM-A-1,L39,L,
565,FU24,PP,PROPELLER,AIR PARTS,Fletcher FU-24,L1P/L,,1,P004,P004,PISTON-D-1,PISTON-A-1,EV97,L,
566,FURY,PP,PROPELLER,HAWKER,Fury,L1P/L,,1,P004,P004,PISTON-D-1,PISTON-A-1,C402,L,
567,G109,PP,PROPELLER,GROB,G-109,L1P/L,800,1,PF05,PF05,PISTON-D-1,PISTON-A-1,DIMO,L,
568,G115,PP,PROPELLER,GROB,G-115,L1P/L,900,1,PF02,PF02,PISTON-D-1,PISTON-A-1,P28U,L,
569,G120,PP,PROPELLER,GROB,G-120,L1P/L,1400,1,PF12,PF12,PISTON-D-1,PISTON-A-1,BE36,L,
570,G12T,TP,TURBOPROP,GROB,G-120TP,L1T/L,1600,1,FOI-11,FOI-11,TURBOPROP-D-1,TURBOPROP-A-1,E500,L,
571,G140,TP,TURBOPROP,GROB,G-140TP,L1T/L,1600,1,B004,B004,TURBOPROP-D-1,TURBOPROP-A-1,E500,L,
572,G150,JB,JET BUSINESS,IAI,AEROSPACE Gulfstream G150,L2J/M,11700,2,TFE731-3,1AS002,JET-BUSINESS-D-4,JET-BUSINESS-A-1,G150,M,GTCP 36-100
573,G159,TP,TURBOPROP,GRUMMAN,G-159 Gulfstream 1,L2T/M,16300,2,T601,T601,TURBOPROP-D-5,TURBOPROP-A-1,AT43,M,
574,G160,TP,TURBOPROP,GROB,G-160 Ranger,L1T/L,,1,B004,B004,TURBOPROP-D-1,TURBOPROP-A-1,K100,L,
575,G164,PP,PROPELLER,AERO MOD,G-164 Super Ag Max,L1P/L,,1,P004,P004,PISTON-D-1,PISTON-A-1,C188,L,
576,G180,PP,PROPELLER,GENERAL AIRCRAFT,AIRCRAFT G1-80 Skyfarer,L1P/L,600,1,P001,P001,PISTON-D-1,PISTON-A-1,MAGC,L,
577,G200,PP,PROPELLER,AKROTECH,G-200,L1P/L,600,1,PF03,PF03,PISTON-D-1,PISTON-A-1,RV8,L,
578,G202,PP,PROPELLER,AKROTECH,G-202,L1P/L,,1,P131,P131,PISTON-D-1,PISTON-A-1,RV8,L,
579,G21,PP,PROPELLER,GRUMMAN,G-21A Goose,A2P/L,3600,2,P003,P003,PISTON-D-2,PISTON-A-1,DA62,L,
580,G21M,PP,PROPELLER,MCKINNON,G-21C Goose,A4P/L,,4,P003,P003,PISTON-D-1,PISTON-A-1,C414,L,
581,G21T,TP,TURBOPROP,MCKINNON,G-21E Turbo Goose,A2T/L,5600,2,B004,B004,TURBOPROP-D-2,TURBOPROP-A-1,BE20,L,
582,G222,TP,TURBOPROP,AERITALIA,G-222,L2T/M,,2,B134,B134,TURBOPROP-D-1,TURBOPROP-A-1,F27,M,
583,G250,JB,JET BUSINESS,IAI,AEROSPACE Gulfstream G250,L2J/M,18000,2,PW306A,7PW077,JET-BUSINESS-D-5,JET-BUSINESS-A-1,G280,M,GTCP 36-150
584,G280,JB,JET BUSINESS,GULFSTREAM AEROSPACE,AEROSPACE Gulfstream G280,L2J/M,17900,2,AS907-2-1G (HTF7250G),01P11HN012,JET-BUSINESS-D-5,JET-BUSINESS-A-1,G280,M,GTCP 660 (300 HP)
585,G2GL,JS,JET SMALL,SOKO,G-2 Galeb,L1J/L,,1,8RR043,8RR043,JET-MEDIUM-D-1,JET-MEDIUM-A-1,L39,L,
586,G2T1,PP,PROPELLER,GREAT LAKES,2T-1 Sport,L1P/L,,1,PF02,PF02,PISTON-D-1,PISTON-A-1,EV97,L,
587,G3,PP,PROPELLER,REMOS,G-3 Mirage,L1P/L,500,1,PF05,PF05,PISTON-D-1,PISTON-A-1,MAGC,L,
588,G44,PP,PROPELLER,GANNET,G-44 Super Widgeon,A2P/L,,2,P001,P001,PISTON-D-1,PISTON-A-1,C188,L,
589,G4SG,JS,JET SMALL,SOKO,G-4 Super Galeb,L1J/L,,1,8RR043,8RR043,JET-MEDIUM-D-1,JET-MEDIUM-A-1,L39,L,
590,G73,PP,PROPELLER,GRUMMAN,G-73 Mallard,A2P/L,5700,2,B004,B004,PISTON-D-3,PISTON-A-1,C421,L,
591,G73T,TP,TURBOPROP,FRAKES,G-73T Turbo Mallard,A2T/L,,2,B004,B004,TURBOPROP-D-1,TURBOPROP-A-1,DHC6,L,
592,GA10,TP,TURBOPROP,GIPPSAERO,GA-10,L1T/L,,1,B004,B004,TURBOPROP-D-1,TURBOPROP-A-1,P750,L,
593,GA20,PP,PROPELLER,GIPPSLAND,GA-200 Fatman,L1P/L,1900,1,PF12,PF12,PISTON-D-1,PISTON-A-1,C188,L,
594,GA5C,JM,JET MEDIUM,GULFSTREAM AEROSPACE,AEROSPACE G-7 Gulfstream G500,L2J/M,34800,2,PW814GA,01P22PW141,JET-MEDIUM-D-2,JET-MEDIUM-A-1,GLF5,M,GTCP 36 (80HP)
595,GA6C,JM,JET MEDIUM,GULFSTREAM AEROSPACE,AEROSPACE G-7 Gulfstream G600,L2J/M,41500,2,PW815GA,01P22PW142,JET-MEDIUM-D-2,JET-MEDIUM-A-1,GLF5,M,GTCP 36 (80HP)
596,GA7,PP,PROPELLER,GRUMMAN AMERICAN,AMERICAN GA-7 Cougar,L2P/L,1700,2,PF08,PF08,PISTON-D-1,PISTON-A-1,PA44,L,
597,GA7C,JM,JET MEDIUM,GULFSTREAM AEROSPACE,G-8 Gulfstream G700,L2J/M,,2,01P22PW141,01P22PW141,JET-MEDIUM-D-1,JET-MEDIUM-A-1,GLEX,M,
598,GA8,PP,PROPELLER,GIPPSLAND,GA-8 Airvan,L1P/L,1900,1,PF12,PF12,PISTON-D-1,PISTON-A-1,DA50,L,
599,GALX,JB,JET BUSINESS,IAI,AEROSPACE Gulfstream G200,L2J/M,15100,2,PW306A,7PW077,JET-BUSINESS-D-5,JET-BUSINESS-A-1,HA4T,M,GTCP 36-150
600,GC1,PP,PROPELLER,GLOBE,GC-1 Swift,L1P/L,,1,PF04,PF04,PISTON-D-1,PISTON-A-1,DR40,L,
601,GFLY,JM,JET MEDIUM,,,,,1,1PW035,1PW035,JET-MEDIUM-D-1,JET-MEDIUM-A-1,U2,,
602,GL5T,JL,JET LARGE,BOMBARDIER,BD-700 Global 5000,L2J/M,40000,2,BR700-710A2-20,01P04BR013,JET-LARGE-D-1,JET-LARGE-A-1,GL5T,M,GTCP 85 (200 HP)
603,GL7T,JL,JET LARGE,BOMBARDIER,BD-700 Global 7000,L2J/M,42000,2,01P11BR016,01P11BR016,JET-LARGE-D-1,JET-LARGE-A-1,GLEX,M,GTCP 85 (200 HP)
604,GLAS,PP,PROPELLER,NEW GLASAIR,Glasair,L1P/L,1200,1,PF03,PF03,PISTON-D-1,PISTON-A-1,RV8,L,
605,GLEX,JL,JET LARGE,BOMBARDIER,BD-700 Global Express,L2J/M,43500,2,BR700-710A2-20,01P04BR013,JET-LARGE-D-1,JET-LARGE-A-1,GLEX,M,GTCP 85 (200 HP)
606,GLF2,JB,JET BUSINESS,GRUMMAN,C-20J Gulfstream 2SP,L2J/M,29700,2,SPEY MK511,8RR043,JET-BUSINESS-D-6,JET-BUSINESS-A-1,GLF2,M,GTCP 36-150
607,GLF3,JB,JET BUSINESS,GULFSTREAM AEROSPACE,AEROSPACE C-20A Gulfstream 3,L2J/M,31600,2,SPEY MK511,8RR043,JET-BUSINESS-D-6,JET-BUSINESS-A-1,GLF2,M,GTCP 36-100
608,GLF4,JB,JET BUSINESS,GULFSTREAM AEROSPACE,AEROSPACE C-20F Gulfstream 4,L2J/M,33200,2,TAY 611-8C,11RR048,JET-BUSINESS-D-6,JET-BUSINESS-A-1,CRJ9,M,GTCP 36-100
609,GLF5,JB,JET BUSINESS,GULFSTREAM AEROSPACE,AEROSPACE C-37 Gulfstream 5,L2J/M,40300,2,BR700-710A1-10,4BR008,JET-BUSINESS-D-6,JET-BUSINESS-A-1,GLF5,M,GTCP 36-100
610,GLF6,JB,JET BUSINESS,GULFSTREAM AEROSPACE,AEROSPACE Gulfstream G650,L2J/M,45200,2,BR700-725A1-12,01P11BR016,JET-BUSINESS-D-6,JET-BUSINESS-A-1,GLEX,M,GTCP 36-300 (80HP)
611,GLSP,PP,PROPELLER,NEW GLASTAR,GLASTAR Sportsman 2+2,L1P/L,1100,1,PF08,PF08,PISTON-D-1,PISTON-A-1,DR40,L,
612,GLST,PP,PROPELLER,NEW GLASTAR,GlaStar,L1P/L,1000,1,PF08,PF08,PISTON-D-1,PISTON-A-1,P28U,L,
613,GM17,TP,TURBOPROP,INTRACOM,GM-17 Viper,L1T/L,3300,1,B004,B004,TURBOPROP-D-1,TURBOPROP-A-1,K100,L,
614,GNAT,JS,JET SMALL,FOLLAND,Fo-144 Gnat,L1J/L,,1,1AS002,1AS002,JET-MEDIUM-D-1,JET-MEDIUM-A-1,L39,L,
615,GOLF,PP,PROPELLER,TECNAM,P-96 Golf,L1P/L,600,1,PF05,PF05,PISTON-D-1,PISTON-A-1,C150,L,
616,GP1,PP,PROPELLER,JIHLAVAN,Skyleader GP One,L1P/L,,1,PF06,PF06,PISTON-D-1,PISTON-A-1,C150,L,
617,GP4,PP,PROPELLER,OSPREY,GP-4,L1P/L,900,1,PF03,PF03,PISTON-D-1,PISTON-A-1,RV8,L,
618,GRIZ,TP,TURBOPROP,AEROTEK (2),Turbo Grizzly,L1T/L,,1,B004,B004,TURBOPROP-D-1,TURBOPROP-A-1,P750,L,
619,GSPN,JB,JET BUSINESS,GROB,G-180 SPn Utility Jet,L2J/L,6300,2,TFE731-2-2B,1AS001,JET-BUSINESS-D-2,JET-BUSINESS-A-1,C550,L,
620,GX,PP,PROPELLER,REMOS,GX,L1P/L,600,1,PF05,PF05,PISTON-D-1,PISTON-A-1,C162,L,
621,GY80,PP,PROPELLER,GARDAN,GY-80 Horizon,L1P/L,1100,1,PF02,PF02,PISTON-D-1,PISTON-A-1,C152,L,
622,H111,PP,PROPELLER,CASA,2-111,L2P/M,,2,P004,P004,PISTON-D-1,PISTON-A-1,P38,M,
623,H25A,JB,JET BUSINESS,HAWKER SIDDELEY,SIDDELEY HS-125-1,L2J/M,10200,2,TFE731-3,1AS002,JET-BUSINESS-D-4,JET-BUSINESS-A-1,H25A,M,GTCP 36-150
624,H25B,JB,JET BUSINESS,BRITISH AEROSPACE,AEROSPACE BAe-125-700,L2J/M,11200,2,TFE731-3,1AS002,JET-BUSINESS-D-4,JET-BUSINESS-A-1,H25B,M,
625,H25C,JB,JET BUSINESS,BRITISH AEROSPACE,AEROSPACE BAe-125-1000,L2J/M,14000,2,B601,B601,JET-BUSINESS-D-4,JET-BUSINESS-A-1,H25B,M,
626,H269,H1,HELICOPTER LIGHT,BREDANARDI,NH-300,H1P/L,900,1,PF03,PF03,HELIPROF-D-1-STANDARD,HELIPROF-A-1-STANDARD,P28U,L,
627,H40,PP,PROPELLER,HOFFMANN,H-40,L1P/L,,1,PF04,PF04,PISTON-D-1,PISTON-A-1,C152,L,
628,HA4T,JB,JET BUSINESS,HAWKER BEECHCRAFT,BEECHCRAFT 4000 Hawker 4000,L2J/M,16300,2,PW308A,01P07PW145,JET-BUSINESS-D-5,JET-BUSINESS-A-1,HA4T,M,
629,HAR,JS,JET SMALL,MCDONNELL DOUGLAS,TAV-8 Matador,L1J/M,,1,4CM035,4CM035,JET-MEDIUM-D-1,JET-MEDIUM-A-1,AJET,M,
630,HAWK,JS,JET SMALL,BAE SYSTEMS,CT-155  Hawk,L1J/L/M,,1,01P14HN014,01P14HN014,JET-MEDIUM-D-1,JET-MEDIUM-A-1,HAWK,L/M,
631,HDJT,JB,JET BUSINESS,HONDA,HA-420 HondaJet,L2J/L,4100,2,B601,B601,JET-BUSINESS-D-1,JET-BUSINESS-A-1,HDJT,L,
632,HELI,PP,PROPELLER,,,,,1,PF08,PF08,PISTON-D-1,PISTON-A-1,P28A,,
633,HERN,PP,PROPELLER,DE HAVILLAND,HAVILLAND DH-114 Heron,L4P/L,6100,4,P004,P004,PISTON-D-3,PISTON-A-1,S2P,L,
634,HF20,JM,JET MEDIUM,HFB,Hansa,L2J/M,,2,1PW037,1PW037,JET-MEDIUM-D-1,JET-MEDIUM-A-1,H25A,M,
635,HR10,PP,PROPELLER,ROBIN,HR-100 President,L1P/L,,1,PF01,PF01,PISTON-D-1,PISTON-A-1,M20P,L,
636,HR20,PP,PROPELLER,ROBIN,HR-200,L1P/L,700,1,PF04,PF04,PISTON-D-1,PISTON-A-1,DV20,L,
637,HRNT,PP,PROPELLER,AAK,Hornet,L1P/L,,1,PF06,PF06,PISTON-D-1,PISTON-A-1,MAGC,L,
638,HRON,PP,PROPELLER,IAI,Heron,L1P/L,,1,P002,P002,PISTON-D-1,PISTON-A-1,Q9,L,
639,HU1,PP,PROPELLER,SHENYANG SAILPLANE,HU-1 Seagull,L1P/L,,1,PF04,PF04,PISTON-D-1,PISTON-A-1,DIMO,L,
640,HU2,PP,PROPELLER,SHENYANG SAILPLANE,SAILPLANE HU-2 Petrel,L1P/L,800,1,PF06,PF06,PISTON-D-1,PISTON-A-1,DIMO,L,
641,HUNT,JS,JET SMALL,HAWKER,Hunter,L1J/M,,1,1RR017,1RR017,JET-MEDIUM-D-1,JET-MEDIUM-A-1,AJET,M,
642,HURK,TP,TURBOPROP,TAI,Hürkuş,L1T/L,,1,B004,B004,TURBOPROP-D-1,TURBOPROP-A-1,TEX2,L,
643,HUSK,PP,PROPELLER,AVIAT,A-1 Husky,L1P/L,900,1,PF02,PF02,PISTON-D-1,PISTON-A-1,DR40,L,
644,HYPR,PP,PROPELLER,P&M AVIATION,HypR,L1P/L,,1,PF05,PF05,PISTON-D-1,PISTON-A-1,SVNH,L,
645,I114,TP,TURBOPROP,ILYUSHIN,Il-114,L2T/M,23500,2,T601,T601,TURBOPROP-D-6,TURBOPROP-A-1,F27,M,
646,I23,PP,PROPELLER,INSTYTUT LOTNICTWA,LOTNICTWA I-23 Manager,L1P/L,1000,1,PF02,PF02,PISTON-D-1,PISTON-A-1,DA40,L,
647,IA63,JS,JET SMALL,FMA,AT-63 Pampa,L1J/L,,1,8RR043,8RR043,JET-MEDIUM-D-1,JET-MEDIUM-A-1,L39,L,
648,IL14,PP,PROPELLER,AVIA,Av-14,L2P/M,17500,2,P121,P121,PISTON-D-4,PISTON-A-1,F27,M,
649,IL18,TP,TURBOPROP,ILYUSHIN,Il-18,L4T/M,64000,4,FOI-5,FOI-5,TURBOPROP-D-6,TURBOPROP-A-1,AN12,M,GTCP 660 (300 HP)
650,IL38,TP,TURBOPROP,ILYUSHIN,Il-38,L4T/M,,4,FOI-4,FOI-4,TURBOPROP-D-1,TURBOPROP-A-1,C30J,M,
651,IL62,JL,JET LARGE,ILYUSHIN,Il-62,L4J/H,165000,4,D-30KU,1AA003,JET-LARGE-D-3,JET-LARGE-A-1,DC87,H,GTCP 660 (300 HP)
652,IL76,JL,JET LARGE,ILYUSHIN,Il-76,L4J/H,170000,4,D-30KP-2,1AA002,JET-LARGE-D-3,JET-LARGE-A-1,IL76,H,GTCP 660 (300 HP)
653,IL86,JL,JET LARGE,ILYUSHIN,Il-86,L4J/H,208000,4,NK-86,1KK003,JET-LARGE-D-4,JET-LARGE-A-1,IL86,H,GTCP 660 (300 HP)
654,IL96,JL,JET LARGE,ILYUSHIN,Il-96,L4J/H,216000,4,4PW072,4PW072,JET-LARGE-D-4,JET-LARGE-A-1,IL96,H,GTCP 331-350
655,IMPU,PP,PROPELLER,IMPULSE,Impulse,L1P/L,500,1,PF06,PF06,PISTON-D-1,PISTON-A-1,E300,L,
656,IR23,PP,PROPELLER,ICA,IAR-823,L1P/L,1200,1,PF12,PF12,PISTON-D-1,PISTON-A-1,SR20,L,
657,IR99,JS,JET SMALL,AVIOANE,IAR-99 Soim,L1J/L,,1,1AS002,1AS002,JET-MEDIUM-D-1,JET-MEDIUM-A-1,L39,L,
658,IS28,PP,PROPELLER,IAR,IS-28M2,L1P/L,,1,PF09,PF09,PISTON-D-1,PISTON-A-1,DIMO,L,
659,J10,JS,JET SMALL,CHENGDU,F-10,L1J/M,,1,8RR043,8RR043,JET-MEDIUM-D-1,JET-MEDIUM-A-1,F16,M,
660,J20,JM,JET MEDIUM,CHENGDU,J-20,L2J/M,,2,8RR043,8RR043,JET-MEDIUM-D-1,JET-MEDIUM-A-1,F15,M,
661,J328,JB,JET BUSINESS,328 SUPPORT SERVICES,SUPPORT SERVICES Dornier 328JET,L2J/M,15600,2,PW306B,7PW078,JET-BUSINESS-D-5,JET-BUSINESS-A-1,E135,M,GTCP 36-150
662,JAB2,PP,PROPELLER,JABIRU,Jabiru J160,L1P/L,,1,PF06,PF06,PISTON-D-1,PISTON-A-1,MAGC,L,
663,JAB4,PP,PROPELLER,JABIRU,Jabiru J200,L1P/L,700,1,PF04,PF04,PISTON-D-1,PISTON-A-1,C162,L,
664,JABI,PP,PROPELLER,JABIRU,Jabiru LSA,L1P/L,500,1,PF04,PF04,PISTON-D-1,PISTON-A-1,EV97,L,
665,JAGR,JM,JET MEDIUM,HINDUSTAN,Jaguar,L2J/M,,2,7PW077,7PW077,JET-MEDIUM-D-1,JET-MEDIUM-A-1,F16,M,
666,JCOM,JB,JET BUSINESS,AERO COMMANDER,COMMANDER 1121 Jet Commander,L2J/M,7200,2,TFE731-3,1AS002,JET-BUSINESS-D-2,JET-BUSINESS-A-1,H25A,M,
667,JPRO,JS,JET SMALL,BAC,145 Jet Provost,L1J/L,,1,1PW036,1PW036,JET-MEDIUM-D-1,JET-MEDIUM-A-1,L39,L,
668,JS1,TP,TURBOPROP,BAE,Jetstream 1,L2T/L,5670,2,B134,B134,TURBOPROP-D-2,TURBOPROP-A-1,D228,L,
669,JS20,TP,TURBOPROP,,,,,2,B004,B004,TURBOPROP-D-1,TURBOPROP-A-1,D228,,
670,JS3,TP,TURBOPROP,CENTURY,Jetstream 3,L2T/L,,2,B004,B004,TURBOPROP-D-1,TURBOPROP-A-1,D228,L,
671,JS31,TP,TURBOPROP,BRITISH AEROSPACE,AEROSPACE BAe-3100 Jetstream 31,L2T/L/M,6900,2,FOI-100,FOI-100,TURBOPROP-D-2,TURBOPROP-A-1,JS32,L/M,
672,JS32,TP,TURBOPROP,BRITISH AEROSPACE,AEROSPACE BAe-3200 Jetstream Super 31,L2T/M,7300,2,FOI-106,FOI-106,TURBOPROP-D-2,TURBOPROP-A-1,JS32,M,
673,JS41,TP,TURBOPROP,AI(R),BAe-4100 Jetstream 41,L2T/M,10800,2,FOI-109,FOI-109,TURBOPROP-D-4,TURBOPROP-A-1,JS41,M,
674,JU52,PP,PROPELLER,CASA,352L,L3P/M,,3,P004,P004,PISTON-D-1,PISTON-A-1,S2P,M,
675,K100,TP,TURBOPROP,QUEST,Kodiak 100,L1T/L,3200,1,FOI-21,FOI-21,TURBOPROP-D-1,TURBOPROP-A-1,K100,L,
676,K250,PP,PROPELLER,,,,,2,PF08,PF08,PISTON-D-1,PISTON-A-1,C172,,
677,K35A,JM,JET MEDIUM,,,,,4,01P08CM109,01P08CM109,JET-MEDIUM-D-1,JET-MEDIUM-A-1,B703,,
678,K35E,JL,JET LARGE,BOEING,KC-135E Stratotanker,L4J/H,,4,1CM002,1CM002,JET-MEDIUM-D-1,JET-MEDIUM-A-1,B703,H,
679,K35R,JL,JET LARGE,BOEING,C-135FR Stratotanker,L4J/H,,4,1CM001,1CM001,JET-MEDIUM-D-1,JET-MEDIUM-A-1,B703,H,
680,KA26,H2,HELICOPTER HEAVY,KAMOV,Ka-26,H2P/L,,2,PF07,PF07,PISTON-D-1,PISTON-A-1,PA31,L,
681,KAT3,TP,TURBOPROP,KHRUNICHEV,AT-3,L1T/L,,1,B004,B004,TURBOPROP-D-1,TURBOPROP-A-1,K100,L,
682,KC2,JM,JET MEDIUM,KAWASAKI,XC-2,L2J/H,120100,2,CF34-8C5A2,01P08GE193,JET-MEDIUM-D-5,JET-MEDIUM-A-1,B703,H,
683,KC39,JM,JET MEDIUM,,,,,2,01P14IA026,01P14IA026,JET-MEDIUM-D-1,JET-MEDIUM-A-1,A321,,
684,KE3,JL,JET LARGE,BOEING,KE-3,L4J/H,,4,1PW001,1PW001,JET-MEDIUM-D-1,JET-MEDIUM-A-1,DC87,H,
685,KEST,TP,TURBOPROP,FARNBOROUGH,F-1 Kestrel,L1T/L,3700,1,B134,B134,TURBOPROP-D-1,TURBOPROP-A-1,TBM9,L,
686,KFIR,JS,JET SMALL,IAI,Kfir,L1J/M,,1,8RR043,8RR043,JET-MEDIUM-D-1,JET-MEDIUM-A-1,F16,M,
687,KL07,PP,PROPELLER,BOLKOW,F-207,L1P/L,,1,PF02,PF02,PISTON-D-1,PISTON-A-1,C172,L,
688,KODI,TP,TURBOPROP,,,,,1,FOI-21,FOI-21,TURBOPROP-D-1,TURBOPROP-A-1,K100,,
689,KP2,PP,PROPELLER,JIHLAVAN,KP-2 Rapid 200,L1P/L,500,1,PF06,PF06,PISTON-D-1,PISTON-A-1,C162,L,
690,KP5,PP,PROPELLER,JIHLAVAN,KP-5 Rapid 500,L1P/L,,1,PF06,PF06,PISTON-D-1,PISTON-A-1,C162,L,
691,KR30,PP,PROPELLER,EKOLOT,KR-030 Topaz,L1P/L,500,1,PF06,PF06,PISTON-D-1,PISTON-A-1,EV97,L,
692,KT1,TP,TURBOPROP,DAEWOO,KT-1 Woong-Bee,L1T/L,,1,B134,B134,TURBOPROP-D-1,TURBOPROP-A-1,TEX2,L,
693,L101,JL,JET LARGE,LOCKHEED,L-1011 TriStar,L3J/H,211000,3,1RR002,1RR002,JET-LARGE-D-4,JET-LARGE-A-1,L101,H,GTCP 331-250
694,L12,PP,PROPELLER,LOCKHEED,C-40 Electra Junior,L2P/L,,2,PF01,PF01,PISTON-D-1,PISTON-A-1,B58T,L,
695,L14,PP,PROPELLER,LOCKHEED,Hudson,L2P/M,,2,PF01,PF01,PISTON-D-1,PISTON-A-1,P38,M,
696,L159,JS,JET SMALL,AERO (2),Albatros 2,L1J/M,,1,01P16PW143,01P16PW143,JET-MEDIUM-D-1,JET-MEDIUM-A-1,HAWK,M,
697,L188,TP,TURBOPROP,LOCKHEED,L-188 Electra,L4T/M,52600,4,T601,T601,TURBOPROP-D-6,TURBOPROP-A-1,AN12,M,
698,L200,PP,PROPELLER,LET,L-200 Morava,L2P/L,,2,P002,P002,PISTON-D-1,PISTON-A-1,BE76,L,
699,L29,JB,JET BUSINESS,AERO,L-29 Delfin,L1J/L,3500,1,JT15D-1 SERIES,1PW035,JET-BUSINESS-D-1,JET-BUSINESS-A-1,L39,L,
700,L29A,JR,JET REGIONAL,LOCKHEED,L-1329 Jetstar 6,L4J/M,18500,4,TFE731-3,1AS002,JET-REGIONAL-D-1,JET-REGIONAL-A-1,CL60,M,GTCP 36-4A
701,L29B,JR,JET REGIONAL,LOCKHEED,L-1329 Jetstar 2,L4J/M,19800,4,TFE731-3,1AS002,JET-REGIONAL-D-1,JET-REGIONAL-A-1,CL60,M,
702,L37,PP,PROPELLER,HOWARD (2),500,L2P/M,,2,P004,P004,PISTON-D-1,PISTON-A-1,P38,M,
703,L39,JS,JET SMALL,AERO (2),Albatros,L1J/L,,1,1AS002,1AS002,JET-MEDIUM-D-1,JET-MEDIUM-A-1,L39,L,
704,L40,PP,PROPELLER,ORLIČAN (1),L-40 Meta Sokol,L1P/L,,1,PF10,PF10,PISTON-D-1,PISTON-A-1,EV97,L,
705,L410,TP,TURBOPROP,LET,INDUSTRIES L-410 Turbolet,L2T/L,6400,2,FOI-94,FOI-94,TURBOPROP-D-2,TURBOPROP-A-1,L410,L,
706,L59,JS,JET SMALL,AERO (2),L-59,L1J/L,,1,8RR043,8RR043,JET-MEDIUM-D-1,JET-MEDIUM-A-1,L39,L,
707,L6,PP,PROPELLER,AEROVOLGA,L-6,A2P/L,,2,PF02,PF02,PISTON-D-1,PISTON-A-1,DV20,L,
708,L60,PP,PROPELLER,AERO (2),Brigadyr,L1P/L,,1,PF03,PF03,PISTON-D-1,PISTON-A-1,C188,L,
709,L70,PP,PROPELLER,VALMET,L-70 Miltrainer,L1P/L,,1,PF03,PF03,PISTON-D-1,PISTON-A-1,DA40,L,
710,L8,PP,PROPELLER,LUSCOMBE,8,L1P/L,600,1,PF05,PF05,PISTON-D-1,PISTON-A-1,EV97,L,
711,L90,TP,TURBOPROP,AERMACCHI,M-290TP Redigo,L1T/L,,1,FOI-11,FOI-11,TURBOPROP-D-1,TURBOPROP-A-1,E500,L,
712,LA25,PP,PROPELLER,LAKE,LA-250 Renegade,A1P/L,1300,1,PF12,PF12,PISTON-D-1,PISTON-A-1,C172,L,
713,LA4,PP,PROPELLER,LAKE,LA-4,A1P/L,1200,1,PF03,PF03,PISTON-D-1,PISTON-A-1,C172,L,
714,LA8,PP,PROPELLER,AEROVOLGA,LA-8 Flagman,A2P/L,,2,PF11,PF11,PISTON-D-1,PISTON-A-1,DA40,L,
715,LANC,PP,PROPELLER,AVRO,683 Lancaster,L4P/M,,4,P004,P004,PISTON-D-1,PISTON-A-1,F27,M,
716,LCA,JS,JET SMALL,ADA,LCA Tejas,L1J/M,,1,8RR043,8RR043,JET-MEDIUM-D-1,JET-MEDIUM-A-1,AJET,M,
717,LCR,PP,PROPELLER,LAIRD,LC-R Speedwing,L1P/L,,1,PF06,PF06,PISTON-D-1,PISTON-A-1,MAGC,L,
718,LEG2,PP,PROPELLER,LANCAIR,Legacy,L1P/L,1000,1,PF01,PF01,PISTON-D-1,PISTON-A-1,BE36,L,
719,LESP,PP,PROPELLER,LANCAIR,Lancair ES-P,L1P/L,,1,PF01,PF01,PISTON-D-1,PISTON-A-1,M20T,L,
720,LGEZ,PP,PROPELLER,RUTAN,61 Long-EZ,L1P/L,600,1,PF04,PF04,PISTON-D-1,PISTON-A-1,T206,L,
721,LJ23,JB,JET BUSINESS,LEAR JET,LEARJET 23,L2J/L,5600,2,JT15D-5-5A-5B,1PW037,JET-BUSINESS-D-2,JET-BUSINESS-A-1,LJ25,L,
722,LJ24,JB,JET BUSINESS,GATES LEARJET,LEARJET 24,L2J/L,6100,2,TFE731-3,1AS002,JET-BUSINESS-D-2,JET-BUSINESS-A-1,LJ25,L,
723,LJ25,JB,JET BUSINESS,GATES LEARJET,LEARJET 25,L2J/L,6800,2,B602,B602,JET-BUSINESS-D-2,JET-BUSINESS-A-1,LJ25,L,
724,LJ28,JS,JET SMALL,GATES LEARJET,28,L2J/L,,2,1PW037,1PW037,JET-MEDIUM-D-1,JET-MEDIUM-A-1,LJ25,L,
725,LJ31,JB,JET BUSINESS,GATES LEARJET,LEARJET 31,L2J/M,7400,2,TFE731-2-2B,1AS001,JET-BUSINESS-D-2,JET-BUSINESS-A-1,BE40,M,
726,LJ35,JB,JET BUSINESS,GATES LEARJET,LEARJET 35,L2J/M,8300,2,TFE731-2-2B,1AS001,JET-BUSINESS-D-3,JET-BUSINESS-A-1,LJ35,M,
727,LJ40,JB,JET BUSINESS,LEARJET,LEARJET 40,L2J/M,9200,2,TFE731-3,1AS002,JET-BUSINESS-D-3,JET-BUSINESS-A-1,LJ45,M,
728,LJ45,JB,JET BUSINESS,LEARJET,LEARJET 45,L2J/M,9100,2,TFE731-3,1AS002,JET-BUSINESS-D-3,JET-BUSINESS-A-1,LJ45,M,
729,LJ55,JB,JET BUSINESS,GATES LEARJET,LEARJET 55,L2J/M,9700,2,TFE731-3,1AS002,JET-BUSINESS-D-3,JET-BUSINESS-A-1,LJ60,M,T-62T-47C1
730,LJ60,JB,JET BUSINESS,LEARJET,LEARJET 60,L2J/M,10600,2,01P16PW143,01P16PW143,JET-BUSINESS-D-4,JET-BUSINESS-A-1,LJ60,M,
731,LJ70,JB,JET BUSINESS,LEARJET,LEARJET 70,L2J/M,9500,2,TFE731-3,1AS002,JET-BUSINESS-D-3,JET-BUSINESS-A-1,LJ75,M,
732,LJ75,JB,JET BUSINESS,LEARJET,LEARJET 75,L2J/M,9700,2,TFE731-3,1AS002,JET-BUSINESS-D-3,JET-BUSINESS-A-1,LJ75,M,
733,LJ85,JM,JET MEDIUM,,,,,2,01P16PW143,01P16PW143,JET-MEDIUM-D-1,JET-MEDIUM-A-1,FA50,,
734,LN3,PP,PROPELLER,FLYGFABRIKEN,LN-3 Seagull,A1P/L,,1,PF06,PF06,PISTON-D-1,PISTON-A-1,C152,L,
735,LNC2,PP,PROPELLER,LANCAIR,Lancair 200,L1P/L,800,1,PF03,PF03,PISTON-D-1,PISTON-A-1,RV8,L,
736,LNC4,PP,PROPELLER,LANCAIR,Lancair 4,L1P/L,1400,1,P121,P121,PISTON-D-1,PISTON-A-1,TBM7,L,
737,LNCE,PP,PROPELLER,LANCAIR,Lancair ES,L1P/L,1500,1,PF01,PF01,PISTON-D-1,PISTON-A-1,SR22,L,
738,LNP4,TP,TURBOPROP,LANCAIR,Lancair PropJet 4,L1T/L,1700,1,FOI-16,FOI-16,TURBOPROP-D-1,TURBOPROP-A-1,TBM7,L,
739,LW20,PP,PROPELLER,HOWARD HUGHES,Australian LightWing Speed SP-2000,L1P/L,,1,PF06,PF06,PISTON-D-1,PISTON-A-1,MAGC,L,
740,LW40,PP,PROPELLER,HOWARD HUGHES,Australian LightWing Speed SP-4000,L1P/L,,1,PF02,PF02,PISTON-D-1,PISTON-A-1,P28A,L,
741,LWIN,PP,PROPELLER,HOWARD HUGHES,Australian LightWing   GR-912,L1P/L,,1,PF05,PF05,PISTON-D-1,PISTON-A-1,SVNH,L,
742,M10,PP,PROPELLER,AEROSTAR (1),90,L1P/L,,1,P121,P121,PISTON-D-1,PISTON-A-1,MAGC,L,
743,M106,PP,PROPELLER,LAMBERT,M-106 Mission,L1P/L,,1,PF06,PF06,PISTON-D-1,PISTON-A-1,SVNH,L,
744,M108,PP,PROPELLER,LAMBERT,M-108 Mission,L1P/L,,1,PF06,PF06,PISTON-D-1,PISTON-A-1,MAGC,L,
745,M10F,PP,PROPELLER,,,,,1,PF10,PF10,PISTON-D-1,PISTON-A-1,C172,,
746,M10R,PP,PROPELLER,,,,,1,PF10,PF10,PISTON-D-1,PISTON-A-1,C82S,,
747,M15,JS,JET SMALL,PZL-MIELEC,Belphegor,L1J/L,,1,B004,B004,TURBOPROP-D-1,TURBOPROP-A-1,DHC6,L,
748,M17,JS,JET SMALL,MYASISHCHEV,M-17 Stratosfera,L1J/M,,1,1PW018,1PW018,JET-MEDIUM-D-1,JET-MEDIUM-A-1,U2,M,
749,M18,PP,PROPELLER,AII,AVA-303,L1P/L,4200,1,PF07,PF07,PISTON-D-2,PISTON-A-1,T206,L,
750,M2,PP,PROPELLER,KUBICEK,M-2 Scout,L1P/L,600,1,PF05,PF05,PISTON-D-1,PISTON-A-1,C162,L,
751,M200,PP,PROPELLER,AERO COMMANDER,COMMANDER 200 Commander 200,L1P/L,2000,1,PF07,PF07,PISTON-D-1,PISTON-A-1,BE36,L,
752,M203,PP,PROPELLER,,,,,1,P121,P121,PISTON-D-1,PISTON-A-1,PA46,,
753,M20P,PP,PROPELLER,AEROSTAR,200,L1P/L,1200,1,P002,P002,PISTON-D-1,PISTON-A-1,M20P,L,
754,M20T,PP,PROPELLER,MOONEY,M-20K 231,L1P/L,1500,1,PF12,PF12,PISTON-D-1,PISTON-A-1,M20T,L,
755,M21,PP,PROPELLER,PZL-MIELEC,Dromader Mini,L1P/L,,1,PF07,PF07,PISTON-D-1,PISTON-A-1,DV20,L,
756,M212,PP,PROPELLER,LAMBERT,M-212 Mission,L1P/L,900,1,PF02,PF02,PISTON-D-1,PISTON-A-1,P28U,L,
757,M22,PP,PROPELLER,MOONEY,M-22,L1P/L,1500,1,PF07,PF07,PISTON-D-1,PISTON-A-1,PA34,L,
758,M24,PP,PROPELLER,PZL-MIELEC,Dromader Super,L1P/L,,1,P004,P004,PISTON-D-1,PISTON-A-1,C172,L,
759,M26,PP,PROPELLER,PZL-MIELEC,M-26 Air Wolf,L1P/L,1400,1,PF01,PF01,PISTON-D-1,PISTON-A-1,TB20,L,
760,M28,TP,TURBOPROP,PZL-MIELEC,M-28 Skytruck,L2T/L/M,,2,FOI-39,FOI-39,TURBOPROP-D-1,TURBOPROP-A-1,JS32,L/M,
761,M339,JS,JET SMALL,AERMACCHI,MB-339,L1J/L,,1,1AS002,1AS002,JET-MEDIUM-D-1,JET-MEDIUM-A-1,L39,L,
762,M346,JM,JET MEDIUM,ALENIA AERMACCHI,M-346 Master,L2J/M,9500,2,PW306A,7PW077,JET-MEDIUM-D-1,JET-MEDIUM-A-1,HAWK,M,
763,M360,PP,PROPELLER,,,,,1,PF03,PF03,PISTON-D-1,PISTON-A-1,P28U,,
764,M4,PP,PROPELLER,MAULE,Astro Rocket,L1P/L,,1,PF02,PF02,PISTON-D-1,PISTON-A-1,DR40,L,
765,M5,PP,PROPELLER,MAULE,M-5,L1P/L,1000,1,PF11,PF11,PISTON-D-1,PISTON-A-1,RV14,L,
766,M55,JM,JET MEDIUM,MYASISHCHEV,M-55 Geophysica,L2J/M,20000,2,1PW018,1PW018,JET-MEDIUM-D-2,JET-MEDIUM-A-1,U2,M,
767,M6,PP,PROPELLER,MAULE,M-6 Super Rocket,L1P/L,1000,1,PF11,PF11,PISTON-D-1,PISTON-A-1,DR40,L,
768,M600,TP,TURBOPROP,PIPER,PA-46-600TP M600,L1T/L,,1,FOI-25,FOI-25,TURBOPROP-D-1,TURBOPROP-A-1,TBM7,L,
769,M7,PP,PROPELLER,MAULE,M-7-235 Orion,L1P/L,1200,1,PF11,PF11,PISTON-D-1,PISTON-A-1,TB20,L,
770,M7T,TP,TURBOPROP,MAULE,M-7-420,L1T/L,1300,1,FOI-11,FOI-11,TURBOPROP-D-1,TURBOPROP-A-1,E500,L,
771,M8,PP,PROPELLER,MAULE,M-8,L1P/L,2000,1,PF11,PF11,PISTON-D-1,PISTON-A-1,P28U,L,
772,MA60,TP,TURBOPROP,XIAN,MA-60,L2T/M,21800,2,T603,T603,TURBOPROP-D-6,TURBOPROP-A-1,F27,M,
773,MAGC,PP,PROPELLER,IBIS (2),Magic,L1P/L,,1,PF06,PF06,PISTON-D-1,PISTON-A-1,MAGC,L,
774,MC23,JM,JET MEDIUM,IRKUT,MC-21-300,L2J/M,,2,01P22PW175,01P22PW175,JET-MEDIUM-D-1,JET-MEDIUM-A-1,A20N,M,
775,MC90,PP,PROPELLER,MONOCOUPE,90,L1P/L,,1,PF10,PF10,PISTON-D-1,PISTON-A-1,EV97,L,
776,MCR1,PP,PROPELLER,COLOMBAN,MC-100 Ban-Bi,L1P/L,500,1,PF09,PF09,PISTON-D-1,PISTON-A-1,RV8,L,
777,MCR4,PP,PROPELLER,DYN'AERO,Lafayette 4 Revolution,L1P/L,700,1,PF04,PF04,PISTON-D-1,PISTON-A-1,C162,L,
778,MD11,JL,JET LARGE,BOEING,MD-11,L3J/H,273200,3,CF6-80C2D1F,2GE049,JET-LARGE-D-5,JET-LARGE-A-1,MD11,H,GTCP331-200ER (143 HP)
779,MD81,JS,JET SMALL,BOEING,MD-81,L2J/M,67800,2,1PW018,1PW018,JET-SMALL-D-3,JET-SMALL-A-1,MD82,M,GTCP85-98 (200 HP)
780,MD82,JS,JET SMALL,BOEING,MD-82,L2J/M,67800,2,1PW018,1PW018,JET-SMALL-D-3,JET-SMALL-A-1,MD82,M,GTCP85-98 (200 HP)
781,MD83,JS,JET SMALL,BOEING,MD-83,L2J/M,72500,2,1PW018,1PW018,JET-SMALL-D-4,JET-SMALL-A-1,MD83,M,GTCP85-98 (200 HP)
782,MD87,JS,JET SMALL,BOEING,MD-87,L2J/M,72500,2,JT8D-217C,4PW070,JET-SMALL-D-4,JET-SMALL-A-1,MD82,M,GTCP85-98 (200 HP)
783,MD88,JS,JET SMALL,BOEING,MD-88,L2J/M,67800,2,JT8D-217C,4PW070,JET-SMALL-D-3,JET-SMALL-A-1,MD82,M,GTCP85-98 (200 HP)
784,MD90,JS,JET SMALL,BOEING,MD-90,L2J/M,78200,2,V2525-D5,1IA002,JET-SMALL-D-4,JET-SMALL-A-1,MD83,M,131-9
785,MF17,PP,PROPELLER,PAKISTAN,Mushshak,L1P/L,,1,PF03,PF03,PISTON-D-1,PISTON-A-1,P06T,L,
786,MG15,JS,JET SMALL,AERO (2),CS-102,L1J/L,,1,1AS002,1AS002,JET-MEDIUM-D-1,JET-MEDIUM-A-1,L39,L,
787,MG17,JS,JET SMALL,CHENGDU,FT-5,L1J/L,,1,7PW077,7PW077,JET-MEDIUM-D-1,JET-MEDIUM-A-1,L39,L,
788,MG21,JS,JET SMALL,AEROSTAR (2),Lancer,L1J/M,,1,07P05GE220,07P05GE220,JET-MEDIUM-D-1,JET-MEDIUM-A-1,F16,M,
789,MG23,JS,JET SMALL,HINDUSTAN,Bahadur,L1J/M,,1,8RR043,8RR043,JET-MEDIUM-D-1,JET-MEDIUM-A-1,F16,M,
790,MG25,JM,JET MEDIUM,MIKOYAN,MiG-25,L2J/M,,2,8RR043,8RR043,JET-MEDIUM-D-1,JET-MEDIUM-A-1,F15,M,
791,MG29,JM,JET MEDIUM,MAPO,MiG-29,L2J/M,,2,11GE141,11GE141,JET-MEDIUM-D-1,JET-MEDIUM-A-1,F16,M,
792,MG31,JM,JET MEDIUM,MAPO,MiG-31,L2J/M,,2,8RR043,8RR043,JET-MEDIUM-D-1,JET-MEDIUM-A-1,F15,M,
793,MIR2,JS,JET SMALL,DASSAULT,Mirage 2000,L1J/M,,1,1PW006,1PW006,JET-MEDIUM-D-1,JET-MEDIUM-A-1,F16,M,
794,MIR4,JM,JET MEDIUM,,,,,2,8RR043,8RR043,JET-MEDIUM-D-1,JET-MEDIUM-A-1,F15,,
795,MIRA,JS,JET SMALL,ATLAS,Cheetah,L1J/M,,1,8RR043,8RR043,JET-MEDIUM-D-1,JET-MEDIUM-A-1,F16,M,
796,MOL1,PP,PROPELLER,MOLNIYA,1,L1P/L,,1,P121,P121,PISTON-D-1,PISTON-A-1,PA46,L,
797,MOR2,PP,PROPELLER,MORRISEY,2000 Nifty,L1P/L,900,1,PF08,PF08,PISTON-D-1,PISTON-A-1,RV14,L,
798,MP20,PP,PROPELLER,PLAN,MP-205 Busard,L1P/L,500,1,PF05,PF05,PISTON-D-1,PISTON-A-1,EV97,L,
799,MRF1,JS,JET SMALL,DASSAULT,Mirage F1,L1J/M,,1,8RR043,8RR043,JET-MEDIUM-D-1,JET-MEDIUM-A-1,F16,M,
800,MRJ7,JM,JET MEDIUM,,,,,2,01P20CM133,01P20CM133,JET-MEDIUM-D-1,JET-MEDIUM-A-1,A148,,
801,MRJ9,JM,JET MEDIUM,MITSUBISHI,MRJ-90,L2J/L,42800,2,PW1217G,01P22PW169,JET-MEDIUM-D-2,JET-MEDIUM-A-1,A148,L,
802,MRMD,PP,PROPELLER,CZAW,Mermaid,A1P/L,,1,PF06,PF06,PISTON-D-1,PISTON-A-1,C150,L,
803,MS18,PP,PROPELLER,,,,,1,PF11,PF11,PISTON-D-1,PISTON-A-1,DA40,,
804,MS30,PP,PROPELLER,SOCATA,MS-300 Epsilon 2,L1P/L,1250,1,PF01,PF01,PISTON-D-1,PISTON-A-1,DR40,L,
805,MS76,JS,JET SMALL,DINFIA,MS-760 Paris,L2J/L,,2,B601,B601,JET-MEDIUM-D-1,JET-MEDIUM-A-1,EA50,L,
806,MU2,TP,TURBOPROP,MITSUBISHI,LR-1,L2T/L,4700,2,FOI-110,FOI-110,TURBOPROP-D-1,TURBOPROP-A-1,MU2,L,
807,MU23,PP,PROPELLER,AKAFLIEG MUNCHEN,Mü-23 Saurier,L1P/L,,1,PF09,PF09,PISTON-D-1,PISTON-A-1,DIMO,L,
808,MU30,JB,JET BUSINESS,MITSUBISHI,MU-300 Diamond,L2J/M,7300,2,JT15D-4 SERIES,1PW036,JET-BUSINESS-D-2,JET-BUSINESS-A-1,BE40,M,
809,MUS2,PP,PROPELLER,BUSHBY,M-2 Mustang 2,L1P/L,,1,P111,P111,PISTON-D-1,PISTON-A-1,RV8,L,
810,N262,TP,TURBOPROP,AEROSPATIALE,Mohawk 298,L2T/M,10800,2,T601,T601,TURBOPROP-D-4,TURBOPROP-A-1,JS41,M,
811,NAVI,PP,PROPELLER,NORTH AMERICAN,L-17 Navion,L1P/L,,1,PF12,PF12,PISTON-D-1,PISTON-A-1,DA40,L,
812,NG5,PP,PROPELLER,BRM AERO,AERO Bristell NG-5,L1P/L,700,1,PF05,PF05,PISTON-D-1,PISTON-A-1,C162,L,
813,NIM,JM,JET MEDIUM,,,,,4,8RR043,8RR043,JET-MEDIUM-D-1,JET-MEDIUM-A-1,B738,,
814,NM5,PP,PROPELLER,NAL,NM-5,L1P/L,,1,PF05,PF05,PISTON-D-1,PISTON-A-1,M20P,L,
815,NNJA,PP,PROPELLER,BEST OFF,Nynja,L1P/L,,1,PF06,PF06,PISTON-D-1,PISTON-A-1,MAGC,L,
816,NOMA,TP,TURBOPROP,GAF,N-2 Nomad,L2T/L,4200,2,B134,B134,TURBOPROP-D-1,TURBOPROP-A-1,BE99,L,
817,O1,PP,PROPELLER,CESSNA,305 Bird Dog,L1P/L,,1,P002,P002,PISTON-D-1,PISTON-A-1,DR40,L,
818,ONE,PP,PROPELLER,C2P,One,L1P/L,,1,PF06,PF06,PISTON-D-1,PISTON-A-1,C162,L,
819,ONEX,PP,PROPELLER,SONEX,Onex,L1P/L,,1,PF09,PF09,PISTON-D-1,PISTON-A-1,EV97,L,
820,OSCR,PP,PROPELLER,AFIC,RSA-200 Falcon,L1P/L,1000,1,PF05,PF05,PISTON-D-1,PISTON-A-1,C182,L,
821,P06T,PP,PROPELLER,TECNAM,P-2006T,L2P/L,1200,2,PF05,PF05,PISTON-D-1,PISTON-A-1,P06T,L,
822,P1,JM,JET MEDIUM,KAWASAKI,P-1,L4J/M,,4,01P08GE191,01P08GE191,JET-MEDIUM-D-1,JET-MEDIUM-A-1,B38M,M,
823,P100,PP,PROPELLER,POTTIER,P-100,L1P/L,700,1,P011,P011,PISTON-D-1,PISTON-A-1,MAGC,L,
824,P148,PP,PROPELLER,PIAGGIO,P-148,L1P/L,,1,PF03,PF03,PISTON-D-1,PISTON-A-1,P28U,L,
825,P149,PP,PROPELLER,FOCKE-WULF,FWP-149,L1P/L,,1,PF12,PF12,PISTON-D-1,PISTON-A-1,C82S,L,
826,P180,TP,TURBOPROP,PIAGGIO,P-180 Avanti,L2T/L,5200,2,FOI-41,FOI-41,TURBOPROP-D-2,TURBOPROP-A-1,P180,L,
827,P2,PP,PROPELLER,LOCKHEED,L-426 Neptune,L2P/M,,2,P004,P004,PISTON-D-1,PISTON-A-1,F27,M,
828,P208,PP,PROPELLER,TECNAM,P-2008,L1P/L,600,1,PF05,PF05,PISTON-D-1,PISTON-A-1,C162,L,
829,P210,PP,PROPELLER,AVIONES COLOMBIA,COLOMBIA P210,L1P/L,1800,1,PF07,PF07,PISTON-D-1,PISTON-A-1,PA46,L,
830,P212,PP,PROPELLER,TECNAM,P-2012 Traveller,L2P/L,3400,2,P121,P121,PISTON-D-2,PISTON-A-1,C310,L,
831,P28A,PP,PROPELLER,AICSA,PA-28-140 Cherokee,L1P/L,1000,1,P002,P002,PISTON-D-1,PISTON-A-1,P28A,L,
832,P28B,PP,PROPELLER,AICSA,PA-28-201T Turbo Dakota,L1P/L,2000,1,PF11,PF11,PISTON-D-1,PISTON-A-1,C182,L,
833,P28R,PP,PROPELLER,PIPER,PA-28R-180 Cherokee Arrow,L1P/L,1300,1,P002,P002,PISTON-D-1,PISTON-A-1,P28R,L,
834,P28S,PP,PROPELLER,PIPER,PA-28R-201T Turbo Arrow 3,L1P/L,1300,1,PF03,PF03,PISTON-D-1,PISTON-A-1,P28U,L,
835,P28T,PP,PROPELLER,CHINCUL,PA-A-28RT-201 Arrow 4,L1P/L,1200,1,PF05,PF05,PISTON-D-1,PISTON-A-1,P28T,L,
836,P28U,PP,PROPELLER,PIPER,PA-28RT-201T Turbo Arrow 4,L1P/L,1200,1,PF03,PF03,PISTON-D-1,PISTON-A-1,P28U,L,
837,P3,TP,TURBOPROP,KAWASAKI,EP-3 Orion,L4T/M,61200,4,FOI-92,FOI-92,TURBOPROP-D-6,TURBOPROP-A-1,AN12,M,
838,P32R,PP,PROPELLER,AICSA,PA-32R-300 Lance,L1P/L,1600,1,PF01,PF01,PISTON-D-1,PISTON-A-1,TB20,L,
839,P32T,PP,PROPELLER,AICSA,PA-32RT Turbo Lance 2,L1P/L,2000,1,PF07,PF07,PISTON-D-1,PISTON-A-1,TB20,L,
840,P337,PP,PROPELLER,CESSNA,P337 Pressurized Skymaster,L2P/L,2300,2,P131,P131,PISTON-D-1,PISTON-A-1,BE76,L,
841,P38,PP,PROPELLER,LOCKHEED,F-5 Lightning,L2P/M,,2,P004,P004,PISTON-D-1,PISTON-A-1,P38,M,
842,P39,PP,PROPELLER,BELL,Airacobra,L1P/L,,1,P004,P004,PISTON-D-1,PISTON-A-1,PAY3,L,
843,P40,PP,PROPELLER,CURTISS,Kittyhawk,L1P/L,,1,P004,P004,PISTON-D-1,PISTON-A-1,BE9L,L,
844,P46T,TP,TURBOPROP,JETPROP,DLX,L1T/L,2200,1,FOI-21,FOI-21,TURBOPROP-D-1,TURBOPROP-A-1,C208,L,
845,P47,PP,PROPELLER,REPUBLIC,F-47 Thunderbolt,L1P/M,,1,P004,P004,PISTON-D-1,PISTON-A-1,P38,M,
846,P50,PP,PROPELLER,POTTIER,Bouvreuil,L1P/L,,1,P011,P011,PISTON-D-1,PISTON-A-1,EV97,L,
847,P51,PP,PROPELLER,COMMONWEALTH (1),CA-18 Mustang,L1P/L,,1,PF01,PF01,PISTON-D-1,PISTON-A-1,P180,L,
848,P60,PP,PROPELLER,POTTIER,P-60 Minacro,L1P/L,500,1,PF05,PF05,PISTON-D-1,PISTON-A-1,MAGC,L,
849,P63,PP,PROPELLER,BELL,Kingcobra,L1P/L,,1,P004,P004,PISTON-D-1,PISTON-A-1,HDJT,L,
850,P66P,PP,PROPELLER,PIAGGIO,P-166,L2P/L,4100,2,PF05,PF05,PISTON-D-2,PISTON-A-1,C414,L,
851,P66T,TP,TURBOPROP,PIAGGIO,P-166DL3,L2T/L,,2,FOI-42,FOI-42,TURBOPROP-D-1,TURBOPROP-A-1,C208,L,
852,P68,PP,PROPELLER,PARTENAVIA,P-68,L2P/L,1900,2,PF03,PF03,PISTON-D-1,PISTON-A-1,BE76,L,
853,P68T,TP,TURBOPROP,PARTENAVIA,AP-68TP-300 Spartacus,L2T/L,4300,2,B134,B134,TURBOPROP-D-1,TURBOPROP-A-1,K100,L,
854,P70,PP,PROPELLER,POTTIER,P-70,L1P/L,,1,PF09,PF09,PISTON-D-1,PISTON-A-1,SVNH,L,
855,P750,TP,TURBOPROP,PACIFIC AEROSPACE,AEROSPACE 750XL,L1T/L,3400,1,FOI-21,FOI-21,TURBOPROP-D-1,TURBOPROP-A-1,P750,L,
856,P8,JM,JET MEDIUM,BOEING,P-8 Poseidon,L2J/M,86400,2,CFM56-7B27E,01P11CM121,JET-MEDIUM-D-4,JET-MEDIUM-A-1,B738,M,
857,P80,PP,PROPELLER,POTTIER,P-80,L1P/L,,1,PF09,PF09,PISTON-D-1,PISTON-A-1,SVNH,L,
858,P808,JB,JET BUSINESS,PIAGGIO,PD-808,L2J/M,8170,2,JT15D-5-5A-5B,1PW037,JET-BUSINESS-D-3,JET-BUSINESS-A-1,BE40,M,
859,P82,PP,PROPELLER,NORTH AMERICAN,F-82 Twin Mustang,L2P/M,,2,P004,P004,PISTON-D-1,PISTON-A-1,P38,M,
860,PA11,PP,PROPELLER,AMERICAN LEGEND,LEGEND AL-11C Legend Cub Special,L1P/L,600,1,P011,P011,PISTON-D-1,PISTON-A-1,EV97,L,
861,PA12,PP,PROPELLER,PIPER,PA-12 Super Cruiser,L1P/L,800,1,P011,P011,PISTON-D-1,PISTON-A-1,C150,L,
862,PA14,PP,PROPELLER,PIPER,PA-14 Family Cruiser,L1P/L,800,1,PF04,PF04,PISTON-D-1,PISTON-A-1,DV20,L,
863,PA16,PP,PROPELLER,PIPER,Clipper,L1P/L,,1,PF06,PF06,PISTON-D-1,PISTON-A-1,MAGC,L,
864,PA18,PP,PROPELLER,AIRFRAMES-DAKOTA CUB,CUB S-18 Super 18,L1P/L,800,1,PF08,PF08,PISTON-D-1,PISTON-A-1,DR40,L,
865,PA20,PP,PROPELLER,PIPER,PA-20 Pacer,L1P/L,900,1,PF05,PF05,PISTON-D-1,PISTON-A-1,EV97,L,
866,PA22,PP,PROPELLER,PIPER,PA-22 Caribbean,L1P/L,900,1,PF08,PF08,PISTON-D-1,PISTON-A-1,DR40,L,
867,PA23,PP,PROPELLER,MILLER,Jet Profile,L2P/L,2100,2,PF08,PF08,PISTON-D-1,PISTON-A-1,DA42,L,
868,PA24,PP,PROPELLER,PIPER,PA-24 Comanche,L1P/L,1400,1,PF05,PF05,PISTON-D-1,PISTON-A-1,M20T,L,
869,PA25,PP,PROPELLER,CHINCUL,PA-A-25 Pawnee,L1P/L,1300,1,PF11,PF11,PISTON-D-1,PISTON-A-1,DV20,L,
870,PA27,PP,PROPELLER,CHINCUL,PA-A-23-250 Aztec,L2P/L,2300,2,PF12,PF12,PISTON-D-1,PISTON-A-1,PA27,L,
871,PA30,PP,PROPELLER,AICSA,PA-30 Twin Comanche,L2P/L,1600,2,P111,P111,PISTON-D-1,PISTON-A-1,PA34,L,
872,PA31,PP,PROPELLER,AICSA,PA-31-310 Navajo,L2P/L,3100,2,P121,P121,PISTON-D-2,PISTON-A-1,PA31,L,
873,PA32,PP,PROPELLER,AICSA,PA-32 Cherokee Six,L1P/L,1500,1,1AS001,1AS001,PISTON-D-1,PISTON-A-1,P28U,L,
874,PA34,PP,PROPELLER,AICSA,PA-34 Seneca,L2P/L,2000,2,PF03,PF03,PISTON-D-1,PISTON-A-1,PA34,L,
875,PA36,PP,PROPELLER,AICSA,PA-36 Pawnee Brave,L1P/L,,1,P131,P131,PISTON-D-1,PISTON-A-1,P28A,L,
876,PA38,PP,PROPELLER,AICSA,PA-38 Tomahawk,L1P/L,800,1,P011,P011,PISTON-D-1,PISTON-A-1,C150,L,
877,PA44,PP,PROPELLER,AICSA,PA-44 Seminole,L2P/L,1700,2,PF02,PF02,PISTON-D-1,PISTON-A-1,PA44,L,
878,PA46,PP,PROPELLER,PIPER,PA-46R-350T Malibu Matrix,L1P/L,1900,1,P121,P121,PISTON-D-1,PISTON-A-1,PA46,L,
879,PA47,JB,JET BUSINESS,PIPER,PA-47 Piper Jet,L1J/L,4080,1,JT15D-5-5A-5B,1PW037,JET-BUSINESS-D-1,JET-BUSINESS-A-1,C510,L,
880,PAT2,PP,PROPELLER,ATAC,Patriot 2,L1P/L,600,1,PF04,PF04,PISTON-D-1,PISTON-A-1,C162,L,
881,PAT4,TP,TURBOPROP,NEIVA,NE-821 Caraja,L2T/L,3100,2,B004,B004,TURBOPROP-D-1,TURBOPROP-A-1,PAY1,L,
882,PAY1,TP,TURBOPROP,CHINCUL,PA-A-31T1-500 Cheyenne 1,L2T/L,5000,2,FOI-10,FOI-10,TURBOPROP-D-2,TURBOPROP-A-1,PAY1,L,
883,PAY2,TP,TURBOPROP,AICSA,PA-31T2-620 Cheyenne 2XL,L2T/L,4000,2,B004,B004,TURBOPROP-D-1,TURBOPROP-A-1,PAY2,L,
884,PAY3,TP,TURBOPROP,AICSA,PA-42-720 Cheyenne 3,L2T/L,5100,2,FOI-24,FOI-24,TURBOPROP-D-2,TURBOPROP-A-1,PAY3,L,
885,PAY4,TP,TURBOPROP,PIPER,PA-42-1000 Cheyenne 400,L2T/L,5400,2,FOI-108,FOI-108,TURBOPROP-D-2,TURBOPROP-A-1,P180,L,
886,PC12,TP,TURBOPROP,PILATUS,PC-12,L1T/L,4400,1,FOI-46,FOI-46,TURBOPROP-D-1,TURBOPROP-A-1,PC12,L,
887,PC21,TP,TURBOPROP,PILATUS,PC-21,L1T/L,4200,1,FOI-50,FOI-50,TURBOPROP-D-1,TURBOPROP-A-1,TEX2,L,
888,PC24,JB,JET BUSINESS,PILATUS,PC-24,L2J/M,8000,2,TFE731-2-2B,1AS001,JET-BUSINESS-D-3,JET-BUSINESS-A-1,C560,M,
889,PC6P,PP,PROPELLER,PILATUS,PC-6 Porter,L1P/L,,1,P121,P121,PISTON-D-1,PISTON-A-1,DA42,L,
890,PC6T,TP,TURBOPROP,FAIRCHILD,PC-6 Heli-Porter,L1T/L,2800,1,B004,B004,TURBOPROP-D-1,TURBOPROP-A-1,C208,L,
891,PC7,TP,TURBOPROP,ATLAS,Astra,L1T/L,,1,FOI-20,FOI-20,TURBOPROP-D-1,TURBOPROP-A-1,C208,L,
892,PC9,TP,TURBOPROP,HAWKER DE HAVILLAND,DE HAVILLAND PC-9,L1T/L,3200,1,FOI-35,FOI-35,TURBOPROP-D-1,TURBOPROP-A-1,TEX2,L,
893,PEGA,PP,PROPELLER,GENERAL AVIA,AVIA F-20 Pegaso,L2P/L,2200,2,PF01,PF01,PISTON-D-1,PISTON-A-1,BE58,L,
894,PELI,PP,PROPELLER,FLYER,Pelican,L1P/L,600,1,PF09,PF09,PISTON-D-1,PISTON-A-1,EV97,L,
895,PEMB,PP,PROPELLER,HUNTING,P-66 Pembroke,L2P/L,6100,2,P121,P121,PISTON-D-3,PISTON-A-1,PA46,L,
896,PETL,PP,PROPELLER,AERO ITBA,Petrel,L1P/L,,1,PF06,PF06,PISTON-D-1,PISTON-A-1,EV97,L,
897,PIAT,PP,PROPELLER,PIPISTREL,Alpha Trainer,L1P/L,600,1,PF05,PF05,PISTON-D-1,PISTON-A-1,DR40,L,
898,PICO,PP,PROPELLER,EUROSPACE,F-15 Excalibur,L1P/L,1300,1,PF02,PF02,PISTON-D-1,PISTON-A-1,DA40,L,
899,PINO,PP,PROPELLER,GENERAL AVIA,AVIA F-22 Pinguino,L1P/L,800,1,PF02,PF02,PISTON-D-1,PISTON-A-1,DR40,L,
900,PIPA,PP,PROPELLER,PIPISTREL,Panthera,L1P/L,1200,1,PF05,PF05,PISTON-D-1,PISTON-A-1,M20T,L,
901,PISI,PP,PROPELLER,PIPISTREL,Sinus,L1P/L,,1,PF06,PF06,PISTON-D-1,PISTON-A-1,DIMO,L,
902,PITA,PP,PROPELLER,,,,,1,PF09,PF09,PISTON-D-1,PISTON-A-1,SF25,,
903,PIVI,PP,PROPELLER,PIPISTREL,Surveyor,L1P/L,600,1,PF05,PF05,PISTON-D-1,PISTON-A-1,EV97,L,
904,PL12,PP,PROPELLER,FLIGHT ENGINEERS,Airtruk,L1P/L,,1,PF01,PF01,PISTON-D-1,PISTON-A-1,T206,L,
905,PL2,PP,PROPELLER,PAZMANY,PL-2,L1P/L,,1,PF06,PF06,PISTON-D-1,PISTON-A-1,MAGC,L,
906,PNR2,PP,PROPELLER,ALPI,Pioneer 200,L1P/L,,1,PF05,PF05,PISTON-D-1,PISTON-A-1,EV97,L,
907,PNR3,PP,PROPELLER,ALPI,Pioneer 300,L1P/L,500,1,PF05,PF05,PISTON-D-1,PISTON-A-1,DR40,L,
908,PNR4,PP,PROPELLER,ALPI,Pioneer 400,L1P/L,800,1,PF05,PF05,PISTON-D-1,PISTON-A-1,DR40,L,
909,PO60,PP,PROPELLER,POTEZ,60 Sauterelle,L1P/L,,1,PF06,PF06,PISTON-D-1,PISTON-A-1,MAGC,L,
910,PRM1,JB,JET BUSINESS,HAWKER BEECHCRAFT,BEECHCRAFT 390 Premier 1,L2J/L,5600,2,TFE731-2-2B,1AS001,JET-BUSINESS-D-2,JET-BUSINESS-A-1,PRM1,L,
911,PROC,PP,PROPELLER,PERCIVAL,P-28 Proctor,L1P/L,,1,PF03,PF03,PISTON-D-1,PISTON-A-1,C172,L,
912,PROT,PP,PROPELLER,CZAW,Parrot,L1P/L,600,1,P011,P011,PISTON-D-1,PISTON-A-1,C150,L,
913,PRXT,TP,TURBOPROP,PRIVATE EXPLORER,T-Explorer,L1T/L,,1,B004,B004,TURBOPROP-D-1,TURBOPROP-A-1,K100,L,
914,PT70,PP,PROPELLER,POTTIER,P-170,L1P/L,,1,PF09,PF09,PISTON-D-1,PISTON-A-1,SVNH,L,
915,PT80,PP,PROPELLER,POTTIER,P-180,L1P/L,,1,PF09,PF09,PISTON-D-1,PISTON-A-1,SVNH,L,
916,PTS1,PP,PROPELLER,AEROTEK (1),Pitts S-1 Special,L1P/L,,1,PF12,PF12,PISTON-D-1,PISTON-A-1,DR40,L,
917,PTS2,PP,PROPELLER,AEROTEK,Pitts S-2 Special,L1P/L,600,1,PF12,PF12,PISTON-D-1,PISTON-A-1,EV97,L,
918,PULR,PP,PROPELLER,P&M AVIATION,PulsR,L1P/L,,1,PF05,PF05,PISTON-D-1,PISTON-A-1,SVNH,L,
919,PUP,PP,PROPELLER,BEAGLE,B-121 Pup,L1P/L,800,1,PF08,PF08,PISTON-D-1,PISTON-A-1,C152,L,
920,PZ01,PP,PROPELLER,LIPNUR,Gawron,L1P/L,,1,PF12,PF12,PISTON-D-1,PISTON-A-1,SVNH,L,
921,PZ04,PP,PROPELLER,LIPNUR,Gelatik,L1P/L,,1,PF12,PF12,PISTON-D-1,PISTON-A-1,DV20,L,
922,PZ06,PP,PROPELLER,PZL-OKECIE,Kruk,L1P/L,,1,PF01,PF01,PISTON-D-1,PISTON-A-1,DV20,L,
923,PZ3T,TP,TURBOPROP,PZL-OKECIE,Orlik,L1T/L,,1,FOI-20,FOI-20,TURBOPROP-D-1,TURBOPROP-A-1,PAY3,L,
924,PZ4M,PP,PROPELLER,PZL-OKECIE,PZL-104M Wilga 2000,L1P/L,,1,PF12,PF12,PISTON-D-1,PISTON-A-1,P28A,L,
925,PZ6T,TP,TURBOPROP,PZL-OKECIE,PZL-106AT Turbo Javelin,L1T/L,,1,PF05,PF05,PISTON-D-1,PISTON-A-1,C188,L,
926,Q01,PP,PROPELLER,REINER STEMME,Q-01,L1P/L,,1,PF09,PF09,PISTON-D-1,PISTON-A-1,C402,L,
927,Q4,JS,JET SMALL,NORTHROP GRUMMAN,RQ-4 Global Hawk,L1J/M,,1,8AL025,8AL025,JET-MEDIUM-D-1,JET-MEDIUM-A-1,Q4,M,
928,Q9,TP,TURBOPROP,GENERAL ATOMICS,MQ-9 Reaper,L1T/L,,1,FOI-95,FOI-95,TURBOPROP-D-1,TURBOPROP-A-1,Q9,L,
929,R100,PP,PROPELLER,ROBIN,R-1180 Aiglon,L1P/L,1100,1,PF02,PF02,PISTON-D-1,PISTON-A-1,DA40,L,
930,R135,JL,JET LARGE,BOEING,TC-135,L4J/H,136000,4,1CM001,1CM001,JET-LARGE-D-2,JET-LARGE-A-1,DC87,H,
931,R200,PP,PROPELLER,ALPHA AVIATION,AVIATION R-2160 Alpha 160,L1P/L,800,1,PF04,PF04,PISTON-D-1,PISTON-A-1,DR40,L,
932,R22,H1,HELICOPTER LIGHT,ROBINSON,ELI Yo-Yo,H1P/L,600,1,PF08,PF08,HELIPROF-D-1-STANDARD,HELIPROF-A-1-STANDARD,P28A,L,
933,R300,PP,PROPELLER,ROBIN,R-300,L1P/L,1000,1,PF08,PF08,PISTON-D-1,PISTON-A-1,C172,L,
934,R4,H1,HELICOPTER LIGHT,SIKORSKY,H-4 Hoverfly,H1P/L,1100,1,PF03,PF03,HELIPROF-D-1-STANDARD,HELIPROF-A-1-STANDARD,P28U,L,
935,R44,H1,HELICOPTER LIGHT,ROBINSON,R-44 Astro,H1P/L,1100,1,PF11,PF11,HELIPROF-D-1-STANDARD,HELIPROF-A-1-STANDARD,C82S,L,
936,R721,JS,JET SMALL,BOEING,727-100RE Super 27,L3J/M,76700,3,JT8D-219,4PW071,JET-SMALL-D-4,JET-SMALL-A-1,MD83,M,
937,R722,JM,JET MEDIUM,BOEING,727-200RE Super 27,L3J/M,,3,1PW018,1PW018,JET-MEDIUM-D-1,JET-MEDIUM-A-1,B722,M,
938,R90F,PP,PROPELLER,RUSCHMEYER,R-90-230FG,L1P/L,1400,1,PF12,PF12,PISTON-D-1,PISTON-A-1,DA40,L,
939,R90R,PP,PROPELLER,RUSCHMEYER,MF-85,L1P/L,1300,1,P131,P131,PISTON-D-1,PISTON-A-1,DA40,L,
940,R90T,TP,TURBOPROP,RUSCHMEYER,R-90-420AT,L1T/L,1350,1,B004,B004,TURBOPROP-D-1,TURBOPROP-A-1,E500,L,
941,RALL,PP,PROPELLER,MORANE-SAULNIER,MS-880 Rallye Club,L1P/L,1200,1,PF08,PF08,PISTON-D-1,PISTON-A-1,P28A,L,
942,RANG,PP,PROPELLER,NAVION,Rangemaster,L1P/L,2000,1,PF12,PF12,PISTON-D-1,PISTON-A-1,TB21,L,
943,RC70,PP,PROPELLER,FUJI,FA-300,L2P/L,,2,P121,P121,PISTON-D-1,PISTON-A-1,PA31,L,
944,RD20,PP,PROPELLER,DENIZE,Raid Driver,L1P/L,,1,PF08,PF08,PISTON-D-1,PISTON-A-1,RV8,L,
945,RF3,PP,PROPELLER,ALPAVIA,RF-3,L1P/L,,1,PF09,PF09,PISTON-D-1,PISTON-A-1,DR40,L,
946,RF4,PP,PROPELLER,ALPAVIA,RF-4,L1P/L,,1,PF09,PF09,PISTON-D-1,PISTON-A-1,DR40,L,
947,RF6,PP,PROPELLER,FOURNIER,RF-6,L1P/L,,1,PF12,PF12,PISTON-D-1,PISTON-A-1,C150,L,
948,RFAL,JM,JET MEDIUM,DASSAULT,Rafale,L2J/M,,2,8RR043,8RR043,JET-MEDIUM-D-1,JET-MEDIUM-A-1,F16,M,
949,RJ1H,JR,JET REGIONAL,AI(R),RJ-100 Avroliner,L4J/M,44200,4,LF507-1F-1H,1TL004,JET-REGIONAL-D-3,JET-REGIONAL-A-1,RJ1H,M,GTCP 36-100
950,RJ70,JR,JET REGIONAL,AI(R),RJ-70 Avroliner,L4J/M,43000,4,LF507-1F-1H,1TL004,JET-REGIONAL-D-3,JET-REGIONAL-A-1,RJ85,M,
951,RJ85,JR,JET REGIONAL,AI(R),RJ-85 Avroliner,L4J/M,49900,4,1TL003,1TL003,JET-REGIONAL-D-3,JET-REGIONAL-A-1,RJ85,M,
952,RS20,PP,PROPELLER,RANS,S-20 Raven,L1P/L,,1,PF05,PF05,PISTON-D-1,PISTON-A-1,SVNH,L,
953,RV10,PP,PROPELLER,VAN'S,RV-10,L1P/L,1200,1,PF11,PF11,PISTON-D-1,PISTON-A-1,TB20,L,
954,RV12,PP,PROPELLER,VAN'S,RV-12,L1P/L,,1,PF05,PF05,PISTON-D-1,PISTON-A-1,C162,L,
955,RV14,PP,PROPELLER,VAN'S,RV-14,L1P/L,900,1,P002,P002,PISTON-D-1,PISTON-A-1,RV14,L,
956,RV3,PP,PROPELLER,VAN'S,RV-3,L1P/L,,1,PF08,PF08,PISTON-D-1,PISTON-A-1,RV8,L,
957,RV4,PP,PROPELLER,VAN'S,RV-4,L1P/L,700,1,PF02,PF02,PISTON-D-1,PISTON-A-1,RV8,L,
958,RV6,PP,PROPELLER,AIEP,Air Beetle,L1P/L,700,1,PF02,PF02,PISTON-D-1,PISTON-A-1,E300,L,
959,RV7,PP,PROPELLER,VAN'S,RV-7,L1P/L,900,1,P111,P111,PISTON-D-1,PISTON-A-1,RV8,L,
960,RV8,PP,PROPELLER,VAN'S,RV-8,L1P/L,900,1,PF03,PF03,PISTON-D-1,PISTON-A-1,RV8,L,
961,RV9,PP,PROPELLER,VAN'S,RV-9,L1P/L,800,1,PF02,PF02,PISTON-D-1,PISTON-A-1,P28T,L,
962,RYSA,TP,TURBOPROP,PROGRESS,Rysachok,L2T/L,,2,B004,B004,TURBOPROP-D-1,TURBOPROP-A-1,L410,L,
963,S05F,PP,PROPELLER,SIAI-MARCHETTI,S-205-18F,L1P/L,1200,1,PF02,PF02,PISTON-D-1,PISTON-A-1,DA40,L,
964,S05R,PP,PROPELLER,SIAI-MARCHETTI,S-205-18R,L1P/L,1300,1,PF03,PF03,PISTON-D-1,PISTON-A-1,C182,L,
965,S10,PP,PROPELLER,STINSON,10 Voyager,L1P/L,,1,PF06,PF06,PISTON-D-1,PISTON-A-1,DV20,L,
966,S108,PP,PROPELLER,PIPER,108 Station Wagon,L1P/L,,1,P001,P001,PISTON-D-1,PISTON-A-1,EV97,L,
967,S122,PP,PROPELLER,SKYLINE,SL-122  Pchelka,L2P/L,,2,PF06,PF06,PISTON-D-1,PISTON-A-1,DV20,L,
968,S200,JS,JET SMALL,SIPA,Minijet,L1J/L,,1,1PW035,1PW035,JET-MEDIUM-D-1,JET-MEDIUM-A-1,RV8,L,
969,S208,PP,PROPELLER,SIAI-MARCHETTI,S-208,L1P/L,1500,1,PF03,PF03,PISTON-D-1,PISTON-A-1,C182,L,
970,S210,JM,JET MEDIUM,,,,,2,8RR043,8RR043,JET-MEDIUM-D-1,JET-MEDIUM-A-1,E290,,
971,S211,JS,JET SMALL,PADC,S-211,L1J/L,,1,1PW036,1PW036,JET-MEDIUM-D-1,JET-MEDIUM-A-1,L39,L,
972,S223,PP,PROPELLER,CASA,223 Flamingo,L1P/L,1050,1,PF03,PF03,PISTON-D-1,PISTON-A-1,P28A,L,
973,S22T,PP,PROPELLER,CIRRUS,SR-22T,L1P/L,1600,1,PF05,PF05,PISTON-D-1,PISTON-A-1,S22T,L,
974,S2P,PP,PROPELLER,CONAIR,Firecat,L2P/M,,2,P004,P004,PISTON-D-1,PISTON-A-1,S2P,M,
975,S2T,TP,TURBOPROP,CONAIR,Turbo Firecat,L2T/M,,2,FOI-44,FOI-44,TURBOPROP-D-1,TURBOPROP-A-1,SH36,M,
976,S3,JM,JET MEDIUM,LOCKHEED,L-394 Viking,L2J/M,,2,07P05GE220,07P05GE220,JET-MEDIUM-D-1,JET-MEDIUM-A-1,A10,M,
977,S450,PP,PROPELLER,AERO-EAST-EUROPE,SILA-450,L1P/L,500,1,PF05,PF05,PISTON-D-1,PISTON-A-1,EV97,L,
978,S601,JB,JET BUSINESS,AEROSPATIALE,SN-601 Corvette,L2J/L,6600,2,JT15D-4 SERIES,1PW036,JET-BUSINESS-D-2,JET-BUSINESS-A-1,C550,L,
979,SA02,PP,PROPELLER,K & S,Cavalier (SA-102.5),L1P/L,,1,P011,P011,PISTON-D-1,PISTON-A-1,RV14,L,
980,SA20,PP,PROPELLER,BERIEV,SA-20,A1P/L,2200,1,PF03,PF03,PISTON-D-1,PISTON-A-1,C188,L,
981,SA30,PP,PROPELLER,STOLP,SA-300 Starduster Too,L1P/L,800,1,PF02,PF02,PISTON-D-1,PISTON-A-1,RV8,L,
982,SA37,PP,PROPELLER,SCHWEIZER,Condor,L1P/L,,1,P001,P001,PISTON-D-1,PISTON-A-1,DIMO,L,
983,SA50,PP,PROPELLER,STOLP,SA-500 Starlet,L1P/L,,1,PF09,PF09,PISTON-D-1,PISTON-A-1,EV97,L,
984,SAH1,PP,PROPELLER,FLS,Sprint,L1P/L,700,1,PF08,PF08,PISTON-D-1,PISTON-A-1,P28A,L,
985,SAM,PP,PROPELLER,SAM AIRCRAFT,Sam,L1P/L,,1,PF05,PF05,PISTON-D-1,PISTON-A-1,C162,L,
986,SASH,PP,PROPELLER,SHARK AIRCRAFT,Shark,L2P/L,,2,PF05,PF05,PISTON-D-1,PISTON-A-1,T206,L,
987,SATA,JS,JET SMALL,CASA,HA-220 Super Saeta,L2J/L,,2,8RR043,8RR043,JET-MEDIUM-D-1,JET-MEDIUM-A-1,L39,L,
988,SAVG,PP,PROPELLER,ZLIN AVIATION,Savage,L1P/L,,1,PF09,PF09,PISTON-D-1,PISTON-A-1,EV97,L,
989,SB05,JS,JET SMALL,SAAB,105,L2J/L,,2,1PW037,1PW037,JET-MEDIUM-D-1,JET-MEDIUM-A-1,L39,L,
990,SB20,TP,TURBOPROP,SAAB,2000,L2T/M,22800,2,FOI-3,FOI-3,TURBOPROP-D-6,TURBOPROP-A-1,SB20,M,
991,SB29,JS,JET SMALL,SAAB,29,L1J/M,,1,7PW078,7PW078,JET-MEDIUM-D-1,JET-MEDIUM-A-1,AJET,M,
992,SB32,JS,JET SMALL,SAAB,32 Lansen,L1J/M,,1,1RR017,1RR017,JET-MEDIUM-D-1,JET-MEDIUM-A-1,AJET,M,
993,SB35,JS,JET SMALL,SAAB,35 Draken,L1J/M,,1,5GE083,5GE083,JET-MEDIUM-D-1,JET-MEDIUM-A-1,F16,M,
994,SB37,JS,JET SMALL,SAAB,37 Viggen,L1J/M,,1,01P22PW142,01P22PW142,JET-MEDIUM-D-1,JET-MEDIUM-A-1,F16,M,
995,SB39,JS,JET SMALL,SAAB,39 Gripen,L1J/M,,1,01P08GE195,01P08GE195,JET-MEDIUM-D-1,JET-MEDIUM-A-1,F16,M,
996,SB91,PP,PROPELLER,DE SCHELDE,SCHELDE 91 Safir,L1P/L,1200,1,PF08,PF08,PISTON-D-1,PISTON-A-1,P28U,L,
997,SBR1,JB,JET BUSINESS,NORTH AMERICAN,AMERICAN CT-39 Sabreliner,L2J/M,9100,2,1PW037,1PW037,JET-BUSINESS-D-3,JET-BUSINESS-A-1,SBR1,M,
998,SBR2,JB,JET BUSINESS,NORTH AMERICAN ROCKWELL,AMERICAN ROCKWELL NA-265 Sabre 75,L2J/M,10400,2,B601,B601,JET-BUSINESS-D-4,JET-BUSINESS-A-1,SBR1,M,
999,SC01,PP,PROPELLER,FFT,SC-01 Speed Canard,L1P/L,700,1,PF09,PF09,PISTON-D-1,PISTON-A-1,DR40,L,
1000,SC7,TP,TURBOPROP,SHORT,SC-7 Skyliner,L2T/L,5700,2,B004,B004,TURBOPROP-D-2,TURBOPROP-A-1,L410,L,
1001,SD4,PP,PROPELLER,TOMARK,SD-4 Viper,L1P/L,500,1,FOI-112,FOI-112,PISTON-D-1,PISTON-A-1,EV97,L,
1002,SF2,PP,PROPELLER,HAPI,SF-2 Cygnet,L1P/L,500,1,PF06,PF06,PISTON-D-1,PISTON-A-1,SVNH,L,
1003,SF23,PP,PROPELLER,SCHEIBE,SF-23 Sperling,L1P/L,,1,P011,P011,PISTON-D-1,PISTON-A-1,EV97,L,
1004,SF24,PP,PROPELLER,SCHEIBE,Motorspatz,L1P/L,,1,PF09,PF09,PISTON-D-1,PISTON-A-1,SF25,L,
1005,SF25,PP,PROPELLER,LORAVIA,Falke,L1P/L,,1,PF09,PF09,PISTON-D-1,PISTON-A-1,SF25,L,
1006,SF27,PP,PROPELLER,,,,,1,PF09,PF09,PISTON-D-1,PISTON-A-1,SF25,,
1007,SF31,PP,PROPELLER,SPORTAVIA-PUTZER,Milan,L1P/L,,1,PF09,PF09,PISTON-D-1,PISTON-A-1,DIMO,L,
1008,SF34,TP,TURBOPROP,SAAB,340,L2T/M,13100,2,FOI-7,FOI-7,TURBOPROP-D-4,TURBOPROP-A-1,SF34,M,
1009,SF50,JS,JET SMALL,CIRRUS,SJ-X Vision,L1J/L,2700,1,TFE731-2-2B,1AS001,JET-SMALL-D-1,JET-SMALL-A-1,SF50,L,
1010,SG37,PP,PROPELLER,SCHWEIZER,SGM-2-37,L1P/L,800,1,P011,P011,PISTON-D-1,PISTON-A-1,DIMO,L,
1011,SG70,PP,PROPELLER,GLASS,SG-70 STOLGlassq,L1P/L,600,1,PF05,PF05,PISTON-D-1,PISTON-A-1,C150,L,
1012,SH33,TP,TURBOPROP,SHORT,330,L2T/M,10800,2,FOI-29,FOI-29,TURBOPROP-D-4,TURBOPROP-A-1,SH36,M,
1013,SH36,TP,TURBOPROP,SHORT,360,L2T/M,12200,2,FOI-38,FOI-38,TURBOPROP-D-4,TURBOPROP-A-1,SH36,M,GTCP 36 (80HP)
1014,SHRK,PP,PROPELLER,SHARK AERO,AERO Shark,L1P/L,500,1,PF06,PF06,PISTON-D-1,PISTON-A-1,C162,L,
1015,SIRA,PP,PROPELLER,TECNAM,P-2002 Sierra,L1P/L,600,1,PF05,PF05,PISTON-D-1,PISTON-A-1,C162,L,
1016,SJ30,JB,JET BUSINESS,SINO SWEARINGEN,SJ-30,L2J/L,5600,2,TFE731-2-2B,1AS001,JET-BUSINESS-D-2,JET-BUSINESS-A-1,LJ25,L,
1017,SK70,PP,PROPELLER,STARKRAFT,SK-700,L2P/L,,2,P121,P121,PISTON-D-1,PISTON-A-1,C421,L,
1018,SLG2,PP,PROPELLER,AIRPLANE FACTORY,Sling 2,L1P/L,,1,PF06,PF06,PISTON-D-1,PISTON-A-1,C162,L,
1019,SLG4,PP,PROPELLER,AIRPLANE FACTORY,Sling 4,L1P/L,,1,PF06,PF06,PISTON-D-1,PISTON-A-1,C162,L,
1020,SLK3,PP,PROPELLER,SLICK,360,L1P/L,,1,P002,P002,PISTON-D-1,PISTON-A-1,RV8,L,
1021,SLK5,PP,PROPELLER,SLICK,540,L1P/L,,1,P002,P002,PISTON-D-1,PISTON-A-1,RV8,L,
1022,SM19,TP,TURBOPROP,SIAI-MARCHETTI,SM-1019,L1T/L,,1,B004,B004,TURBOPROP-D-1,TURBOPROP-A-1,E500,L,
1023,SM20,TP,TURBOPROP,TECHNOAVIA,SM-2000,L1T/L,2100,1,B004,B004,TURBOPROP-D-1,TURBOPROP-A-1,E500,L,
1024,SM92,PP,PROPELLER,MORAVAN,Rhino,L1P/L,,1,P121,P121,PISTON-D-1,PISTON-A-1,P28A,L,
1025,SNAP,PP,PROPELLER,TECNAM,FR-01 Snap,L1P/L,,1,PF06,PF06,PISTON-D-1,PISTON-A-1,C162,L,
1026,SNTA,PP,PROPELLER,,,,,1,PF09,PF09,PISTON-D-1,PISTON-A-1,SF25,,
1027,SORA,PP,PROPELLER,ACS (1),ACS-100 Sora,L1P/L,,1,PF05,PF05,PISTON-D-1,PISTON-A-1,C162,L,
1028,SP7,PP,PROPELLER,SPARTAN,7 Executive,L1P/L,,1,P131,P131,PISTON-D-1,PISTON-A-1,PA34,L,
1029,SR01,PP,PROPELLER,EURODISPLAY,SR-01 Magic,L1P/L,600,1,PF06,PF06,PISTON-D-1,PISTON-A-1,C162,L,
1030,SR20,PP,PROPELLER,CIRRUS,SR-20,L1P/L,1300,1,PF03,PF03,PISTON-D-1,PISTON-A-1,SR20,L,
1031,SR22,PP,PROPELLER,CIRRUS,SR-22,L1P/L,1500,1,PF05,PF05,PISTON-D-1,PISTON-A-1,SR22,L,
1032,SREY,PP,PROPELLER,PROGRESSIVE AERODYNE,SeaRey,A1P/L,,1,PF06,PF06,PISTON-D-1,PISTON-A-1,DR40,L,
1033,SS2T,TP,TURBOPROP,AYRES,S-2R-G Turbo Thrush,L1T/L,2700,1,FOI-21,FOI-21,TURBOPROP-D-1,TURBOPROP-A-1,P750,L,
1034,SSAB,JS,JET SMALL,NORTH AMERICAN,F-100 Super Sabre,L1J/M,,1,8RR043,8RR043,JET-MEDIUM-D-1,JET-MEDIUM-A-1,AJET,M,
1035,ST10,PP,PROPELLER,SOCATA,ST-10 Diplomate,L1P/L,1200,1,PF03,PF03,PISTON-D-1,PISTON-A-1,P28R,L,
1036,ST60,PP,PROPELLER,STAUDACHER,S-600,L1P/L,,1,PF12,PF12,PISTON-D-1,PISTON-A-1,TB20,L,
1037,ST75,PP,PROPELLER,BOEING,75 Kaydet,L1P/L,,1,PF03,PF03,PISTON-D-1,PISTON-A-1,SVNH,L,
1038,STAR,TP,TURBOPROP,BEECH,2000 Starship,L2T/L,6700,2,FOI-43,FOI-43,TURBOPROP-D-2,TURBOPROP-A-1,P1HH,L,
1039,STRE,PP,PROPELLER,TL ULTRALIGHT,Stream,L1P/L,,1,PF05,PF05,PISTON-D-1,PISTON-A-1,RV14,L,
1040,STRK,JS,JET SMALL,BRITISH AEROSPACE,BAC-167 Strikemaster,L1J/L,,1,8RR043,8RR043,JET-MEDIUM-D-1,JET-MEDIUM-A-1,L39,L,
1041,SU17,JS,JET SMALL,SUKHOI,Su-17,L1J/M,,1,01P11GE202,01P11GE202,JET-MEDIUM-D-1,JET-MEDIUM-A-1,F16,M,
1042,SU24,JM,JET MEDIUM,SUKHOI,Su-24,L2J/M,,2,8RR043,8RR043,JET-MEDIUM-D-1,JET-MEDIUM-A-1,F16,M,
1043,SU25,JM,JET MEDIUM,SUKHOI,Scorpion,L2J/M,,2,1RR017,1RR017,JET-MEDIUM-D-1,JET-MEDIUM-A-1,HAWK,M,
1044,SU26,PP,PROPELLER,SUKHOI,Su-26,L1P/L,,1,P003,P003,PISTON-D-1,PISTON-A-1,E300,L,
1045,SU27,JM,JET MEDIUM,HINDUSTAN,Su-30,L2J/M,,2,01P11GE202,01P11GE202,JET-MEDIUM-D-1,JET-MEDIUM-A-1,F15,M,
1046,SU7,JS,JET SMALL,SUKHOI,Su-7,L1J/M,,1,8RR043,8RR043,JET-MEDIUM-D-1,JET-MEDIUM-A-1,AJET,M,
1047,SU95,JR,JET REGIONAL,SUKHOI,Superjet 100-95,L2J/M,102000,2,SAM146-1S17,01P11PJ003,JET-REGIONAL-D-5,JET-REGIONAL-A-1,SU95,M,
1048,SUBA,PP,PROPELLER,FUJI,FA-200 Aero Subaru,L1P/L,1100,1,PF02,PF02,PISTON-D-1,PISTON-A-1,DR40,L,
1049,SVNH,PP,PROPELLER,AEROTEC (2),MXP-740 Savannah,L1P/L,,1,PF06,PF06,PISTON-D-1,PISTON-A-1,SVNH,L,
1050,SW18,PP,PROPELLER,SKYWOOD,SW-18 Teddy,L1P/L,,1,PF05,PF05,PISTON-D-1,PISTON-A-1,SVNH,L,
1051,SW2,TP,TURBOPROP,SWEARINGEN,SA-26 Merlin 2,L2T/L,4500,2,B134,B134,TURBOPROP-D-1,TURBOPROP-A-1,BE9L,L,
1052,SW3,TP,TURBOPROP,FAIRCHILD,SA-227TT Fairchild 300,L2T/L,5600,2,FOI-113,FOI-113,TURBOPROP-D-2,TURBOPROP-A-1,MU2,L,
1053,SW4,TP,TURBOPROP,FAIRCHILD,C-26 Metro,L2T/L/M,6500,2,FOI-113,FOI-113,TURBOPROP-D-2,TURBOPROP-A-1,SW4,L/M,
1054,SX30,PP,PROPELLER,SWEARINGEN,SX-300,L1P/L,1000,1,PF01,PF01,PISTON-D-1,PISTON-A-1,E300,L,
1055,SYMP,PP,PROPELLER,OMF,OMF-100 Symphony,L1P/L,,1,PF08,PF08,PISTON-D-1,PISTON-A-1,DA40,L,
1056,T1,JS,JET SMALL,FUJI,T-1,L1J/L,,1,1AS002,1AS002,JET-MEDIUM-D-1,JET-MEDIUM-A-1,L39,L,
1057,T10,PP,PROPELLER,TMM-AVIA,T-10 Avia-Tor,L1P/L,600,1,PF05,PF05,PISTON-D-1,PISTON-A-1,MAGC,L,
1058,T134,JR,JET REGIONAL,TUPOLEV,Tu-134,L2J/M,47000,2,D-30 (IL SERIES),1AA001,JET-REGIONAL-D-3,JET-REGIONAL-A-1,T134,M,GTCP 85 (200 HP)
1059,T154,JS,JET SMALL,TUPOLEV,Tu-154,L3J/M,100000,3,1KK001,1KK001,JET-SMALL-D-6,JET-SMALL-A-1,T154,M,GTCP 85 (200 HP)
1060,T160,JL,JET LARGE,TUPOLEV,Tu-160,L4J/H,275000,4,CFM56-5B2,2CM013,JET-LARGE-D-5,JET-LARGE-A-1,FGTL,H,GTCP 85 (200 HP)
1061,T19,PP,PROPELLER,THK,T-19 Türkkuşu,L1P/L,,1,PF05,PF05,PISTON-D-1,PISTON-A-1,EV97,L,
1062,T2,JS,JET SMALL,NORTH AMERICAN,Buckeye,L2J/L,,2,1PW037,1PW037,JET-MEDIUM-D-1,JET-MEDIUM-A-1,L39,L,
1063,T204,JS,JET SMALL,TUPOLEV,Tu-204,L2J/M,103000,2,PS-90A,13AA006,JET-SMALL-D-6,JET-SMALL-A-1,T204,M,GTCP 85 (200 HP)
1064,T206,PP,PROPELLER,CESSNA,T206 Turbo Stationair,L1P/L,1600,1,PF05,PF05,PISTON-D-1,PISTON-A-1,T206,L,
1065,T210,PP,PROPELLER,CESSNA,T210 Turbo Centurion,L1P/L,1800,1,PF01,PF01,PISTON-D-1,PISTON-A-1,T210,L,
1066,T211,PP,PROPELLER,AD AEROSPACE,T-211,L1P/L,,1,PF06,PF06,PISTON-D-1,PISTON-A-1,MAGC,L,
1067,T22M,JM,JET MEDIUM,TUPOLEV,Tu-22M,L2J/M,,2,8RR043,8RR043,JET-MEDIUM-D-1,JET-MEDIUM-A-1,FGTL,M,
1068,T250,PP,PROPELLER,ANDERSON-GREENWOOD,T-250 Aries,L1P/L,1400,1,PF11,PF11,PISTON-D-1,PISTON-A-1,C182,L,
1069,T28,PP,PROPELLER,HAMILTON,Nomair,L1P/L,,1,P004,P004,PISTON-D-1,PISTON-A-1,P180,L,
1070,T30,PP,PROPELLER,TERZI,T-30 Katana,L1P/L,900,1,PF01,PF01,PISTON-D-1,PISTON-A-1,E300,L,
1071,T33,JS,JET SMALL,CANADAIR,CL-30 Silver Star,L1J/M,,1,7PW077,7PW077,JET-MEDIUM-D-1,JET-MEDIUM-A-1,AJET,M,
1072,T34P,PP,PROPELLER,BEECH,45 Mentor,L1P/L,,1,P002,P002,PISTON-D-1,PISTON-A-1,TB20,L,
1073,T34T,TP,TURBOPROP,BEECH,T-34C Turbo Mentor,L1T/L,1900,1,FOI-18,FOI-18,TURBOPROP-D-1,TURBOPROP-A-1,E500,L,
1074,T35,PP,PROPELLER,TEMCO,Buckaroo,L1P/L,,1,PF02,PF02,PISTON-D-1,PISTON-A-1,EV97,L,
1075,T37,JS,JET SMALL,CESSNA,318A,L2J/L,,2,1PW035,1PW035,JET-MEDIUM-D-1,JET-MEDIUM-A-1,L39,L,
1076,T38,JS,JET SMALL,NORTHROP,AT-38 Talon,L2J/L,,2,1PW035,1PW035,JET-MEDIUM-D-1,JET-MEDIUM-A-1,L39,L,
1077,T4,JM,JET MEDIUM,KAWASAKI,T-4,L2J/M,,2,1AS002,1AS002,JET-MEDIUM-D-1,JET-MEDIUM-A-1,AJET,M,
1078,T40,PP,PROPELLER,TURNER,T-40,L1P/L,,1,PF09,PF09,PISTON-D-1,PISTON-A-1,EV97,L,
1079,T411,PP,PROPELLER,AEROPROGRESS,Aist-2,L1P/L,,1,P003,P003,PISTON-D-1,PISTON-A-1,C188,L,
1080,T50S,JM,JET MEDIUM,,,,,2,8RR043,8RR043,JET-MEDIUM-D-1,JET-MEDIUM-A-1,F15,,
1081,T6,PP,PROPELLER,CCF,Harvard,L1P/L,,1,P003,P003,PISTON-D-1,PISTON-A-1,PA46,L,
1082,TAMP,PP,PROPELLER,SOCATA,TB-9 Tampico,L1P/L,1000,1,PF05,PF05,PISTON-D-1,PISTON-A-1,P28A,L,
1083,TARR,PP,PROPELLER,PELEGRIN,Tarragon,L1P/L,,1,PF05,PF05,PISTON-D-1,PISTON-A-1,RV8,L,
1084,TB05,PP,PROPELLER,AMC,Texas Bullet 205,L1P/L,,1,PF02,PF02,PISTON-D-1,PISTON-A-1,P28R,L,
1085,TB20,PP,PROPELLER,SOCATA,LE-500 Little Eagle,L1P/L,1300,1,PF12,PF12,PISTON-D-1,PISTON-A-1,TB20,L,
1086,TB21,PP,PROPELLER,SOCATA,TB-21 Trinidad TC,L1P/L,1300,1,PF12,PF12,PISTON-D-1,PISTON-A-1,TB21,L,
1087,TB30,PP,PROPELLER,AEROSPATIALE,Epsilon,L1P/L,,1,PF01,PF01,PISTON-D-1,PISTON-A-1,RV8,L,
1088,TB31,TP,TURBOPROP,SOCATA,TB-31 Omega,L1T/L,1500,1,B004,B004,TURBOPROP-D-1,TURBOPROP-A-1,P46T,L,
1089,TBEE,PP,PROPELLER,UNITED CONSULTANT,CONSULTANT UC-1 Twin Bee,A2P/L,2000,2,PF02,PF02,PISTON-D-1,PISTON-A-1,DR40,L,
1090,TBM,PP,PROPELLER,GENERAL MOTORS,Avenger,L1P/M,,1,P004,P004,PISTON-D-1,PISTON-A-1,JS32,M,
1091,TBM7,TP,TURBOPROP,TBM,TBM-700A,L1T/L,2900,1,FOI-36,FOI-36,TURBOPROP-D-1,TURBOPROP-A-1,TBM7,L,
1092,TBM8,TP,TURBOPROP,SOCATA,TBM-850,L1T/L,3400,1,FOI-36,FOI-36,TURBOPROP-D-1,TURBOPROP-A-1,TBM8,L,
1093,TBM9,TP,TURBOPROP,SOCATA,TBM-700N (TBM-930),L1T/L,3300,1,FOI-36,FOI-36,TURBOPROP-D-1,TURBOPROP-A-1,TBM9,L,
1094,TEX2,TP,TURBOPROP,HAWKER BEECHCRAFT,T-6 Texan 2,L1T/L,3000,1,FOI-50,FOI-50,TURBOPROP-D-1,TURBOPROP-A-1,TEX2,L,
1095,TFUN,PP,PROPELLER,TWI,Taifun,L1P/L,800,1,PF06,PF06,PISTON-D-1,PISTON-A-1,DIMO,L,
1096,TJET,JS,JET SMALL,MAVERICK,Leader,L2J/L,,2,1AS001,1AS001,JET-MEDIUM-D-1,JET-MEDIUM-A-1,SF50,L,
1097,TL20,PP,PROPELLER,TL ULTRALIGHT,ULTRALIGHT TL-2000 Sting,L1P/L,500,1,PF06,PF06,PISTON-D-1,PISTON-A-1,C162,L,
1098,TL30,PP,PROPELLER,TL ULTRALIGHT,TL-3000 Sirius,L1P/L,,1,PF05,PF05,PISTON-D-1,PISTON-A-1,C162,L,
1099,TOBA,PP,PROPELLER,SOCATA,TB-10 Tobago,L1P/L,1100,1,PF02,PF02,PISTON-D-1,PISTON-A-1,C172,L,
1100,TOR,JM,JET MEDIUM,AERITALIA,Tornado,L2J/M,,2,4RR035,4RR035,JET-MEDIUM-D-1,JET-MEDIUM-A-1,F16,M,
1101,TOUR,PP,PROPELLER,AESL,Airtourer,L1P/L,,1,PF04,PF04,PISTON-D-1,PISTON-A-1,C150,L,
1102,TR1,PP,PROPELLER,,,,,1,PF12,PF12,PISTON-D-1,PISTON-A-1,TB20,,
1103,TR20,PP,PROPELLER,FEUGRAY,TR-200,L1P/L,800,1,PF03,PF03,PISTON-D-1,PISTON-A-1,DR40,L,
1104,TRF1,PP,PROPELLER,TEAM ROCKET,F-1,L1P/L,,1,PF12,PF12,PISTON-D-1,PISTON-A-1,E300,L,
1105,TRIM,PP,PROPELLER,FORD,4-AT Tri-Motor,L3P/L,,3,PF01,PF01,PISTON-D-1,PISTON-A-1,DA42,L,
1106,TRIN,PP,PROPELLER,,,,,1,P011,P011,PISTON-D-1,PISTON-A-1,TB20,,
1107,TRIS,PP,PROPELLER,ANGLO NORMANDY,NORMANDY BN-2A Mk3 Trislander,L3P/L,4500,3,PF11,PF11,PISTON-D-2,PISTON-A-1,C206,L,
1108,TS11,JS,JET SMALL,PZL-MIELEC,Iskra,L1J/L,,1,1PW035,1PW035,JET-MEDIUM-D-1,JET-MEDIUM-A-1,L39,L,
1109,TU22,JM,JET MEDIUM,TUPOLEV,Tu-22,L2J/M,,2,8RR043,8RR043,JET-MEDIUM-D-1,JET-MEDIUM-A-1,FGTL,M,
1110,TUCA,TP,TURBOPROP,AOI,EMB-312 Tucano,L1T/L,,1,FOI-20,FOI-20,TURBOPROP-D-1,TURBOPROP-A-1,TBM7,L,
1111,TUTR,PP,PROPELLER,AVRO,621 Tutor,L1P/L,,1,PF11,PF11,PISTON-D-1,PISTON-A-1,EV97,L,
1112,TWEN,PP,PROPELLER,TECNAM,P-2010 Twenty-Ten,L1P/L,1100,1,PF05,PF05,PISTON-D-1,PISTON-A-1,DA40,L,
1113,TWIR,PP,PROPELLER,DYN'AERO,Twin-R,L2P/L,,2,PF06,PF06,PISTON-D-1,PISTON-A-1,P06T,L,
1114,TWST,PP,PROPELLER,SILENCE,Twister,L1P/L,,1,PF09,PF09,PISTON-D-1,PISTON-A-1,EV97,L,
1115,U15,PP,PROPELLER,PHOENIX AIR,U-15 Phoenix,L1P/L,,1,PF06,PF06,PISTON-D-1,PISTON-A-1,MAGC,L,
1116,U16,PP,PROPELLER,GRUMMAN,Albatross,A2P/M,,2,P004,P004,PISTON-D-1,PISTON-A-1,S2P,M,
1117,U2,JS,JET SMALL,LOCKHEED,ER-2,L1J/M,,1,1PW002,1PW002,JET-MEDIUM-D-1,JET-MEDIUM-A-1,U2,M,
1118,U21,TP,TURBOPROP,BEECH,90 (A90-1) Ute,L2T/L,,2,B004,B004,TURBOPROP-D-1,TURBOPROP-A-1,F406,L,
1119,UF10,PP,PROPELLER,URBAN,Samba,L1P/L,,1,PF06,PF06,PISTON-D-1,PISTON-A-1,C162,L,
1120,UF13,PP,PROPELLER,URBAN,Lambada,L1P/L,,1,PF06,PF06,PISTON-D-1,PISTON-A-1,SF25,L,
1121,ULAC,PP,PROPELLER,,,,,1,PF09,PF09,PISTON-D-1,PISTON-A-1,EV97,,
1122,UT75,PP,PROPELLER,UTVA,3,L1P/L,1000,1,PF03,PF03,PISTON-D-1,PISTON-A-1,DV20,L,
1123,V1,TP,TURBOPROP,GRUMMAN,AO-1 Mohawk,L2T/M,8200,2,B134,B134,TURBOPROP-D-3,TURBOPROP-A-1,TEX2,M,
1124,V22,TP,TURBOPROP,BELL-BOEING,901 Osprey,T2T/M,27400,2,FOI-85,FOI-85,TURBOPROP-D-6,TURBOPROP-A-1,A140,M,
1125,VAMP,JS,JET SMALL,DE HAVILLAND,DH-100 Vampire,L1J/L,,1,1PW038,1PW038,JET-MEDIUM-D-1,JET-MEDIUM-A-1,L39,L,
1126,VC10,JL,JET LARGE,VICKERS-ARMSTRONGS, BAC VC-10 ,L2J/L,146500,4,1PW002,1PW002,JET-LARGE-D-2,JET-LARGE-A-1,B703,L,
1127,VELO,PP,PROPELLER,VELOCITY,Velocity 173,L1P/L,1100,1,PF03,PF03,PISTON-D-1,PISTON-A-1,M20T,L,
1128,VF14,JB,JET BUSINESS,VFW-Fokker,VFW-Fokker 614,L2J/M,19960,2,M45H-01,1RR001,JET-BUSINESS-D-5,JET-BUSINESS-A-1,E135,M,
1129,VF35,JS,JET SMALL,LOCKHEED MARTIN,F-35B Lightning 2,L1J/M,,1,8RR043,8RR043,JET-MEDIUM-D-1,JET-MEDIUM-A-1,F16,M,
1130,VGUL,PP,PROPELLER,PERCIVAL,K-1 Vega Gull,L1P/L,,1,P131,P131,PISTON-D-1,PISTON-A-1,P28T,L,
1131,VK3P,PP,PROPELLER,CIRRUS,VK-30 Cirrus (piston),L1P/L,1600,1,PF01,PF01,PISTON-D-1,PISTON-A-1,S22T,L,
1132,VL3,PP,PROPELLER,VANESSA AIR,VL-3,L1P/L,600,1,PF01,PF01,PISTON-D-1,PISTON-A-1,C162,L,
1133,VO10,PP,PROPELLER,AERO COMMANDER,COMMANDER 100 Commander 100,L1P/L,2000,1,PF08,PF08,PISTON-D-1,PISTON-A-1,DV20,L,
1134,VTOR,TP,TURBOPROP,PARTENAVIA,AP-68TP-600 Viator,L2T/L,2000,2,PF11,PF11,TURBOPROP-D-1,TURBOPROP-A-1,E500,L,
1135,VTUR,PP,PROPELLER,NUVENTURE,Venture,L1P/L,,1,PF01,PF01,PISTON-D-1,PISTON-A-1,T210,L,
1136,W135,JL,JET LARGE,BOEING,WC-135R,L4J/H,,4,1CM001,1CM001,JET-MEDIUM-D-1,JET-MEDIUM-A-1,B703,H,
1137,WA40,PP,PROPELLER,WASSMER,Super 4,L1P/L,,1,PF02,PF02,PISTON-D-1,PISTON-A-1,DA40,L,
1138,WA41,PP,PROPELLER,WASSMER,Baladou,L1P/L,,1,PF02,PF02,PISTON-D-1,PISTON-A-1,DA40,L,
1139,WA42,PP,PROPELLER,WASSMER,Prestige,L1P/L,,1,PF12,PF12,PISTON-D-1,PISTON-A-1,P28T,L,
1140,WA50,PP,PROPELLER,WASSMER,WA-51 Pacific,L1P/L,1100,1,PF02,PF02,PISTON-D-1,PISTON-A-1,P06T,L,
1141,WACF,PP,PROPELLER,CLASSIC,Waco Classic,L1P/L,,1,PF03,PF03,PISTON-D-1,PISTON-A-1,DV20,L,
1142,WACO,PP,PROPELLER,WACO,10,L1P/L,,1,PF12,PF12,PISTON-D-1,PISTON-A-1,SVNH,L,
1143,WB57,JM,JET MEDIUM,MARTIN,272,L2J/M,,2,8RR043,8RR043,JET-MEDIUM-D-1,JET-MEDIUM-A-1,A10,M,
1144,WSP,PP,PROPELLER,AAK,Wasp,L1P/L,,1,PF06,PF06,PISTON-D-1,PISTON-A-1,MAGC,L,
1145,WT9,PP,PROPELLER,AEROSPOOL,Dynamic,L1P/L,,1,PF05,PF05,PISTON-D-1,PISTON-A-1,C162,L,
1146,WW23,JM,JET MEDIUM,IAI,1123 Westwind,L2J/M,,2,1AS002,1AS002,JET-MEDIUM-D-1,JET-MEDIUM-A-1,SBR1,M,
1147,WW24,JM,JET MEDIUM,IAI,1124 Westwind,L2J/M,10660,2,TFE731-3,1AS002,JET-MEDIUM-D-1,JET-MEDIUM-A-1,SBR1,M,
1148,XA41,PP,PROPELLER,XTREMEAIR,Sbach 300,L1P/L,,1,PF07,PF07,PISTON-D-1,PISTON-A-1,E300,L,
1149,XA42,PP,PROPELLER,REINSDORF,325,L1P/L,,1,PF07,PF07,PISTON-D-1,PISTON-A-1,E300,L,
1150,XL2,PP,PROPELLER,LIBERTY (2),XL-2,L1P/L,,1,PF10,PF10,PISTON-D-1,PISTON-A-1,C162,L,
1151,Y11,PP,PROPELLER,HARBIN,Harbin Y-11,L2P/L,3250,2,PF01,PF01,PISTON-D-2,PISTON-A-1,C414,L,
1152,Y12,TP,TURBOPROP,HARBIN,Harbin Y-12,L2T/L,5300,2,B004,B004,TURBOPROP-D-2,TURBOPROP-A-1,C208,L,
1153,Y12F,TP,TURBOPROP,HARBIN,Y-12F Aircar,L2T/M,,2,B134,B134,TURBOPROP-D-1,TURBOPROP-A-1,JS32,M,
1154,Y130,JM,JET MEDIUM,YAKOVLEV,Yak-130,L2J/M,,2,7PW077,7PW077,JET-MEDIUM-D-1,JET-MEDIUM-A-1,AJET,M,
1155,Y18T,PP,PROPELLER,TECHNOAVIA,SM-94,L1P/L,,1,P121,P121,PISTON-D-1,PISTON-A-1,C172,L,
1156,YK18,PP,PROPELLER,NANCHANG,CJ-5,L1P/L,,1,PF01,PF01,PISTON-D-1,PISTON-A-1,DA40,L,
1157,YK28,JM,JET MEDIUM,YAKOVLEV,Yak-28,L2J/M,,2,8RR043,8RR043,JET-MEDIUM-D-1,JET-MEDIUM-A-1,F16,M,
1158,YK40,JR,JET REGIONAL,YAKOVLEV,Yak-40 ,L3J/M,16000,3,FOI-5,FOI-5,JET-REGIONAL-D-1,JET-REGIONAL-A-1,YK40,M,
1159,YK42,JR,JET REGIONAL,YAKOVLEV,Yak-42/142 ,L3J/M,63000,3,D-36,1ZM001,JET-REGIONAL-D-4,JET-REGIONAL-A-1,YK42,M,
1160,YK52,PP,PROPELLER,AEROSTAR (2),Iak-52,L1P/L,,1,P121,P121,PISTON-D-1,PISTON-A-1,P28U,L,
1161,YS11,TP,TURBOPROP,MITSUBISHI,YS-11,L2T/M,,2,FOI-76,FOI-76,TURBOPROP-D-1,TURBOPROP-A-1,ATP,M,
1162,YURO,JM,JET MEDIUM,SOKO-CNIAR,Orao,L2J/M,,2,8RR043,8RR043,JET-MEDIUM-D-1,JET-MEDIUM-A-1,AJET,M,
1163,Z42,PP,PROPELLER,MORAVAN,Firnas 142,L1P/L,,1,PF02,PF02,PISTON-D-1,PISTON-A-1,C172,L,
1164,Z43,PP,PROPELLER,MORAVAN,Safir 43,L1P/L,,1,PF03,PF03,PISTON-D-1,PISTON-A-1,C172,L,
1165,ZERO,PP,PROPELLER,MITSUBISHI,A6M Zero,L1P/L,,1,PF07,PF07,PISTON-D-1,PISTON-A-1,PAY3,L,
1166,ZULU,PP,PROPELLER,BUL,Zùlù,L1P/L,,1,PF09,PF09,PISTON-D-1,PISTON-A-1,SVNH,L,
1167,C919,JM,JET MEDIUM,COMAC,C-919,L2J/M,,2,01P20CM132,01P20CM132,JET-MEDIUM-D-1,JET-MEDIUM-A-1,A20N,M,
1168,E275,JM,JET MEDIUM,EMBRAER,ERJ-190-500,L2J/M,,2,07P27GE226,07P27GE226,JET-MEDIUM-D-1,JET-MEDIUM-A-1,E75L,M,
1169,T334,JM,JET MEDIUM,TUPOLEV,Tu-334,L2J/M,,2,13ZM003,13ZM003,JET-MEDIUM-D-1,JET-MEDIUM-A-1,SU95,M,
1170,MA6H,TP,TURBOPROP,XIAN,MA-60H,L2T/M,,2,T603,T603,TURBOPROP-D-1,TURBOPROP-A-1,F27,M,
1171,P18T,TP,TURBOPROP,SMITH AVIATION,PA-18T Super Cub,L1T/L,,1,P111,P111,PISTON-D-1,PISTON-A-1,E500,L,
1172,GA4C,JM,JET MEDIUM,GULFSTREAM AEROSPACE,G-7 Gulfstream G400,L2J/M,,2,05P25PW206,05P25PW206,JET-MEDIUM-D-1,JET-MEDIUM-A-1,FA7X,M,
1173,GA8C,JM,JET MEDIUM,GULFSTREAM AEROSPACE,G-8 Gulfstream G800,L2J/M,,2,01P11BR016,01P11BR016,JET-MEDIUM-D-1,JET-MEDIUM-A-1,GLEX,M,
1174,L610,TP,TURBOPROP,LET,L-610,L2T/M,,2,B134,B134,TURBOPROP-D-1,TURBOPROP-A-1,F27,M,
1175,A19,PP,PROPELLER,AEROPRACT,A-19,L1P/L,,1,P001,P001,PISTON-D-1,PISTON-A-1,SVNH,L,
1176,A20,PP,PROPELLER,DOUGLAS,A-20 Havoc,L2P/M,,2,P004,P004,PISTON-D-1,PISTON-A-1,P38,M,
1177,A211,PP,PROPELLER,ALFA-M,A-211,L1P/L,,1,PF05,PF05,PISTON-D-1,PISTON-A-1,SVNH,L,
1178,A251,PP,PROPELLER,AVIATIK-ALYANS,Aleks-251,A2P/L,,2,P001,P001,PISTON-D-1,PISTON-A-1,C188,L,
1179,A31,PP,PROPELLER,AVANTAGE,A-31 Spectrum,L1P/L,,1,P001,P001,PISTON-D-1,PISTON-A-1,C172,L,
1180,A32E,PP,PROPELLER,,,,,1,ELECTRIC,ELECTRIC,PISTON-D-1,PISTON-A-1,PIVE,,
1181,A32P,PP,PROPELLER,,,,,1,P001,P001,PISTON-D-1,PISTON-A-1,DIMO,,
1182,A33E,PP,PROPELLER,,,,,1,ELECTRIC,ELECTRIC,PISTON-D-1,PISTON-A-1,PIVE,,
1183,A34E,PP,PROPELLER,,,,,1,ELECTRIC,ELECTRIC,PISTON-D-1,PISTON-A-1,PIVE,,
1184,A35,PP,PROPELLER,AVANTAGE,A-35 Scanner,L1P/L,,1,PF06,PF06,PISTON-D-1,PISTON-A-1,P28A,L,
1185,A411,PP,PROPELLER,OSKBES-MAI,MAI-411,L2P/L,,2,PF05,PF05,PISTON-D-1,PISTON-A-1,P28A,L,
1186,A700,JS,JET SMALL,ADAM (2),A-700 AdamJet,L2J/L,,2,B601,B601,JET-MEDIUM-D-1,JET-MEDIUM-A-1,C510,L,
1187,A9,PP,PROPELLER,AAMSA,A-9 Quail,L1P/L,,1,PF11,PF11,PISTON-D-1,PISTON-A-1,C188,L,
1188,AAT3,PP,PROPELLER,AERO (3),AT-3,L1P/L,,1,PF06,PF06,PISTON-D-1,PISTON-A-1,C162,L,
1189,AAT4,PP,PROPELLER,GOBOSH,G-700,L1P/L,,1,PF06,PF06,PISTON-D-1,PISTON-A-1,C162,L,
1190,AC4,PP,PROPELLER,LIGHT WING,AC-4,L1P/L,,1,PF06,PF06,PISTON-D-1,PISTON-A-1,MAGC,L,
1191,ACAM,PP,PROPELLER,LEZA,Air Cam,L2P/L,,2,PF06,PF06,PISTON-D-1,PISTON-A-1,DR40,L,
1192,ACAR,PP,PROPELLER,AUSTER,Autocar,L1P/L,,1,P001,P001,PISTON-D-1,PISTON-A-1,DV20,L,
1193,ACR2,PP,PROPELLER,ACRO SPORT,Acro-Sport 2,L1P/L,,1,P001,P001,PISTON-D-1,PISTON-A-1,DR40,L,
1194,ACRD,PP,PROPELLER,AVIA (3),Accord,L2P/L,,2,P111,P111,PISTON-D-1,PISTON-A-1,DR40,L,
1195,ADVE,PP,PROPELLER,AUSTER,Adventurer,L1P/L,,1,P001,P001,PISTON-D-1,PISTON-A-1,DV20,L,
1196,AG04,PP,PROPELLER,GATARD,AG-04 Pigeon,L1P/L,,1,P001,P001,PISTON-D-1,PISTON-A-1,SVNH,L,
1197,AG10,PP,PROPELLER,CAIGA,AG-100,L1P/L,,1,P001,P001,PISTON-D-1,PISTON-A-1,P28A,L,
1198,AG14,PP,PROPELLER,ANDERSON-GREENWOOD,14,L1P/L,,1,P001,P001,PISTON-D-1,PISTON-A-1,EV97,L,
1199,AG60,TP,TURBOPROP,CAIGA,AG-600 Kunlong,A4T/M,,4,T601,T601,TURBOPROP-D-1,TURBOPROP-A-1,ATP,M,
1200,AIGT,PP,PROPELLER,AUSTER,Aiglet Trainer,L1P/L,,1,P001,P001,PISTON-D-1,PISTON-A-1,DV20,L,
1201,AIRL,PP,PROPELLER,AERONIX,Airelle,L2P/L,,2,P001,P001,PISTON-D-1,PISTON-A-1,EV97,L,
1202,AKNC,TP,TURBOPROP,BAYKAR,Bayraktar Akıncı,L2T/L,,2,B004,B004,TURBOPROP-D-1,TURBOPROP-A-1,Q9,L,
1203,AKRO,PP,PROPELLER,STEPHENS,Akro,L1P/L,,1,P001,P001,PISTON-D-1,PISTON-A-1,RV14,L,
1204,ALGR,PP,PROPELLER,FANTASY AIR,Allegro,L1P/L,,1,PF06,PF06,PISTON-D-1,PISTON-A-1,C150,L,
1205,ALIZ,TP,TURBOPROP,BREGUET,1050 Alizé,L1T/M,,1,T601,T601,TURBOPROP-D-1,TURBOPROP-A-1,JS41,M,
1206,ALPI,PP,PROPELLER,AUSTER,Alpine,L1P/L,,1,P001,P001,PISTON-D-1,PISTON-A-1,T206,L,
1207,ALTO,PP,PROPELLER,DIRECT FLY,Alto,L1P/L,,1,PF06,PF06,PISTON-D-1,PISTON-A-1,C162,L,
1208,AN8,TP,TURBOPROP,ANTONOV,An-8,L2T/M,,2,T601,T601,TURBOPROP-D-1,TURBOPROP-A-1,AN32,M,
1209,ANKA,PP,PROPELLER,TAI,Anka,L1P/L,,1,P001,P001,PISTON-D-1,PISTON-A-1,C402,L,
1210,ANSN,PP,PROPELLER,AVRO,652 Anson,L2P/L,,2,P003,P003,PISTON-D-1,PISTON-A-1,C182,L,
1211,AP20,PP,PROPELLER,AEROPRAKT,A-20,L1P/L,,1,PF06,PF06,PISTON-D-1,PISTON-A-1,SVNH,L,
1212,AP22,PP,PROPELLER,AEROPRAKT,A-22,L1P/L,,1,PF06,PF06,PISTON-D-1,PISTON-A-1,EV97,L,
1213,AP24,PP,PROPELLER,AEROPRAKT,A-24 Viking,A1P/L,,1,PF06,PF06,PISTON-D-1,PISTON-A-1,SVNH,L,
1214,AP26,PP,PROPELLER,AEROPRAKT,A-26 Twin Vista,L2P/L,,2,PF06,PF06,PISTON-D-1,PISTON-A-1,MAGC,L,
1215,AP36,PP,PROPELLER,AEROPRAKT,A-36 Vulcan,L2P/L,,2,PF05,PF05,PISTON-D-1,PISTON-A-1,C152,L,
1216,ARCE,PP,PROPELLER,,,,,1,ELECTRIC,ELECTRIC,PISTON-D-1,PISTON-A-1,PIVE,,
1217,ARCP,PP,PROPELLER,,,,,1,P001,P001,PISTON-D-1,PISTON-A-1,DIMO,,
1218,ARES,JS,JET SMALL,RUTAN,151 Ares,L1J/L,,1,1PW038,1PW038,JET-MEDIUM-D-1,JET-MEDIUM-A-1,EA50,L,
1219,ARV1,PP,PROPELLER,ARV,ARV-1 Super 2,L1P/L,,1,P001,P001,PISTON-D-1,PISTON-A-1,SVNH,L,
1220,AS16,PP,PROPELLER,SCHLEICHER,ASK-16,L1P/L,,1,P001,P001,PISTON-D-1,PISTON-A-1,DIMO,L,
1221,AS21,PP,PROPELLER,,,,,1,P001,P001,PISTON-D-1,PISTON-A-1,DIMO,,
1222,AS24,PP,PROPELLER,,,,,1,P001,P001,PISTON-D-1,PISTON-A-1,SF25,,
1223,AS25,PP,PROPELLER,,,,,1,P001,P001,PISTON-D-1,PISTON-A-1,DIMO,,
1224,AS26,PP,PROPELLER,,,,,1,P001,P001,PISTON-D-1,PISTON-A-1,DIMO,,
1225,AS28,PP,PROPELLER,,,,,1,P001,P001,PISTON-D-1,PISTON-A-1,DIMO,,
1226,AS29,PP,PROPELLER,,,,,1,P001,P001,PISTON-D-1,PISTON-A-1,DIMO,,
1227,AS2T,TP,TURBOPROP,FFA,AS-202-32TP Turbine Bravo,L1T/L,,1,B134,B134,TURBOPROP-D-1,TURBOPROP-A-1,E500,L,
1228,AS30,PP,PROPELLER,,,,,1,P001,P001,PISTON-D-1,PISTON-A-1,DIMO,,
1229,AS31,PP,PROPELLER,,,,,1,P001,P001,PISTON-D-1,PISTON-A-1,DIMO,,
1230,ASDR,PP,PROPELLER,WILD,Ascender,L1P/L,,1,P002,P002,PISTON-D-1,PISTON-A-1,C150,L,
1231,ASO5,PP,PROPELLER,ASSO AEREI,Asso 5 Champion,L1P/L,,1,P001,P001,PISTON-D-1,PISTON-A-1,EV97,L,
1232,ASOX,PP,PROPELLER,ASSO AEREI,Asso 10 Jewel,L1P/L,,1,PF06,PF06,PISTON-D-1,PISTON-A-1,RV14,L,
1233,AT1,PP,PROPELLER,ANTONIEWSKI,AT-1,L1P/L,,1,PF06,PF06,PISTON-D-1,PISTON-A-1,SVNH,L,
1234,ATAC,PP,PROPELLER,AIRCRAFT TECHNOLOGIES,Acro 1,L1P/L,,1,P002,P002,PISTON-D-1,PISTON-A-1,RV8,L,
1235,ATG1,JM,JET MEDIUM,,,,,1,B601,B601,JET-MEDIUM-D-1,JET-MEDIUM-A-1,LJ25,,
1236,AUJ2,PP,PROPELLER,AUSTER,Arrow,L1P/L,,1,P001,P001,PISTON-D-1,PISTON-A-1,SVNH,L,
1237,AURA,PP,PROPELLER,SUNWARD,SA60 Aurora,L1P/L,,1,PF06,PF06,PISTON-D-1,PISTON-A-1,C162,L,
1238,AUS3,PP,PROPELLER,TAYLORCRAFT (2),Auster 3,L1P/L,,1,P001,P001,PISTON-D-1,PISTON-A-1,DV20,L,
1239,AUS4,PP,PROPELLER,TAYLORCRAFT (2),Auster 4,L1P/L,,1,P001,P001,PISTON-D-1,PISTON-A-1,DV20,L,
1240,AUS5,PP,PROPELLER,AUSTER,Auster 5,L1P/L,,1,P001,P001,PISTON-D-1,PISTON-A-1,DV20,L,
1241,AUS6,PP,PROPELLER,AUSTER,6A,L1P/L,,1,P001,P001,PISTON-D-1,PISTON-A-1,DV20,L,
1242,AUS7,PP,PROPELLER,AUSTER,Auster T7,L1P/L,,1,P001,P001,PISTON-D-1,PISTON-A-1,DV20,L,
1243,AUS9,PP,PROPELLER,AUSTER,Auster AOP9,L1P/L,,1,P001,P001,PISTON-D-1,PISTON-A-1,DR40,L,
1244,AV68,PP,PROPELLER,ALPLA,AVO-68 Samburo,L1P/L,,1,P001,P001,PISTON-D-1,PISTON-A-1,DIMO,L,
1245,AVID,PP,PROPELLER,AIRDALE,Avid Flyer,L1P/L,,1,P001,P001,PISTON-D-1,PISTON-A-1,EV97,L,
1246,AVK4,TP,TURBOPROP,,,,,2,B004,B004,TURBOPROP-D-1,TURBOPROP-A-1,HDJT,,
1247,AVLN,TP,TURBOPROP,,,,,1,B004,B004,TURBOPROP-D-1,TURBOPROP-A-1,P750,,
1248,AVTR,PP,PROPELLER,AERO ADVENTURE,Aventura 2,A1P/L,,1,PF06,PF06,PISTON-D-1,PISTON-A-1,SVNH,L,
1249,AXE,PP,PROPELLER,SKYFLY,Axe,L8E/L,,8,ELECTRIC,ELECTRIC,PISTON-D-1,PISTON-A-1,PIVE,L,
1250,B14A,PP,PROPELLER,BELLANCA,14 Cruisair,L1P/L,,1,P002,P002,PISTON-D-1,PISTON-A-1,DA40,L,
1251,B14B,PP,PROPELLER,DOWNER,14 Bellanca 260,L1P/L,,1,P001,P001,PISTON-D-1,PISTON-A-1,TB21,L,
1252,B14C,PP,PROPELLER,BELLANCA,14 Bellanca 260A,L1P/L,,1,P001,P001,PISTON-D-1,PISTON-A-1,TB21,L,
1253,B18T,TP,TURBOPROP,BEECH,18 (turbine),L2T/L,,2,B004,B004,TURBOPROP-D-1,TURBOPROP-A-1,BE9L,L,
1254,B21,JM,JET MEDIUM,NORTHROP GRUMMAN,B-21 Raider,L2J/M,,2,1AA002,1AA002,JET-MEDIUM-D-1,JET-MEDIUM-A-1,F15,M,
1255,B23E,PP,PROPELLER,BRM AERO,Bristell B23 Energic,L1E/L,,1,ELECTRIC,ELECTRIC,PISTON-D-1,PISTON-A-1,PIVE,L,
1256,B26M,PP,PROPELLER,MARTIN,179 Marauder,L2P/M,,2,P004,P004,PISTON-D-1,PISTON-A-1,S2P,M,
1257,B29,PP,PROPELLER,BOEING,B-29 Superfortress,L4P/M,,4,P004,P004,PISTON-D-1,PISTON-A-1,P38,M,
1258,B60T,TP,TURBOPROP,BEECH,60 Royal Turbine Duke,L2T/L,,2,B004,B004,TURBOPROP-D-1,TURBOPROP-A-1,TBM7,L,
1259,BASS,PP,PROPELLER,BEAGLE,B-206,L2P/L,,2,P003,P003,PISTON-D-1,PISTON-A-1,C414,L,
1260,BD10,JS,JET SMALL,BEDE,BD-10,L1J/L,,1,1PW037,1PW037,JET-MEDIUM-D-1,JET-MEDIUM-A-1,L39,L,
1261,BD4,PP,PROPELLER,BEDE,BD-4,L1P/L,,1,P001,P001,PISTON-D-1,PISTON-A-1,RV14,L,
1262,BD5J,JS,JET SMALL,ALTURAIR,BD-5J Micro,L1J/L,,1,B601,B601,JET-MEDIUM-D-1,JET-MEDIUM-A-1,SF50,L,
1263,BD5T,TP,TURBOPROP,BD-MICRO,BD-5T Micro,L1T/L,,1,B134,B134,TURBOPROP-D-1,TURBOPROP-A-1,RV8,L,
1264,BE22,TP,TURBOPROP,BEECHCRAFT,220 Denali,L1T/L,,1,B134,B134,TURBOPROP-D-1,TURBOPROP-A-1,BE9L,L,
1265,BEAR,PP,PROPELLER,R & B,Bearhawk,L1P/L,,1,PF11,PF11,PISTON-D-1,PISTON-A-1,C152,L,
1266,BER4,JM,JET MEDIUM,BERIEV,A-40 Albatross,A2J/M,,2,1AA002,1AA002,JET-MEDIUM-D-1,JET-MEDIUM-A-1,YK42,M,
1267,BISC,PP,PROPELLER,BOT AIRCRAFT,Speed Cruiser,L1P/L,,1,PF06,PF06,PISTON-D-1,PISTON-A-1,EV97,L,
1268,BKUT,PP,PROPELLER,BERKUT,Berkut,L1P/L,,1,P002,P002,PISTON-D-1,PISTON-A-1,C340,L,
1269,BL19,PP,PROPELLER,AVIABELLANCA,19 Skyrocket,L1P/L,,1,P003,P003,PISTON-D-1,PISTON-A-1,C340,L,
1270,BLEN,PP,PROPELLER,BRISTOL,149 Blenheim,L2P/L,,2,P004,P004,PISTON-D-1,PISTON-A-1,C414,L,
1271,BO40,PP,PROPELLER,BOEING,40,L1P/L,,1,P004,P004,PISTON-D-1,PISTON-A-1,C188,L,
1272,BOLT,PP,PROPELLER,STEEN,Skybolt,L1P/L,,1,P002,P002,PISTON-D-1,PISTON-A-1,DR40,L,
1273,BOOM,PP,PROPELLER,RUTAN,202 Boomerang,L2P/L,,2,P131,P131,PISTON-D-1,PISTON-A-1,T210,L,
1274,BPUM,PP,PROPELLER,BORTOLANZA,Puma,L1P/L,,1,PF06,PF06,PISTON-D-1,PISTON-A-1,C162,L,
1275,BR8,PP,PROPELLER,BRM AERO,Bristell B8,L1P/L,,1,PF06,PF06,PISTON-D-1,PISTON-A-1,C162,L,
1276,BREZ,PP,PROPELLER,AEROSTYLE,Breezer,L1P/L,,1,PF06,PF06,PISTON-D-1,PISTON-A-1,MAGC,L,
1277,BROU,PP,PROPELLER,MAX HOLSTE,Broussard,L1P/L,,1,P003,P003,PISTON-D-1,PISTON-A-1,C182,L,
1278,BS60,TP,TURBOPROP,BEECH-SFERMA,60 Marquis,L2T/L,,2,B004,B004,TURBOPROP-D-1,TURBOPROP-A-1,TBM7,L,
1279,BT7,JS,JET SMALL,BOEING,T-7 Red Hawk,L1J/M,,1,8RR043,8RR043,JET-MEDIUM-D-1,JET-MEDIUM-A-1,AJET,M,
1280,BU20,PP,PROPELLER,AIRCRAFT HYDRO-FORMING,Bushmaster 2000,L3P/L,,3,P003,P003,PISTON-D-1,PISTON-A-1,C188,L,
1281,BU31,PP,PROPELLER,AERO (2),C-104,L1P/L,,1,P001,P001,PISTON-D-1,PISTON-A-1,DV20,L,
1282,BU33,PP,PROPELLER,BITZ,Bü-133 Jungmeister,L1P/L,,1,P001,P001,PISTON-D-1,PISTON-A-1,C162,L,
1283,BU81,PP,PROPELLER,BUCKER,Bestmann,L1P/L,,1,P001,P001,PISTON-D-1,PISTON-A-1,EV97,L,
1284,BUC,JM,JET MEDIUM,HAWKER SIDDELEY,Buccaneer,L2J/M,,2,8RR043,8RR043,JET-MEDIUM-D-1,JET-MEDIUM-A-1,HAWK,M,
1285,C08T,TP,TURBOPROP,,,,,2,B004,B004,TURBOPROP-D-1,TURBOPROP-A-1,D228,,
1286,C306,PP,PROPELLER,CEA-UFMG,CEA-306 CB-10 Triathlon,L1P/L,,1,P001,P001,PISTON-D-1,PISTON-A-1,RV8,L,
1287,C309,PP,PROPELLER,CEA-UFMG,CEA-309 Mehari,L1P/L,,1,P002,P002,PISTON-D-1,PISTON-A-1,RV8,L,
1288,C311,PP,PROPELLER,CEA-UFMG,CEA-311 Anequim,L1P/L,,1,PF03,PF03,PISTON-D-1,PISTON-A-1,E300,L,
1289,C42,PP,PROPELLER,IKARUS,Bison,L1P/L,,1,PF06,PF06,PISTON-D-1,PISTON-A-1,C162,L,
1290,CA12,TP,TURBOPROP,COMP AIR,CA-12 Comp Air 12,L1T/L,,1,B134,B134,TURBOPROP-D-1,TURBOPROP-A-1,BE9L,L,
1291,CA19,PP,PROPELLER,COMMONWEALTH (1),Boomerang,L1P/L,,1,P004,P004,PISTON-D-1,PISTON-A-1,C402,L,
1292,CA1T,TP,TURBOPROP,AEROCOMP,CA-10T  Comp Air 10T,L1T/L,,1,B134,B134,TURBOPROP-D-1,TURBOPROP-A-1,K100,L,
1293,CA7T,TP,TURBOPROP,AEROCOMP,CA-7SLX Comp Air 7SLX,L1T/L,,1,B134,B134,TURBOPROP-D-1,TURBOPROP-A-1,E500,L,
1294,CA8,TP,TURBOPROP,AEROCOMP,CA-8 Comp Air 8,L1T/L,,1,B134,B134,TURBOPROP-D-1,TURBOPROP-A-1,E500,L,
1295,CA9,TP,TURBOPROP,COMP AIR,CA-9 Comp Air 9,L1T/L,,1,B134,B134,TURBOPROP-D-1,TURBOPROP-A-1,TBM7,L,
1296,CABI,TP,TURBOPROP,UNIVERSAL COMPOSITE,Carbon Bird,L1T/L,,1,B134,B134,TURBOPROP-D-1,TURBOPROP-A-1,MAGC,L,
1297,CAJ,JM,JET MEDIUM,,,,,1,B601,B601,JET-MEDIUM-D-1,JET-MEDIUM-A-1,SF50,,
1298,CARV,PP,PROPELLER,AVIATION TRADERS,ATL-98 Carvair,L4P/M,,4,P004,P004,PISTON-D-1,PISTON-A-1,S2P,M,
1299,CAT1,PP,PROPELLER,CREATIVE FLIGHT,Aerocat SR,L1P/L,,1,P002,P002,PISTON-D-1,PISTON-A-1,P06T,L,
1300,CAT2,PP,PROPELLER,CREATIVE FLIGHT,Aerocat TR,L2P/L,,2,P002,P002,PISTON-D-1,PISTON-A-1,P06T,L,
1301,CB1,PP,PROPELLER,HATZ,Biplane,L1P/L,,1,PF08,PF08,PISTON-D-1,PISTON-A-1,SVNH,L,
1302,CC11,PP,PROPELLER,CUB CRAFTERS,CC-11 Carbon Cub,L1P/L,,1,PF08,PF08,PISTON-D-1,PISTON-A-1,MAGC,L,
1303,CE23,PP,PROPELLER,CHERNOV,Che-23,A1P/L,,1,P001,P001,PISTON-D-1,PISTON-A-1,SVNH,L,
1304,CE27,PP,PROPELLER,CHERNOV,Che-27,A2P/L,,2,PF06,PF06,PISTON-D-1,PISTON-A-1,DV20,L,
1305,CEL5,PP,PROPELLER,OTTO,Celera 500L,L1P/L,,1,P003,P003,PISTON-D-1,PISTON-A-1,P180,L,
1306,CH1,TP,TURBOPROP,AIDC,A-CH-1 Chung-Tsing,L1T/L,,1,B134,B134,TURBOPROP-D-1,TURBOPROP-A-1,TEX2,L,
1307,CH3,PP,PROPELLER,CHRISLEA,CH-3 Super Ace,L1P/L,,1,P001,P001,PISTON-D-1,PISTON-A-1,C172,L,
1308,CH62,PP,PROPELLER,ZENAIR,CH-620 Gemini,L2P/L,,2,P001,P001,PISTON-D-1,PISTON-A-1,EV97,L,
1309,CH64,PP,PROPELLER,ZENAIR,CH-640 Zodiac,L1P/L,,1,PF08,PF08,PISTON-D-1,PISTON-A-1,DR40,L,
1310,CH65,PP,PROPELLER,AMD,CH-650 Zodiac,L1P/L,,1,P001,P001,PISTON-D-1,PISTON-A-1,C162,L,
1311,CH70,PP,PROPELLER,AEROBRAVO,Bravo,L1P/L,,1,PF06,PF06,PISTON-D-1,PISTON-A-1,SVNH,L,
1312,CH75,PP,PROPELLER,AMD,CH-750 Stol,L1P/L,,1,P001,P001,PISTON-D-1,PISTON-A-1,SVNH,L,
1313,CH80,PP,PROPELLER,CZAW,CH-801 Stol,L1P/L,,1,PF02,PF02,PISTON-D-1,PISTON-A-1,EV97,L,
1314,CHIP,PP,PROPELLER,LEGER,Super-Chipmunk,L1P/L,,1,P002,P002,PISTON-D-1,PISTON-A-1,DA40,L,
1315,CICA,PP,PROPELLER,HYDROPLANE,Cicada,L2P/L,,2,P001,P001,PISTON-D-1,PISTON-A-1,DV20,L,
1316,CJ1,PP,PROPELLER,CORBY,CJ-1 Starlet,L1P/L,,1,P001,P001,PISTON-D-1,PISTON-A-1,EV97,L,
1317,CKUO,JM,JET MEDIUM,AIDC,Ching-Kuo,L2J/M,,2,1AS002,1AS002,JET-MEDIUM-D-1,JET-MEDIUM-A-1,F16,M,
1318,CL4G,TP,TURBOPROP,CANADAIR,CL-44-O Guppy,L4T/M,,4,T601,T601,TURBOPROP-D-1,TURBOPROP-A-1,C130,M,
1319,CMAS,PP,PROPELLER,CESSNA,Airmaster,L1P/L,,1,P001,P001,PISTON-D-1,PISTON-A-1,DR40,L,
1320,CNDR,TP,TURBOPROP,GENERAL AVIA,Condor,L2T/L,,2,B134,B134,TURBOPROP-D-1,TURBOPROP-A-1,TEX2,L,
1321,COLT,PP,PROPELLER,TEXAS AIRCRAFT,TA-01,L1P/L,,1,PF06,PF06,PISTON-D-1,PISTON-A-1,C162,L,
1322,CORS,PP,PROPELLER,CHANCE VOUGHT,AU Corsair,L1P/M,,1,P004,P004,PISTON-D-1,PISTON-A-1,P38,M,
1323,COY2,PP,PROPELLER,RANS,Coyote 2,L1P/L,,1,PF06,PF06,PISTON-D-1,PISTON-A-1,EV97,L,
1324,COZJ,JS,JET SMALL,CO-Z,CozyJet,L1J/L,,1,B601,B601,JET-MEDIUM-D-1,JET-MEDIUM-A-1,SF50,L,
1325,CP13,PP,PROPELLER,CAARP,CP-1310 Super Emeraude,L1P/L,,1,P001,P001,PISTON-D-1,PISTON-A-1,C162,L,
1326,CP30,PP,PROPELLER,COOPAVIA-MENAVIA,CP-301 Emeraude,L1P/L,,1,P001,P001,PISTON-D-1,PISTON-A-1,C162,L,
1327,CP32,PP,PROPELLER,ERPALS,CP-320 Super Emeraude,L1P/L,,1,PF08,PF08,PISTON-D-1,PISTON-A-1,C162,L,
1328,CP75,PP,PROPELLER,PIEL,Béryl,L1P/L,,1,PF02,PF02,PISTON-D-1,PISTON-A-1,MAGC,L,
1329,CP90,PP,PROPELLER,PIEL,CP-90 Pinocchio 2,L1P/L,,1,P001,P001,PISTON-D-1,PISTON-A-1,DR40,L,
1330,CRBN,PP,PROPELLER,CURTISS,50 Robin,L1P/L,,1,P001,P001,PISTON-D-1,PISTON-A-1,SVNH,L,
1331,CRER,PP,PROPELLER,RANS,Courier,L1P/L,,1,PF06,PF06,PISTON-D-1,PISTON-A-1,EV97,L,
1332,CTAH,PP,PROPELLER,RAINBOW,Cheetah,L1P/L,,1,PF06,PF06,PISTON-D-1,PISTON-A-1,SVNH,L,
1333,CUCA,PP,PROPELLER,CULVER,Cadet,L1P/L,,1,PF06,PF06,PISTON-D-1,PISTON-A-1,EV97,L,
1334,CUDA,PP,PROPELLER,LANCAIR,NLA-275 Barracuda,L1P/L,,1,PF01,PF01,PISTON-D-1,PISTON-A-1,M20P,L,
1335,CULV,PP,PROPELLER,CULVER,V,L1P/L,,1,PF06,PF06,PISTON-D-1,PISTON-A-1,C150,L,
1336,CULX,PP,PROPELLER,FISHER AERO,Culex,L2P/L,,2,P001,P001,PISTON-D-1,PISTON-A-1,C152,L,
1337,D1,PP,PROPELLER,DERRINGER,New Derringer,L2P/L,,2,P001,P001,PISTON-D-1,PISTON-A-1,M20P,L,
1338,D11,PP,PROPELLER,AERO-DIFUSION,Compostela,L1P/L,,1,P001,P001,PISTON-D-1,PISTON-A-1,MAGC,L,
1339,D150,PP,PROPELLER,JODEL,D-150 Mascaret,L1P/L,,1,P001,P001,PISTON-D-1,PISTON-A-1,EV97,L,
1340,D18,PP,PROPELLER,JODEL,D-18,L1P/L,,1,P001,P001,PISTON-D-1,PISTON-A-1,EV97,L,
1341,D21,PP,PROPELLER,FOKKER,D-21 Replica,L1P/L,,1,P004,P004,PISTON-D-1,PISTON-A-1,PA34,L,
1342,D31,PP,PROPELLER,DRUINE,D-31 Turbulent,L1P/L,,1,P001,P001,PISTON-D-1,PISTON-A-1,EV97,L,
1343,D4,PP,PROPELLER,AUSTER,D-4,L1P/L,,1,P001,P001,PISTON-D-1,PISTON-A-1,DV20,L,
1344,D6CR,PP,PROPELLER,DRUINE,Condor,L1P/L,,1,P001,P001,PISTON-D-1,PISTON-A-1,MAGC,L,
1345,DAL4,PP,PROPELLER,DALLACH,D-4 Fascination,L1P/L,,1,PF06,PF06,PISTON-D-1,PISTON-A-1,C162,L,
1346,DC2,PP,PROPELLER,DOUGLAS,DC-2,L2P/M,,2,P004,P004,PISTON-D-1,PISTON-A-1,P38,M,
1347,DC3S,PP,PROPELLER,DOUGLAS,C-117D,L2P/M,,2,P004,P004,PISTON-D-1,PISTON-A-1,P38,M,
1348,DDUC,PP,PROPELLER,BAKENG,Double Duce,L1P/L,,1,P001,P001,PISTON-D-1,PISTON-A-1,EV97,L,
1349,DFLY,PP,PROPELLER,SLIPSTREAM,Dragonfly,L1P/L,,1,PF06,PF06,PISTON-D-1,PISTON-A-1,C162,L,
1350,DG15,PP,PROPELLER,HOWARD (1),DGA-15,L1P/L,,1,P003,P003,PISTON-D-1,PISTON-A-1,PA34,L,
1351,DG1T,PP,PROPELLER,,,,,1,P001,P001,PISTON-D-1,PISTON-A-1,DIMO,,
1352,DG40,PP,PROPELLER,,,,,1,P001,P001,PISTON-D-1,PISTON-A-1,SF25,,
1353,DG80,PP,PROPELLER,,,,,1,P001,P001,PISTON-D-1,PISTON-A-1,DIMO,,
1354,DH4T,TP,TURBOPROP,DE HAVILLAND CANADA,DHC-4 Turbo Caribou,L2T/M,,2,B134,B134,TURBOPROP-D-1,TURBOPROP-A-1,SH36,M,
1355,DH84,PP,PROPELLER,DE HAVILLAND,DH-84 Dragon,L2P/L,,2,P001,P001,PISTON-D-1,PISTON-A-1,DV20,L,
1356,DH85,PP,PROPELLER,DE HAVILLAND,DH-85 Leopard Moth,L1P/L,,1,P001,P001,PISTON-D-1,PISTON-A-1,T206,L,
1357,DH90,PP,PROPELLER,DE HAVILLAND,DH-90 Dragonfly,L2P/L,,2,P001,P001,PISTON-D-1,PISTON-A-1,C182,L,
1358,DINO,PP,PROPELLER,,,,,1,P001,P001,PISTON-D-1,PISTON-A-1,MAGC,,
1359,DISC,PP,PROPELLER,,,,,1,P001,P001,PISTON-D-1,PISTON-A-1,SF25,,
1360,DJET,JM,JET MEDIUM,,,,,1,B601,B601,JET-MEDIUM-D-1,JET-MEDIUM-A-1,SF50,,
1361,DLH2,PP,PROPELLER,,,,,1,ELECTRIC,ELECTRIC,PISTON-D-1,PISTON-A-1,PIVE,,
1362,DNGO,TP,TURBOPROP,AERORIC,Dingo,A1T/L,,1,B134,B134,TURBOPROP-D-1,TURBOPROP-A-1,P750,L,
1363,DTA2,PP,PROPELLER,VERHEES,D-2 Delta,L1P/L,,1,PF06,PF06,PISTON-D-1,PISTON-A-1,C162,L,
1364,DUB2,PP,PROPELLER,DUBNA,2 Osa,L1P/L,,1,P001,P001,PISTON-D-1,PISTON-A-1,SVNH,L,
1365,DUOD,PP,PROPELLER,,,,,1,P001,P001,PISTON-D-1,PISTON-A-1,DIMO,,
1366,DV1,PP,PROPELLER,MARSDEN,Skylark,L1P/L,,1,PF06,PF06,PISTON-D-1,PISTON-A-1,C162,L,
1367,E29E,PP,PROPELLER,,,,,1,ELECTRIC,ELECTRIC,PISTON-D-1,PISTON-A-1,PIVE,,
1368,EAGL,PP,PROPELLER,AVIAT,Eagle,L1P/L,,1,P002,P002,PISTON-D-1,PISTON-A-1,EV97,L,
1369,EAGX,PP,PROPELLER,CTRM,Eagle 150,L1P/L,,1,PF06,PF06,PISTON-D-1,PISTON-A-1,C162,L,
1370,EB29,PP,PROPELLER,,,,,1,P001,P001,PISTON-D-1,PISTON-A-1,DIMO,,
1371,EF2,PP,PROPELLER,BYE AEROSPACE,eFlyer 2,L1E/L,,1,ELECTRIC,ELECTRIC,PISTON-D-1,PISTON-A-1,PIVE,L,
1372,EFAN,PP,PROPELLER,AIRBUS,E-Fan,L2E/L,,2,ELECTRIC,ELECTRIC,PISTON-D-1,PISTON-A-1,PIAE,L,
1373,EFOX,PP,PROPELLER,AEROPRO,Eurofox,L1P/L,,1,PF06,PF06,PISTON-D-1,PISTON-A-1,C162,L,
1374,EFUS,PP,PROPELLER,MAGNUS,MG-11 eFusion,L1E/L,,1,ELECTRIC,ELECTRIC,PISTON-D-1,PISTON-A-1,PIAE,L,
1375,ELPS,PP,PROPELLER,EXPLORER (1),Ellipse,L1P/L,,1,P001,P001,PISTON-D-1,PISTON-A-1,C152,L,
1376,ELSP,PP,PROPELLER,A2 CZ,Ellipse Spirit,L1P/L,,1,PF06,PF06,PISTON-D-1,PISTON-A-1,C162,L,
1377,ELST,PP,PROPELLER,PUTZER,Elster,L1P/L,,1,P001,P001,PISTON-D-1,PISTON-A-1,SF25,L,
1378,EM11,PP,PROPELLER,MARGANSKI,EM-11 Orka,L2P/L,,2,PF06,PF06,PISTON-D-1,PISTON-A-1,PA44,L,
1379,ERAC,PP,PROPELLER,DICKEY,E-Racer,L1P/L,,1,P001,P001,PISTON-D-1,PISTON-A-1,RV8,L,
1380,ESCP,PP,PROPELLER,JUST,Escapade,L1P/L,,1,P001,P001,PISTON-D-1,PISTON-A-1,MAGC,L,
1381,ETA,PP,PROPELLER,,,,,1,P001,P001,PISTON-D-1,PISTON-A-1,DIMO,,
1382,EV55,TP,TURBOPROP,EVEKTOR,EV-55 Outback,L2T/L,,2,B004,B004,TURBOPROP-D-1,TURBOPROP-A-1,F406,L,
1383,EVAN,PP,PROPELLER,EVANGEL,4500 Evangel,L2P/L,,2,P002,P002,PISTON-D-1,PISTON-A-1,BE58,L,
1384,EX5T,TP,TURBOPROP,AEA,Explorer 500T,L1T/L,,1,B004,B004,TURBOPROP-D-1,TURBOPROP-A-1,K100,L,
1385,EXNG,PP,PROPELLER,EXTRA,NG,L1P/L,,1,P003,P003,PISTON-D-1,PISTON-A-1,E300,L,
1386,EZFL,PP,PROPELLER,AEROCOMP,E-Z Flyer,L1P/L,,1,P001,P001,PISTON-D-1,PISTON-A-1,SVNH,L,
1387,EZFT,PP,PROPELLER,BLUE YONDER,Twin E-Z Flyer,L2P/L,,2,P001,P001,PISTON-D-1,PISTON-A-1,C152,L,
1388,EZHV,PP,PROPELLER,BLUE YONDER,E-Z Harvard,L1P/L,,1,P001,P001,PISTON-D-1,PISTON-A-1,SVNH,L,
1389,EZKC,PP,PROPELLER,BLUE YONDER,E-Z King Cobra,L1P/L,,1,P001,P001,PISTON-D-1,PISTON-A-1,SVNH,L,
1390,F13,PP,PROPELLER,JUNKERS,F-13 Replica,L1P/L,,1,P003,P003,PISTON-D-1,PISTON-A-1,DV20,L,
1391,F156,PP,PROPELLER,FIESELER,Fi-156 Storch,L1P/L,,1,P001,P001,PISTON-D-1,PISTON-A-1,C152,L,
1392,F30,PP,PROPELLER,GOLDEN CAR,F-30 Brio,L1P/L,,1,PF06,PF06,PISTON-D-1,PISTON-A-1,DR40,L,
1393,F402,TP,TURBOPROP,FALCON AIR,Falcon 402,L1T/L,,1,B134,B134,TURBOPROP-D-1,TURBOPROP-A-1,P46T,L,
1394,F41E,PP,PROPELLER,AEROSAMARA,F-41 El'brus,L2P/L,,2,P001,P001,PISTON-D-1,PISTON-A-1,DV20,L,
1395,F421,TP,TURBOPROP,FALCON AIR,Falcon 421,L1T/L,,1,B004,B004,TURBOPROP-D-1,TURBOPROP-A-1,F406,L,
1396,F7,PP,PROPELLER,FOKKER,F-7 Replica,L3P/L,,3,P003,P003,PISTON-D-1,PISTON-A-1,MAGC,L,
1397,F9F,JS,JET SMALL,GRUMMAN,F9F Panther,L1J/M,,1,7PW078,7PW078,JET-MEDIUM-D-1,JET-MEDIUM-A-1,AJET,M,
1398,FA01,PP,PROPELLER,FLÄMING AIR,FA-01 Saphir,L1P/L,,1,PF06,PF06,PISTON-D-1,PISTON-A-1,C162,L,
1399,FA02,PP,PROPELLER,FLÄMING AIR,FA-02 Smaragd VLA,L1P/L,,1,PF06,PF06,PISTON-D-1,PISTON-A-1,C162,L,
1400,FA03,PP,PROPELLER,FLÄMING AIR,FA-03 Smaragd TMG,L1P/L,,1,P001,P001,PISTON-D-1,PISTON-A-1,DIMO,L,
1401,FA11,PP,PROPELLER,FAIRCHILD (2),F-11 Husky,L1P/L,,1,P004,P004,PISTON-D-1,PISTON-A-1,C188,L,
1402,FA62,PP,PROPELLER,FAIRCHILD (1),Cornell,L1P/L,,1,P001,P001,PISTON-D-1,PISTON-A-1,C152,L,
1403,FALM,PP,PROPELLER,MILES,Falcon Major,L1P/L,,1,P001,P001,PISTON-D-1,PISTON-A-1,C152,L,
1404,FANL,PP,PROPELLER,RHEIN,Fanliner,L1P/L,,1,P001,P001,PISTON-D-1,PISTON-A-1,MAGC,L,
1405,FB5,PP,PROPELLER,EURO-FLY,FB-5 Star Light,L1P/L,,1,P001,P001,PISTON-D-1,PISTON-A-1,MAGC,L,
1406,FC1,JS,JET SMALL,CHENGDU,FC-1 Xiaolong,L1J/M,,1,01P08GE203,01P08GE203,JET-MEDIUM-D-1,JET-MEDIUM-A-1,F16,M,
1407,FD2E,PP,PROPELLER,FLIGHT DESIGN,F-2e,L1E/L,,1,ELECTRIC,ELECTRIC,PISTON-D-1,PISTON-A-1,PIAE,L,
1408,FDF2,PP,PROPELLER,FLIGHT DESIGN,F-2,L1P/L,,1,PF06,PF06,PISTON-D-1,PISTON-A-1,C162,L,
1409,FDMC,PP,PROPELLER,FLIGHT DESIGN,MC,L1P/L,,1,PF06,PF06,PISTON-D-1,PISTON-A-1,C162,L,
1410,FEST,PP,PROPELLER,AEROSTAR (2),01 Festival,L1P/L,,1,P001,P001,PISTON-D-1,PISTON-A-1,SVNH,L,
1411,FFLO,PP,PROPELLER,,,,,1,P001,P001,PISTON-D-1,PISTON-A-1,Q2,,
1412,FJ10,JS,JET SMALL,AEROSTAR (1),FJ-100,L2J/L,,2,B601,B601,JET-MEDIUM-D-1,JET-MEDIUM-A-1,C525,L,
1413,FK12,PP,PROPELLER,B & F TECHNIK,Comet,L1P/L,,1,PF06,PF06,PISTON-D-1,PISTON-A-1,EV97,L,
1414,FK14,PP,PROPELLER,B & F TECHNIK,FK-14 Polaris,L1P/L,,1,PF06,PF06,PISTON-D-1,PISTON-A-1,C162,L,
1415,FK9,PP,PROPELLER,B & F TECHNIK,FK-9,L1P/L,,1,P001,P001,PISTON-D-1,PISTON-A-1,EV97,L,
1416,FLAM,PP,PROPELLER,DASSAULT,Flamant,L2P/L,,2,P004,P004,PISTON-D-1,PISTON-A-1,C414,L,
1417,FLCO,PP,PROPELLER,GALILEO,Falco,L1P/L,,1,P001,P001,PISTON-D-1,PISTON-A-1,FLCO,L,
1418,FLSH,PP,PROPELLER,EURO-FLY,Flash,L1P/L,,1,P001,P001,PISTON-D-1,PISTON-A-1,MAGC,L,
1419,FM25,PP,PROPELLER,FLYING MACHINES,FM-250 Vampire,L1P/L,,1,PF06,PF06,PISTON-D-1,PISTON-A-1,EV97,L,
1420,FMGO,PP,PROPELLER,AAK,Flamingo,L1P/L,,1,P001,P001,PISTON-D-1,PISTON-A-1,SVNH,L,
1421,FOX,PP,PROPELLER,DENNEY,Kitfox,L1P/L,,1,P001,P001,PISTON-D-1,PISTON-A-1,MAGC,L,
1422,FOXT,PP,PROPELLER,TEAM TANGO,Foxtrot-4,L1P/L,,1,P002,P002,PISTON-D-1,PISTON-A-1,E300,L,
1423,FRBD,PP,PROPELLER,NORTHROP GRUMMAN,R-03 Firebird,L1P/L,,1,P003,P003,PISTON-D-1,PISTON-A-1,T206,L,
1424,FUSI,PP,PROPELLER,MAGNUS,MG-11 Fusion,L1P/L,,1,PF06,PF06,PISTON-D-1,PISTON-A-1,C162,L,
1425,FW02,PP,PROPELLER,FLYWHALE,FW-02 Flywhale,A1P/L,,1,PF06,PF06,PISTON-D-1,PISTON-A-1,C162,L,
1426,FW44,PP,PROPELLER,FMA,Fw-44 Stieglitz,L1P/L,,1,P001,P001,PISTON-D-1,PISTON-A-1,DV20,L,
1427,FWSB,PP,PROPELLER,FLEETWINGS,F-4 Sea Bird,A1P/L,,1,P002,P002,PISTON-D-1,PISTON-A-1,C188,L,
1428,FX1,PP,PROPELLER,INNOVAVIATION,FX-1,L1P/L,,1,PF06,PF06,PISTON-D-1,PISTON-A-1,EV97,L,
1429,G1,PP,PROPELLER,GUERIN,G-1,L1P/L,,1,P001,P001,PISTON-D-1,PISTON-A-1,SVNH,L,
1430,G103,PP,PROPELLER,,,,,1,P001,P001,PISTON-D-1,PISTON-A-1,DIMO,,
1431,G64T,TP,TURBOPROP,AG-CAT,G-164 Super Turbine,L1T/L,,1,B004,B004,TURBOPROP-D-1,TURBOPROP-A-1,DV20,L,
1432,G70,PP,PROPELLER,GROPPO,G-70,L1P/L,,1,PF06,PF06,PISTON-D-1,PISTON-A-1,EV97,L,
1433,G800,PP,PROPELLER,AERODIS,G-802 Orion,L1P/L,,1,PF02,PF02,PISTON-D-1,PISTON-A-1,E300,L,
1434,G850,JM,JET MEDIUM,,,,,2,01P08GE203,01P08GE203,JET-MEDIUM-D-1,JET-MEDIUM-A-1,U2,,
1435,G91,JS,JET SMALL,FIAT,G-91R,L1J/L,,1,1AS002,1AS002,JET-MEDIUM-D-1,JET-MEDIUM-A-1,L39,L,
1436,G96,PP,PROPELLER,GRUMMAN,C-1 Trader,L2P/M,,2,P004,P004,PISTON-D-1,PISTON-A-1,P38,M,
1437,GABR,PP,PROPELLER,BLACKSHAPE,Bk-160 Gabriel,L1P/L,,1,P111,P111,PISTON-D-1,PISTON-A-1,E300,L,
1438,GANT,TP,TURBOPROP,FAIREY,Gannet,LCT/M,,C,B134,B134,TURBOPROP-D-1,TURBOPROP-A-1,JS32,M,
1439,GB1,PP,PROPELLER,GAME COMPOSITES,GB-1 GameBird,L1P/L,,1,P003,P003,PISTON-D-1,PISTON-A-1,E300,L,
1440,GDUK,PP,PROPELLER,ELLISON-MAHON,Gweduck,A2P/L,,2,PF12,PF12,PISTON-D-1,PISTON-A-1,DA42,L,
1441,GEMI,PP,PROPELLER,MILES,Gemini,L2P/L,,2,P001,P001,PISTON-D-1,PISTON-A-1,C172,L,
1442,GENI,PP,PROPELLER,IFB,E-Genius,L1E/L,,1,ELECTRIC,ELECTRIC,PISTON-D-1,PISTON-A-1,PIVE,L,
1443,GLTU,TP,TURBOPROP,STODDARD-HAMILTON,Turbine Glasair,L1T/L,,1,B134,B134,TURBOPROP-D-1,TURBOPROP-A-1,TEX2,L,
1444,GPRO,PP,PROPELLER,GENEVATION,GenPro,L1P/L,,1,P003,P003,PISTON-D-1,PISTON-A-1,E300,L,
1445,GR51,TP,TURBOPROP,CAMERON,Grand 51,L1T/L,,1,B134,B134,TURBOPROP-D-1,TURBOPROP-A-1,TBM8,L,
1446,GSIS,PP,PROPELLER,INNOVATION,Genesis,L1P/L,,1,P001,P001,PISTON-D-1,PISTON-A-1,EV97,L,
1447,GUEP,PP,PROPELLER,AERO SERVICES,Guepard,L1P/L,,1,P001,P001,PISTON-D-1,PISTON-A-1,EV97,L,
1448,GY20,PP,PROPELLER,CAB,GY-20 Minicab,L1P/L,,1,P001,P001,PISTON-D-1,PISTON-A-1,EV97,L,
1449,H207,PP,PROPELLER,HB-FLUGTECHNIK,Alfa,L1P/L,,1,PF06,PF06,PISTON-D-1,PISTON-A-1,C162,L,
1450,HB21,PP,PROPELLER,BRDITSCHKA,HB-21 Hobbylifter,L1P/L,,1,P001,P001,PISTON-D-1,PISTON-A-1,DIMO,L,
1451,HB23,PP,PROPELLER,BRDITSCHKA,HB-23 Hobbyliner,L1P/L,,1,P001,P001,PISTON-D-1,PISTON-A-1,DIMO,L,
1452,HB3,PP,PROPELLER,BRDITSCHKA,HB-3,L1P/L,,1,P001,P001,PISTON-D-1,PISTON-A-1,EV97,L,
1453,HD34,PP,PROPELLER,HUREL-DUBOIS,HD-34,L2P/M,,2,P004,P004,PISTON-D-1,PISTON-A-1,P38,M,
1454,HIGH,PP,PROPELLER,JUST,Highlander,L1P/L,,1,P001,P001,PISTON-D-1,PISTON-A-1,MAGC,L,
1455,HN70,PP,PROPELLER,NICOLLIER,HN-700 Menestrel 2,L1P/L,,1,P001,P001,PISTON-D-1,PISTON-A-1,EV97,L,
1456,HRM9,PP,PROPELLER,ELBIT,Hermes 900,L1P/L,,1,P001,P001,PISTON-D-1,PISTON-A-1,C402,L,
1457,HROC,PP,PROPELLER,HARMON,Rocket,L1P/L,,1,P001,P001,PISTON-D-1,PISTON-A-1,RV8,L,
1458,HT16,JS,JET SMALL,HINDUSTAN,HJT-16 Kiran,L1J/L,,1,1PW036,1PW036,JET-MEDIUM-D-1,JET-MEDIUM-A-1,L39,L,
1459,HT34,TP,TURBOPROP,,,,,1,B134,B134,TURBOPROP-D-1,TURBOPROP-A-1,T206,,
1460,HT36,JS,JET SMALL,HINDUSTAN,HJT-36 Sitara,L1J/L,,1,1PW037,1PW037,JET-MEDIUM-D-1,JET-MEDIUM-A-1,L39,L,
1461,HT40,TP,TURBOPROP,HINDUSTAN,HTT-40,L1T/L,,1,B134,B134,TURBOPROP-D-1,TURBOPROP-A-1,E500,L,
1462,HUML,PP,PROPELLER,HUMMEL,Hummel Bird,L1P/L,,1,P001,P001,PISTON-D-1,PISTON-A-1,MAGC,L,
1463,HURI,PP,PROPELLER,HAWKER,Hurricane,L1P/L,,1,P004,P004,PISTON-D-1,PISTON-A-1,P180,L,
1464,I112,TP,TURBOPROP,ILYUSHIN,Il-112,L2T/M,,2,B134,B134,TURBOPROP-D-1,TURBOPROP-A-1,F27,M,
1465,I22,JS,JET SMALL,INSTYTUT LOTNICTWA,I-22 Iryda,L1J/M,,1,1PW038,1PW038,JET-MEDIUM-D-1,JET-MEDIUM-A-1,AJET,M,
1466,I3,PP,PROPELLER,INTERAVIA,I-3,L1P/L,,1,P003,P003,PISTON-D-1,PISTON-A-1,DA40,L,
1467,I828,TP,TURBOPROP,,,,,1,B004,B004,TURBOPROP-D-1,TURBOPROP-A-1,K100,,
1468,IA50,TP,TURBOPROP,,,,,2,B134,B134,TURBOPROP-D-1,TURBOPROP-A-1,P38,,
1469,IA58,TP,TURBOPROP,FMA,IA-58 Pucará,L2T/L,,2,B134,B134,TURBOPROP-D-1,TURBOPROP-A-1,TEX2,L,
1470,IL28,JM,JET MEDIUM,HARBIN,H-5,L2J/M,,2,7PW077,7PW077,JET-MEDIUM-D-1,JET-MEDIUM-A-1,A10,M,
1471,INCQ,PP,PROPELLER,INPAER,Conquest,L1P/L,,1,PF06,PF06,PISTON-D-1,PISTON-A-1,C162,L,
1472,INEC,PP,PROPELLER,INPAER,Excel,L1P/L,,1,P001,P001,PISTON-D-1,PISTON-A-1,C152,L,
1473,INEX,PP,PROPELLER,INPAER,Explorer,L1P/L,,1,P001,P001,PISTON-D-1,PISTON-A-1,C172,L,
1474,INTG,PP,PROPELLER,AURA AERO,Integral R,L1P/L,,1,P002,P002,PISTON-D-1,PISTON-A-1,RV14,L,
1475,IPAN,PP,PROPELLER,EMBRAER,EMB-200 Ipanema,L1P/L,,1,P003,P003,PISTON-D-1,PISTON-A-1,P28A,L,
1476,IR25,TP,TURBOPROP,ICA,IAR-825TP Triumf,L1T/L,,1,B004,B004,TURBOPROP-D-1,TURBOPROP-A-1,TEX2,L,
1477,IRBS,PP,PROPELLER,KUBICEK,M-4 Irbis,L1P/L,,1,P001,P001,PISTON-D-1,PISTON-A-1,MAGC,L,
1478,ISPT,PP,PROPELLER,ISAACS,Spitfire,L1P/L,,1,P001,P001,PISTON-D-1,PISTON-A-1,EV97,L,
1479,J1,PP,PROPELLER,AUSTER,Aiglet,L1P/L,,1,P001,P001,PISTON-D-1,PISTON-A-1,DR40,L,
1480,J2,PP,PROPELLER,PIPER,Cub (J-2),L1P/L,,1,P001,P001,PISTON-D-1,PISTON-A-1,SVNH,L,
1481,J3,PP,PROPELLER,AMERICAN LEGEND,AL-3C Legend Cub,L1P/L,,1,P001,P001,PISTON-D-1,PISTON-A-1,SVNH,L,
1482,J300,PP,PROPELLER,ALMS,J-300 Joker,L1P/L,,1,P001,P001,PISTON-D-1,PISTON-A-1,SVNH,L,
1483,J4,PP,PROPELLER,PIPER,Cub Coupe,L1P/L,,1,P001,P001,PISTON-D-1,PISTON-A-1,C152,L,
1484,J400,PP,PROPELLER,JIHLAVAN,JA-400 Skyleader 400,L1P/L,,1,PF06,PF06,PISTON-D-1,PISTON-A-1,C150,L,
1485,J40E,PP,PROPELLER,ZALL JIHLAVAN,JA-400 Skyleader 400 Electric,L1E/L,,1,ELECTRIC,ELECTRIC,PISTON-D-1,PISTON-A-1,PIAE,L,
1486,J5,PP,PROPELLER,PIPER,AE Cub Cruiser,L1P/L,,1,P001,P001,PISTON-D-1,PISTON-A-1,SVNH,L,
1487,J600,PP,PROPELLER,JIHLAVAN,JA-600 Skyleader 600,L1P/L,,1,PF06,PF06,PISTON-D-1,PISTON-A-1,C162,L,
1488,J8A,JM,JET MEDIUM,SHENYANG,JZ-8,L2J/M,,2,1RR017,1RR017,JET-MEDIUM-D-1,JET-MEDIUM-A-1,F16,M,
1489,J8B,JM,JET MEDIUM,SHENYANG,F-8T,L2J/M,,2,1RR017,1RR017,JET-MEDIUM-D-1,JET-MEDIUM-A-1,F16,M,
1490,JANU,PP,PROPELLER,,,,,1,P001,P001,PISTON-D-1,PISTON-A-1,DIMO,,
1491,JAS4,PP,PROPELLER,JOBY,JAS-4,T6E/L,,6,ELECTRIC,ELECTRIC,PISTON-D-1,PISTON-A-1,PIVE,L,
1492,JAST,JS,JET SMALL,SOKO,IJ-21 Jastreb,L1J/L,,1,1PW037,1PW037,JET-MEDIUM-D-1,JET-MEDIUM-A-1,L39,L,
1493,JB15,PP,PROPELLER,OBERLERCHNER,JOB-15,L1P/L,,1,P001,P001,PISTON-D-1,PISTON-A-1,C152,L,
1494,JCRU,TP,TURBOPROP,AASI,Jetcruzer,L1T/L,,1,B004,B004,TURBOPROP-D-1,TURBOPROP-A-1,P46T,L,
1495,JFOX,PP,PROPELLER,EUROALA,Jet Fox,L1P/L,,1,P001,P001,PISTON-D-1,PISTON-A-1,SVNH,L,
1496,JH7,JM,JET MEDIUM,XIAN,FBC-1 Flying Leopard,L2J/M,,2,01P08GE195,01P08GE195,JET-MEDIUM-D-1,JET-MEDIUM-A-1,F16,M,
1497,JK05,PP,PROPELLER,EKOLOT,Beetle,L1P/L,,1,PF06,PF06,PISTON-D-1,PISTON-A-1,EV97,L,
1498,JL9,JS,JET SMALL,GUIZHOU,FTC-2000 Shanying,L1J/M,,1,1RR017,1RR017,JET-MEDIUM-D-1,JET-MEDIUM-A-1,AJET,M,
1499,JRC1,PP,PROPELLER,CHALARD,JRC-01 Julcar,L1P/L,,1,P001,P001,PISTON-D-1,PISTON-A-1,C152,L,
1500,JS1J,JM,JET MEDIUM,,,,,1,B601,B601,JET-MEDIUM-D-1,JET-MEDIUM-A-1,DIMO,,
1501,JS2J,JM,JET MEDIUM,,,,,1,B601,B601,JET-MEDIUM-D-1,JET-MEDIUM-A-1,DIMO,,
1502,JS2P,PP,PROPELLER,,,,,1,P001,P001,PISTON-D-1,PISTON-A-1,DIMO,,
1503,JS3E,PP,PROPELLER,,,,,1,ELECTRIC,ELECTRIC,PISTON-D-1,PISTON-A-1,PIVE,,
1504,JS3J,JM,JET MEDIUM,,,,,1,B601,B601,JET-MEDIUM-D-1,JET-MEDIUM-A-1,DIMO,,
1505,JSQA,JM,JET MEDIUM,,,,,1,B601,B601,JET-MEDIUM-D-1,JET-MEDIUM-A-1,SF50,,
1506,JSX,JS,JET SMALL,SONEX,JSX SubSonex,L1J/L,,1,B601,B601,JET-MEDIUM-D-1,JET-MEDIUM-A-1,RV8,L,
1507,JUNR,PP,PROPELLER,ANDREASSON,BA-7,L1P/L,,1,PF06,PF06,PISTON-D-1,PISTON-A-1,C162,L,
1508,K50,JS,JET SMALL,KOREA AEROSPACE,A-50 Golden Eagle,L1J/M,,1,01P08GE195,01P08GE195,JET-MEDIUM-D-1,JET-MEDIUM-A-1,F16,M,
1509,K8,JS,JET SMALL,HONGDU,JL-8,L1J/L,,1,1AS001,1AS001,JET-MEDIUM-D-1,JET-MEDIUM-A-1,L39,L,
1510,K900,TP,TURBOPROP,DAHER,Kodiak 200,L1T/L,,1,FOI-21,FOI-21,TURBOPROP-D-1,TURBOPROP-A-1,K100,L,
1511,KAAN,JM,JET MEDIUM,TAI,TF Kaan,L2J/M,,2,13AA006,13AA006,JET-MEDIUM-D-1,JET-MEDIUM-A-1,F16,M,
1512,KATB,PP,PROPELLER,KARI,Twinbee,L2P/L,,2,P003,P003,PISTON-D-1,PISTON-A-1,C414,L,
1513,KF21,JM,JET MEDIUM,KOREA AEROSPACE,KF-21 Boramae,L2J/M,,2,5GE083,5GE083,JET-MEDIUM-D-1,JET-MEDIUM-A-1,F16,M,
1514,KFAB,PP,PROPELLER,KITPLANES FOR AFRICA,Bushbaby,L1P/L,,1,P001,P001,PISTON-D-1,PISTON-A-1,MAGC,L,
1515,KFAS,PP,PROPELLER,KITPLANES FOR AFRICA,Safari,L1P/L,,1,P001,P001,PISTON-D-1,PISTON-A-1,MAGC,L,
1516,KIS2,PP,PROPELLER,PULSAR,Sport 150,L1P/L,,1,P001,P001,PISTON-D-1,PISTON-A-1,EV97,L,
1517,KIS4,PP,PROPELLER,PULSAR,Super Cruiser,L1P/L,,1,PF03,PF03,PISTON-D-1,PISTON-A-1,DA40,L,
1518,KITH,PP,PROPELLER,BOURDON,Kitty Hawk,L1P/L,,1,P001,P001,PISTON-D-1,PISTON-A-1,DV20,L,
1519,KIWI,PP,PROPELLER,,,,,1,P001,P001,PISTON-D-1,PISTON-A-1,SF25,,
1520,KL10,PP,PROPELLER,FLIGHT DESIGN-VESSEL,KLA-100,L1P/L,,1,PF06,PF06,PISTON-D-1,PISTON-A-1,C150,L,
1521,KL25,PP,PROPELLER,KLEMM,L-25,L1P/L,,1,P001,P001,PISTON-D-1,PISTON-A-1,SF25,L,
1522,KL35,PP,PROPELLER,KLEMM,Kl-35,L1P/L,,1,PF06,PF06,PISTON-D-1,PISTON-A-1,C150,L,
1523,KM2,PP,PROPELLER,FUJI,KM-2,L1P/L,,1,P003,P003,PISTON-D-1,PISTON-A-1,T206,L,
1524,KR1,PP,PROPELLER,RAND,KR-1,L1P/L,,1,P001,P001,PISTON-D-1,PISTON-A-1,C340,L,
1525,KR2,PP,PROPELLER,RAND,KR-2,L1P/L,,1,P001,P001,PISTON-D-1,PISTON-A-1,RV8,L,
1526,KSTK,PP,PROPELLER,PHOENIX-AVIACOR,Kasatik,L2P/L,,2,PF06,PF06,PISTON-D-1,PISTON-A-1,DV20,L,
1527,KTOO,PP,PROPELLER,AMAX,J-6 Karatoo,L1P/L,,1,P001,P001,PISTON-D-1,PISTON-A-1,SVNH,L,
1528,KZ2,PP,PROPELLER,SAI (1),Kupe,L1P/L,,1,P001,P001,PISTON-D-1,PISTON-A-1,EV97,L,
1529,KZ3,PP,PROPELLER,SAI (1),KZ-3,L1P/L,,1,P001,P001,PISTON-D-1,PISTON-A-1,DV20,L,
1530,KZ4,PP,PROPELLER,SAI (1),KZ-4,L2P/L,,2,P001,P001,PISTON-D-1,PISTON-A-1,C188,L,
1531,KZ7,PP,PROPELLER,SAI (1),KZ-7 Laerke,L1P/L,,1,P001,P001,PISTON-D-1,PISTON-A-1,DV20,L,
1532,KZ8,PP,PROPELLER,SAI (1),KZ-8,L1P/L,,1,PF06,PF06,PISTON-D-1,PISTON-A-1,C162,L,
1533,KZLA,JS,JET SMALL,BAYKAR,Bayraktar Kızılelma,L1J/M,,1,1AS002,1AS002,JET-MEDIUM-D-1,JET-MEDIUM-A-1,HAWK,M,
1534,L10,PP,PROPELLER,LOCKHEED,Electra (L-10),L2P/L,,2,P003,P003,PISTON-D-1,PISTON-A-1,PA46,L,
1535,L11E,PP,PROPELLER,LUSCOMBE,11E,L1P/L,,1,PF03,PF03,PISTON-D-1,PISTON-A-1,DA40,L,
1536,L13S,PP,PROPELLER,AEROTECHNIK,L-13S Super Vivat,L1P/L,,1,P001,P001,PISTON-D-1,PISTON-A-1,DIMO,L,
1537,L15,JM,JET MEDIUM,HONGDU,L-15 Lieying,L2J/M,,2,B601,B601,JET-MEDIUM-D-1,JET-MEDIUM-A-1,AJET,M,
1538,L18,PP,PROPELLER,HOWARD (2),250,L2P/M,,2,P004,P004,PISTON-D-1,PISTON-A-1,P38,M,
1539,L181,PP,PROPELLER,ASSOCIATED AIR,Liberty 181,L1P/L,,1,P002,P002,PISTON-D-1,PISTON-A-1,T206,L,
1540,L4,PP,PROPELLER,CHAIKA,L-4,A2P/L,,2,PF04,PF04,PISTON-D-1,PISTON-A-1,C150,L,
1541,L5,PP,PROPELLER,STINSON,L-5 Sentinel,L1P/L,,1,P001,P001,PISTON-D-1,PISTON-A-1,EV97,L,
1542,LA60,PP,PROPELLER,AERMACCHI,AL-60,L1P/L,,1,P002,P002,PISTON-D-1,PISTON-A-1,T206,L,
1543,LA6T,TP,TURBOPROP,AERMACCHI,AL-60 Turbine Grizzly,L1T/L,,1,B134,B134,TURBOPROP-D-1,TURBOPROP-A-1,C188,L,
1544,LAE1,PP,PROPELLER,,,,,1,ELECTRIC,ELECTRIC,PISTON-D-1,PISTON-A-1,PIVE,,
1545,LAKR,PP,PROPELLER,LASER,Akro Z,L1P/L,,1,P001,P001,PISTON-D-1,PISTON-A-1,RV8,L,
1546,LAR1,JS,JET SMALL,FLARIS,LAR-1,L1J/L,,1,B601,B601,JET-MEDIUM-D-1,JET-MEDIUM-A-1,SF50,L,
1547,LARK,PP,PROPELLER,NORTH AMERICAN ROCKWELL,100 Lark Commander,L1P/L,,1,PF02,PF02,PISTON-D-1,PISTON-A-1,C172,L,
1548,LEGD,PP,PROPELLER,PERFORMANCE,Legend,L1P/L,,1,PF01,PF01,PISTON-D-1,PISTON-A-1,M20T,L,
1549,LEOP,JM,JET MEDIUM,,,,,2,B601,B601,JET-MEDIUM-D-1,JET-MEDIUM-A-1,LJ25,,
1550,LGND,PP,PROPELLER,AEROPILOT,Legend,L1P/L,,1,PF06,PF06,PISTON-D-1,PISTON-A-1,C162,L,
1551,LH10,PP,PROPELLER,LH AVIATION,Ellipse,L1P/L,,1,P001,P001,PISTON-D-1,PISTON-A-1,RV8,L,
1552,LK17,PP,PROPELLER,,,,,1,P001,P001,PISTON-D-1,PISTON-A-1,SF25,,
1553,LK7E,PP,PROPELLER,,,,,1,ELECTRIC,ELECTRIC,PISTON-D-1,PISTON-A-1,PIVE,,
1554,LMC1,PP,PROPELLER,CHASLE,LMC-1 Sprintair,L1P/L,,1,P001,P001,PISTON-D-1,PISTON-A-1,MAGC,L,
1555,LMK1,PP,PROPELLER,CATA,LMK-1 Oryx,L1P/L,,1,P001,P001,PISTON-D-1,PISTON-A-1,E300,L,
1556,LN27,PP,PROPELLER,FALCOMPOSITE,LN-27 Furio,L1P/L,,1,P001,P001,PISTON-D-1,PISTON-A-1,RV14,L,
1557,LNT4,TP,TURBOPROP,LANCAIR,Sentry 4T,L1T/L,,1,B134,B134,TURBOPROP-D-1,TURBOPROP-A-1,TBM7,L,
1558,LS10,PP,PROPELLER,,,,,1,P001,P001,PISTON-D-1,PISTON-A-1,SF25,,
1559,LS8,PP,PROPELLER,,,,,1,P001,P001,PISTON-D-1,PISTON-A-1,SF25,,
1560,LTNG,JM,JET MEDIUM,BAC,Lightning,L2J/M,,2,8RR043,8RR043,JET-MEDIUM-D-1,JET-MEDIUM-A-1,F16,M,
1561,LXR,PP,PROPELLER,ELIXIR,Elixir,L1P/L,,1,PF06,PF06,PISTON-D-1,PISTON-A-1,C162,L,
1562,M101,TP,TURBOPROP,MYASISHCHEV,Expedition,L1T/L,,1,B134,B134,TURBOPROP-D-1,TURBOPROP-A-1,K100,L,
1563,M110,PP,PROPELLER,AVIAT,110 Special,L1P/L,,1,P001,P001,PISTON-D-1,PISTON-A-1,RV8,L,
1564,M18T,TP,TURBOPROP,MELEX,T-45 Turbine Dromader,L1T/L,,1,B134,B134,TURBOPROP-D-1,TURBOPROP-A-1,DHC6,L,
1565,M326,JS,JET SMALL,AERMACCHI,MB-326,L1J/L,,1,1AS001,1AS001,JET-MEDIUM-D-1,JET-MEDIUM-A-1,L39,L,
1566,M36J,PP,PROPELLER,MATRA,M-360 Jupiter,L2P/L,,2,PF12,PF12,PISTON-D-1,PISTON-A-1,BE58,L,
1567,M404,PP,PROPELLER,MARTIN,404,L2P/M,,2,P004,P004,PISTON-D-1,PISTON-A-1,P38,M,
1568,MA5,PP,PROPELLER,MARQUART,Charger,L1P/L,,1,P001,P001,PISTON-D-1,PISTON-A-1,MAGC,L,
1569,MAGN,PP,PROPELLER,AIRDALE,Magnum,L1P/L,,1,PF08,PF08,PISTON-D-1,PISTON-A-1,DR40,L,
1570,MAKO,PP,PROPELLER,LANCAIR,Mako,L1P/L,,1,PF01,PF01,PISTON-D-1,PISTON-A-1,M20T,L,
1571,MARS,PP,PROPELLER,MARTIN,170 Mars,S4P/M,,4,P004,P004,PISTON-D-1,PISTON-A-1,S2P,M,
1572,MAVR,PP,PROPELLER,AEA,Maverick,L1P/L,,1,P001,P001,PISTON-D-1,PISTON-A-1,RV8,L,
1573,MC01,PP,PROPELLER,MONTAER,MC-01,L1P/L,,1,P001,P001,PISTON-D-1,PISTON-A-1,MAGC,L,
1574,MC10,PP,PROPELLER,COLOMBAN,Cricri,L2P/L,,2,P001,P001,PISTON-D-1,PISTON-A-1,EV97,L,
1575,MC45,PP,PROPELLER,MEYERS,MAC-145,L1P/L,,1,P001,P001,PISTON-D-1,PISTON-A-1,DR40,L,
1576,MD3,PP,PROPELLER,DATWYLER,MD-3 Swiss Trainer,L1P/L,,1,P001,P001,PISTON-D-1,PISTON-A-1,C172,L,
1577,MD3R,PP,PROPELLER,GRYF,MD-3 Rider,L1P/L,,1,PF06,PF06,PISTON-D-1,PISTON-A-1,C162,L,
1578,ME08,PP,PROPELLER,MESSERSCHMITT,Bf-108 Taifun,L1P/L,,1,P002,P002,PISTON-D-1,PISTON-A-1,TB20,L,
1579,ME09,PP,PROPELLER,HISPANO,Buchon,L1P/L,,1,P004,P004,PISTON-D-1,PISTON-A-1,P180,L,
1580,ME62,JS,JET SMALL,LEGEND FLYERS,Me-262,L2J/L,,2,B602,B602,JET-MEDIUM-D-1,JET-MEDIUM-A-1,L39,L,
1581,MERK,PP,PROPELLER,AVIATON,Merkury,L2P/L,,2,P001,P001,PISTON-D-1,PISTON-A-1,TB21,L,
1582,MESS,PP,PROPELLER,MILES,M-38 Messenger,L1P/L,,1,P001,P001,PISTON-D-1,PISTON-A-1,DA40,L,
1583,METR,JM,JET MEDIUM,ARMSTRONG WHITWORTH,Meteor,L2J/M,,2,1AS002,1AS002,JET-MEDIUM-D-1,JET-MEDIUM-A-1,HAWK,M,
1584,MG19,JM,JET MEDIUM,GUIZHOU,F-6,L2J/M,,2,7PW077,7PW077,JET-MEDIUM-D-1,JET-MEDIUM-A-1,AJET,M,
1585,MG44,JM,JET MEDIUM,MIKOYAN,MiG 1-44,L2J/M,,2,1GE002,1GE002,JET-MEDIUM-D-1,JET-MEDIUM-A-1,F15,M,
1586,MGAT,JM,JET MEDIUM,,,,,1,B601,B601,JET-MEDIUM-D-1,JET-MEDIUM-A-1,L39,,
1587,MGNM,PP,PROPELLER,AVIATION ENTERPRISES,Magnum,L1P/L,,1,PF06,PF06,PISTON-D-1,PISTON-A-1,C162,L,
1588,MGUL,PP,PROPELLER,PERCIVAL,E Mew Gull,L1P/L,,1,P001,P001,PISTON-D-1,PISTON-A-1,RV8,L,
1589,MH02,TP,TURBOPROP,,,,,2,B004,B004,TURBOPROP-D-1,TURBOPROP-A-1,C510,,
1590,MIMU,PP,PROPELLER,BUSHBY,Midget Mustang,L1P/L,,1,P001,P001,PISTON-D-1,PISTON-A-1,RV8,L,
1591,MITE,PP,PROPELLER,MOONEY,M-18 Mite,L1P/L,,1,P001,P001,PISTON-D-1,PISTON-A-1,DR40,L,
1592,MJ10,PP,PROPELLER,JURCA,MJ-10 Spit,L1P/L,,1,P001,P001,PISTON-D-1,PISTON-A-1,DR40,L,
1593,MJ5,PP,PROPELLER,JURCA,MJ-5 Sirocco,L1P/L,,1,PF08,PF08,PISTON-D-1,PISTON-A-1,DR40,L,
1594,MJ51,PP,PROPELLER,JURCA,MJ-51 Spérocco,L1P/L,,1,P002,P002,PISTON-D-1,PISTON-A-1,E300,L,
1595,MON2,PP,PROPELLER,MONTANAIR,2180 Spirit,L1P/L,,1,PF02,PF02,PISTON-D-1,PISTON-A-1,RV14,L,
1596,MOSQ,PP,PROPELLER,DE HAVILLAND,DH-98 Mosquito,L2P/M,,2,P004,P004,PISTON-D-1,PISTON-A-1,P38,M,
1597,MP02,PP,PROPELLER,AERO-KROS,MP-02 Czajka,L1P/L,,1,PF06,PF06,PISTON-D-1,PISTON-A-1,EV97,L,
1598,MR25,PP,PROPELLER,MURPHY,SR-2500 Super Rebel,L1P/L,,1,PF11,PF11,PISTON-D-1,PISTON-A-1,C206,L,
1599,MR35,PP,PROPELLER,MURPHY,Moose,L1P/L,,1,PF11,PF11,PISTON-D-1,PISTON-A-1,C206,L,
1600,MR3T,TP,TURBOPROP,MURPHY,SR-3500 T-Moose,L1T/L,,1,B134,B134,TURBOPROP-D-1,TURBOPROP-A-1,E500,L,
1601,MS23,PP,PROPELLER,MORANE-SAULNIER,MS-230,L1P/L,,1,P002,P002,PISTON-D-1,PISTON-A-1,EV97,L,
1602,MS25,PP,PROPELLER,,,,,1,P002,P002,PISTON-D-1,PISTON-A-1,TB21,,
1603,MSQ2,PP,PROPELLER,BACKCOUNTRY,Mackey SQ-2,L1P/L,,1,PF02,PF02,PISTON-D-1,PISTON-A-1,DV20,L,
1604,MT2,JM,JET MEDIUM,MITSUBISHI,T-2,L2J/M,,2,B601,B601,JET-MEDIUM-D-1,JET-MEDIUM-A-1,AJET,M,
1605,MX10,PP,PROPELLER,AEROTEC (2),Aventura,L1P/L,,1,P001,P001,PISTON-D-1,PISTON-A-1,SVNH,L,
1606,MX1T,PP,PROPELLER,AEROANDINA,MXP-1000 Tayrona,L1P/L,,1,P001,P001,PISTON-D-1,PISTON-A-1,MAGC,L,
1607,MX2,PP,PROPELLER,MXR,MX-2,L1P/L,,1,PF12,PF12,PISTON-D-1,PISTON-A-1,E300,L,
1608,MX58,PP,PROPELLER,AERO-EAST-EUROPE,Embera,L1P/L,,1,P001,P001,PISTON-D-1,PISTON-A-1,MAGC,L,
1609,MX65,PP,PROPELLER,AEROTEC (2),Amigo,L1P/L,,1,PF06,PF06,PISTON-D-1,PISTON-A-1,C162,L,
1610,MX80,PP,PROPELLER,AEROANDINA,Fantasy,L1P/L,,1,P001,P001,PISTON-D-1,PISTON-A-1,MAGC,L,
1611,MXS,PP,PROPELLER,MXR,MXS,L1P/L,,1,P002,P002,PISTON-D-1,PISTON-A-1,E300,L,
1612,MYA4,JL,JET LARGE,MYASISHCHEV,3M,L4J/H,,4,1PW002,1PW002,JET-MEDIUM-D-1,JET-MEDIUM-A-1,IL86,H,
1613,MYS4,JS,JET SMALL,DASSAULT,MD-454A Mystère 4A,L1J/M,,1,01P06AL029,01P06AL029,JET-MEDIUM-D-1,JET-MEDIUM-A-1,AJET,M,
1614,N219,TP,TURBOPROP,DIRGANTARA INDONESIA,N-219 Nurtanio,L2T/M,,2,B004,B004,TURBOPROP-D-1,TURBOPROP-A-1,JS32,M,
1615,N250,TP,TURBOPROP,NUSANTARA,N-250,L2T/M,,2,T601,T601,TURBOPROP-D-1,TURBOPROP-A-1,AN30,M,
1616,N260,TP,TURBOPROP,MAX HOLSTE,MH-260 Super Broussard,L2T/M,,2,B134,B134,TURBOPROP-D-1,TURBOPROP-A-1,JS41,M,
1617,N3,PP,PROPELLER,NOSTALGAIR,Citabriette,L1P/L,,1,P001,P001,PISTON-D-1,PISTON-A-1,SVNH,L,
1618,N320,PP,PROPELLER,NORD,3202,L1P/L,,1,P001,P001,PISTON-D-1,PISTON-A-1,C152,L,
1619,NARN,PP,PROPELLER,KOREA AEROSPACE,KC-100 Naraon,L1P/L,,1,P002,P002,PISTON-D-1,PISTON-A-1,S22T,L,
1620,ND1T,TP,TURBOPROP,NDN,NDN-1T Turbo Firecracker,L1T/L,,1,B134,B134,TURBOPROP-D-1,TURBOPROP-A-1,P46T,L,
1621,NFEX,TP,TURBOPROP,NF-AIRCRAFT,Explorer,L1T/L,,1,B134,B134,TURBOPROP-D-1,TURBOPROP-A-1,P750,L,
1622,NG4,PP,PROPELLER,ROKO AERO,NG-4,L1P/L,,1,PF06,PF06,PISTON-D-1,PISTON-A-1,C162,L,
1623,NIMB,PP,PROPELLER,,,,,1,P001,P001,PISTON-D-1,PISTON-A-1,DIMO,,
1624,NIPR,PP,PROPELLER,AVIONS FAIREY,Nipper,L1P/L,,1,P001,P001,PISTON-D-1,PISTON-A-1,SVNH,L,
1625,NORA,PP,PROPELLER,NORD,2501 Noratlas,L2P/M,,2,P004,P004,PISTON-D-1,PISTON-A-1,F27,M,
1626,NORS,PP,PROPELLER,CCF,Norseman,L1P/L,,1,P003,P003,PISTON-D-1,PISTON-A-1,DA40,L,
1627,NST6,PP,PROPELLER,CUSTOM FLIGHT,North Star 6 Galaxie,L1P/L,,1,PF08,PF08,PISTON-D-1,PISTON-A-1,C188,L,
1628,NXTE,PP,PROPELLER,,,,,1,ELECTRIC,ELECTRIC,PISTON-D-1,PISTON-A-1,PIVE,,
1629,OCNR,PP,PROPELLER,TISSOT-CHARBONNIER,TC-120 Océanair,L1P/L,,1,P001,P001,PISTON-D-1,PISTON-A-1,DR40,L,
1630,OMLA,TP,TURBOPROP,OMAC,Laser 300,L1T/L,,1,B134,B134,TURBOPROP-D-1,TURBOPROP-A-1,P46T,L,
1631,OMSD,PP,PROPELLER,NORDIC,Omsider,A1P/L,,1,P001,P001,PISTON-D-1,PISTON-A-1,MAGC,L,
1632,OR12,PP,PROPELLER,ORION,SK-12,A2P/L,,2,P001,P001,PISTON-D-1,PISTON-A-1,DV20,L,
1633,P136,PP,PROPELLER,PIAGGIO,P-136,A2P/L,,2,P003,P003,PISTON-D-1,PISTON-A-1,C414,L,
1634,P1HH,TP,TURBOPROP,PIAGGIO,P-1HH Hammerhead,L2T/L,,2,B004,B004,TURBOPROP-D-1,TURBOPROP-A-1,P1HH,L,
1635,P4Y,PP,PROPELLER,CONVAIR,P4Y Privateer,L4P/M,,4,P004,P004,PISTON-D-1,PISTON-A-1,S2P,M,
1636,P61,PP,PROPELLER,NORTHROP,Black Widow,L2P/M,,2,P004,P004,PISTON-D-1,PISTON-A-1,P38,M,
1637,PA15,PP,PROPELLER,PIPER,PA-15 Vagabond,L1P/L,,1,P001,P001,PISTON-D-1,PISTON-A-1,SVNH,L,
1638,PA17,PP,PROPELLER,PIPER,PA-17 Vagabond,L1P/L,,1,P001,P001,PISTON-D-1,PISTON-A-1,SVNH,L,
1639,PACE,PP,PROPELLER,BELLANCA,CH-300 Pacemaker,L1P/L,,1,P003,P003,PISTON-D-1,PISTON-A-1,DR40,L,
1640,PAR1,PP,PROPELLER,PARADISE,P-1,L1P/L,,1,P001,P001,PISTON-D-1,PISTON-A-1,MAGC,L,
1641,PAR4,PP,PROPELLER,PARADISE,P-4,L1P/L,,1,P001,P001,PISTON-D-1,PISTON-A-1,DR40,L,
1642,PDIG,PP,PROPELLER,VSTOL,Pairadigm,L2P/L,,2,P001,P001,PISTON-D-1,PISTON-A-1,C152,L,
1643,PETR,PP,PROPELLER,AAC,SeaStar,A1P/L,,1,P001,P001,PISTON-D-1,PISTON-A-1,MAGC,L,
1644,PIAE,PP,PROPELLER,PIPISTREL,WattsUp,L1E/L,,1,ELECTRIC,ELECTRIC,PISTON-D-1,PISTON-A-1,PIAE,L,
1645,PILL,PP,PROPELLER,CASA,T-35 Tamiz,L1P/L,,1,PF12,PF12,PISTON-D-1,PISTON-A-1,TB20,L,
1646,PIT4,PP,PROPELLER,PIPISTREL,Taurus Electro G4,L1E/L,,1,ELECTRIC,ELECTRIC,PISTON-D-1,PISTON-A-1,PIAE,L,
1647,PITE,PP,PROPELLER,,,,,1,ELECTRIC,ELECTRIC,PISTON-D-1,PISTON-A-1,PIVE,,
1648,PIVE,PP,PROPELLER,PIPISTREL,Virus (electric),L1E/L,,1,ELECTRIC,ELECTRIC,PISTON-D-1,PISTON-A-1,PIVE,L,
1649,PK20,PP,PROPELLER,,,,,1,P001,P001,PISTON-D-1,PISTON-A-1,SF25,,
1650,PK23,PP,PROPELLER,PIK,PIK-23 Suhinu,L1P/L,,1,PF02,PF02,PISTON-D-1,PISTON-A-1,C152,L,
1651,PKAN,PP,PROPELLER,UETZ,Pelikan,L1P/L,,1,PF08,PF08,PISTON-D-1,PISTON-A-1,EV97,L,
1652,PL4,PP,PROPELLER,PAZMANY,PL-4,L1P/L,,1,P001,P001,PISTON-D-1,PISTON-A-1,EV97,L,
1653,PNTH,PP,PROPELLER,SPORT PERFORMANCE,Panther,L1P/L,,1,P001,P001,PISTON-D-1,PISTON-A-1,RV8,L,
1654,PO2,PP,PROPELLER,CSS,CSS-13,L1P/L,,1,P001,P001,PISTON-D-1,PISTON-A-1,SVNH,L,
1655,PP3,PP,PROPELLER,PILATUS,P-3,L1P/L,,1,P002,P002,PISTON-D-1,PISTON-A-1,C182,L,
1656,PRCE,PP,PROPELLER,PERCIVAL,P-57 Sea Prince,L2P/L,,2,P004,P004,PISTON-D-1,PISTON-A-1,S22T,L,
1657,PREN,PP,PROPELLER,PERCIVAL,P-40 Prentice,L1P/L,,1,P002,P002,PISTON-D-1,PISTON-A-1,C182,L,
1658,PRIM,PP,PROPELLER,BLACKSHAPE,Bk-100 Prime,L1P/L,,1,PF06,PF06,PISTON-D-1,PISTON-A-1,C162,L,
1659,PRTS,JS,JET SMALL,RUTAN,281 Proteus,L2J/L,,2,B601,B601,JET-MEDIUM-D-1,JET-MEDIUM-A-1,U2,L,
1660,PT22,PP,PROPELLER,RYAN,PT-22 Recruit,L1P/L,,1,P001,P001,PISTON-D-1,PISTON-A-1,C152,L,
1661,PTMS,PP,PROPELLER,KIMBALL,Macho Stinker,L1P/L,,1,P003,P003,PISTON-D-1,PISTON-A-1,RV14,L,
1662,PTSS,PP,PROPELLER,AVIAT,S-1-11 Super Stinker,L1P/L,,1,P001,P001,PISTON-D-1,PISTON-A-1,RV8,L,
1663,PULS,PP,PROPELLER,AERO DESIGNS,Pulsar,L1P/L,,1,PF06,PF06,PISTON-D-1,PISTON-A-1,EV97,L,
1664,PVTR,TP,TURBOPROP,PRIVATEER,Privateer,A1T/L,,1,B134,B134,TURBOPROP-D-1,TURBOPROP-A-1,E500,L,
1665,PZ12,PP,PROPELLER,PZL-OKECIE,Junior,L1P/L,,1,PF06,PF06,PISTON-D-1,PISTON-A-1,C150,L,
1666,Q1,PP,PROPELLER,GENERAL ATOMICS,MQ-1 Predator,L1P/L,,1,P001,P001,PISTON-D-1,PISTON-A-1,SF25,L,
1667,Q2,PP,PROPELLER,,,,,1,P001,P001,PISTON-D-1,PISTON-A-1,Q2,,
1668,Q25,JS,JET SMALL,BOEING,MQ-25 Stingray,L1J/M,,1,01P10AL033,01P10AL033,JET-MEDIUM-D-1,JET-MEDIUM-A-1,CRJ1,M,
1669,Q28,JS,JET SMALL,BOEING AUSTRALIA,MQ-28 Ghost Bat,L1J/L,,1,B601,B601,JET-MEDIUM-D-1,JET-MEDIUM-A-1,L39,L,
1670,Q5,JM,JET MEDIUM,HONGDU,A-5,L2J/M,,2,8AL025,8AL025,JET-MEDIUM-D-1,JET-MEDIUM-A-1,AJET,M,
1671,Q58,JS,JET SMALL,KRATOS,XQ-58 Valkyrie,L1J/L,,1,B601,B601,JET-MEDIUM-D-1,JET-MEDIUM-A-1,C25A,L,
1672,QALT,PP,PROPELLER,FMP,Qualt,L1P/L,,1,PF06,PF06,PISTON-D-1,PISTON-A-1,EV97,L,
1673,QINT,PP,PROPELLER,,,,,1,P001,P001,PISTON-D-1,PISTON-A-1,DIMO,,
1674,QR01,PP,PROPELLER,QUERCY,CQR-01,L1P/L,,1,P001,P001,PISTON-D-1,PISTON-A-1,MAGC,L,
1675,QUAS,PP,PROPELLER,AEROALCOOL,Quasar Lite,L1P/L,,1,P001,P001,PISTON-D-1,PISTON-A-1,MAGC,L,
1676,R109,PP,PROPELLER,AIRCRAFT SPRUCE,DR-109 Rhino,L1P/L,,1,P002,P002,PISTON-D-1,PISTON-A-1,RV14,L,
1677,R11,PP,PROPELLER,RUPERT,R-11,L1P/L,,1,P001,P001,PISTON-D-1,PISTON-A-1,SVNH,L,
1678,R12,PP,PROPELLER,RUPERT,R-12 Vimana,L1P/L,,1,PF06,PF06,PISTON-D-1,PISTON-A-1,EV97,L,
1679,RARO,PP,PROPELLER,NEW CENTURY,Radial Rocket,L1P/L,,1,P003,P003,PISTON-D-1,PISTON-A-1,E300,L,
1680,RAV5,PP,PROPELLER,RAVIN,Ravin 500,L1P/L,,1,PF12,PF12,PISTON-D-1,PISTON-A-1,BE36,L,
1681,RBEL,PP,PROPELLER,MURPHY,Rebel,L1P/L,,1,P001,P001,PISTON-D-1,PISTON-A-1,C152,L,
1682,RC3,PP,PROPELLER,REPUBLIC,RC-3 Seabee,A1P/L,,1,P002,P002,PISTON-D-1,PISTON-A-1,DV20,L,
1683,RCAL,PP,PROPELLER,MURPHY,Radical,L1P/L,,1,P001,P001,PISTON-D-1,PISTON-A-1,C152,L,
1684,RELI,PP,PROPELLER,STINSON,AT-19 Reliant,L1P/L,,1,P002,P002,PISTON-D-1,PISTON-A-1,PA46,L,
1685,RENE,PP,PROPELLER,MURPHY,Renegade,L1P/L,,1,P001,P001,PISTON-D-1,PISTON-A-1,SVNH,L,
1686,RF10,PP,PROPELLER,AEROMOT,AMT-100 Ximango,L1P/L,,1,P001,P001,PISTON-D-1,PISTON-A-1,DIMO,L,
1687,RF5,PP,PROPELLER,AERO JAEN,RF-5 Serrania,L1P/L,,1,P001,P001,PISTON-D-1,PISTON-A-1,DIMO,L,
1688,RISN,PP,PROPELLER,PORTO,Risen,L1P/L,,1,PF06,PF06,PISTON-D-1,PISTON-A-1,RV14,L,
1689,RNGR,PP,PROPELLER,DAC,RangeR,L1P/L,,1,P002,P002,PISTON-D-1,PISTON-A-1,DV20,L,
1690,ROAR,PP,PROPELLER,,,,,1,PF03,PF03,PISTON-D-1,PISTON-A-1,L39,,
1691,RODS,PP,PROPELLER,AIRCRAFT SPRUCE,DR-107 One Design,L1P/L,,1,P001,P001,PISTON-D-1,PISTON-A-1,RV8,L,
1692,RS18,PP,PROPELLER,SPORTAVIA-PUTZER,RS-180 Sportsman,L1P/L,,1,P001,P001,PISTON-D-1,PISTON-A-1,DR40,L,
1693,RS21,PP,PROPELLER,RANS,S-21 Outbound,L1P/L,,1,PF06,PF06,PISTON-D-1,PISTON-A-1,C162,L,
1694,RV15,PP,PROPELLER,VAN'S,RV-15,L1P/L,,1,P131,P131,PISTON-D-1,PISTON-A-1,P28A,L,
1695,RV4T,TP,TURBOPROP,VAN'S,RV-4T,L1T/L,,1,B134,B134,TURBOPROP-D-1,TURBOPROP-A-1,RV8,L,
1696,RVST,PP,PROPELLER,RUPERT,VimanaSteel,L1P/L,,1,PF06,PF06,PISTON-D-1,PISTON-A-1,C162,L,
1697,RYST,PP,PROPELLER,RYAN,PT-20,L1P/L,,1,P001,P001,PISTON-D-1,PISTON-A-1,DR40,L,
1698,S1,PP,PROPELLER,ARCTIC,Arctic Tern,L1P/L,,1,PF08,PF08,PISTON-D-1,PISTON-A-1,DR40,L,
1699,S10S,PP,PROPELLER,,,,,1,P001,P001,PISTON-D-1,PISTON-A-1,DIMO,,
1700,S11,PP,PROPELLER,FOKKER,Instructor,L1P/L,,1,P001,P001,PISTON-D-1,PISTON-A-1,DV20,L,
1701,S12,PP,PROPELLER,SPENCER,Air Car,A1P/L,,1,P002,P002,PISTON-D-1,PISTON-A-1,C172,L,
1702,S12S,PP,PROPELLER,,,,,1,P001,P001,PISTON-D-1,PISTON-A-1,DIMO,,
1703,S15S,PP,PROPELLER,STEMME,S-15,L1P/L,,1,P001,P001,PISTON-D-1,PISTON-A-1,DIMO,L,
1704,S15U,PP,PROPELLER,STEMME,S-15 Patroller,L1P/L,,1,P001,P001,PISTON-D-1,PISTON-A-1,DIMO,L,
1705,S160,PP,PROPELLER,SUNWARD,SA160,L1P/L,,1,PF08,PF08,PISTON-D-1,PISTON-A-1,S22T,L,
1706,S32E,JM,JET MEDIUM,,,,,1,8RR043,8RR043,JET-MEDIUM-D-1,JET-MEDIUM-A-1,DIMO,,
1707,S32M,JM,JET MEDIUM,,,,,2,8RR043,8RR043,JET-MEDIUM-D-1,JET-MEDIUM-A-1,DIMO,,
1708,S355,PP,PROPELLER,SCALED,355 Firebird,L1P/L,,1,P003,P003,PISTON-D-1,PISTON-A-1,T206,L,
1709,S37,JM,JET MEDIUM,SUKHOI,Berkut,L2J/M,,2,1PW018,1PW018,JET-MEDIUM-D-1,JET-MEDIUM-A-1,F15,M,
1710,S38,PP,PROPELLER,SIKORSKY,S-38 Replica,A2P/L,,2,P003,P003,PISTON-D-1,PISTON-A-1,C188,L,
1711,S400,PP,PROPELLER,SGAU,Kapitan,S2P/L,,2,P001,P001,PISTON-D-1,PISTON-A-1,SVNH,L,
1712,S401,JS,JET SMALL,SCALED,401 Sierra,L1J/L,,1,1PW037,1PW037,JET-MEDIUM-D-1,JET-MEDIUM-A-1,SF50,L,
1713,S6,PP,PROPELLER,STEMME,S-6,L1P/L,,1,P001,P001,PISTON-D-1,PISTON-A-1,DIMO,L,
1714,S716,JS,JET SMALL,STRATOS,716,L1J/L,,1,B601,B601,JET-MEDIUM-D-1,JET-MEDIUM-A-1,E50P,L,
1715,S900,PP,PROPELLER,SIPA,S-901,L1P/L,,1,P001,P001,PISTON-D-1,PISTON-A-1,MAGC,L,
1716,SA38,PP,PROPELLER,SCHWEIZER,SA-2-38A Twin Condor,L2P/L,,2,P003,P003,PISTON-D-1,PISTON-A-1,T206,L,
1717,SA6E,TP,TURBOPROP,SREYA,Envoy,L1T/L,,1,B134,B134,TURBOPROP-D-1,TURBOPROP-A-1,TBM7,L,
1718,SA75,PP,PROPELLER,STOLP,Acroduster Too,L1P/L,,1,PF02,PF02,PISTON-D-1,PISTON-A-1,EV97,L,
1719,SA8T,TP,TURBOPROP,SCHWEIZER,Twin Condor (turbine),L2T/L,,2,B134,B134,TURBOPROP-D-1,TURBOPROP-A-1,P46T,L,
1720,SABW,PP,PROPELLER,AZALEA,Saberwing,L1P/L,,1,PF06,PF06,PISTON-D-1,PISTON-A-1,C162,L,
1721,SAKO,PP,PROPELLER,RANS,S-10 Sakota,L1P/L,,1,P001,P001,PISTON-D-1,PISTON-A-1,MAGC,L,
1722,SAND,PP,PROPELLER,SHORT,S-25 Sandringham,S4P/M,,4,P004,P004,PISTON-D-1,PISTON-A-1,S2P,M,
1723,SAPH,PP,PROPELLER,PIEL,CP-1320 Saphir,L1P/L,,1,PF08,PF08,PISTON-D-1,PISTON-A-1,E300,L,
1724,SASP,PP,PROPELLER,SUPERMARINE AIRCRAFT,Spitfire Mk25,L1P/L,,1,P001,P001,PISTON-D-1,PISTON-A-1,RV8,L,
1725,SASY,PP,PROPELLER,PROTECH,ProStar,L1P/L,,1,P001,P001,PISTON-D-1,PISTON-A-1,MAGC,L,
1726,SAVA,PP,PROPELLER,SADLER,Vampire,L1P/L,,1,P001,P001,PISTON-D-1,PISTON-A-1,MAGC,L,
1727,SB7,PP,PROPELLER,SEABIRD,SB-7 Seeker,L1P/L,,1,P001,P001,PISTON-D-1,PISTON-A-1,C152,L,
1728,SBLS,PP,PROPELLER,SLIPSTREAM,SkyBlaster,L2P/L,,2,P001,P001,PISTON-D-1,PISTON-A-1,SVNH,L,
1729,SCEP,PP,PROPELLER,SLIPSTREAM,Scepter,L1P/L,,1,P001,P001,PISTON-D-1,PISTON-A-1,SVNH,L,
1730,SD2,PP,PROPELLER,SPACEK,SD-2 SportMaster,L1P/L,,1,PF06,PF06,PISTON-D-1,PISTON-A-1,C162,L,
1731,SEAT,TP,TURBOPROP,SEAWIND,Turbine Seawind,A1T/L,,1,B134,B134,TURBOPROP-D-1,TURBOPROP-A-1,E500,L,
1732,SEAW,PP,PROPELLER,SEAWIND,Seawind,A1P/L,,1,PF01,PF01,PISTON-D-1,PISTON-A-1,C182,L,
1733,SEST,TP,TURBOPROP,,,,,2,B004,B004,TURBOPROP-D-1,TURBOPROP-A-1,E500,,
1734,SF28,PP,PROPELLER,SCHEIBE,SF-28 Tandem Falke,L1P/L,,1,P001,P001,PISTON-D-1,PISTON-A-1,DIMO,L,
1735,SF36,PP,PROPELLER,SCHEIBE,SF-36,L1P/L,,1,P001,P001,PISTON-D-1,PISTON-A-1,DIMO,L,
1736,SG92,TP,TURBOPROP,TECHNOAVIA,SM-92T Turbo Finist,L1T/L,,1,B134,B134,TURBOPROP-D-1,TURBOPROP-A-1,P750,L,
1737,SGRA,PP,PROPELLER,SG AVIATION,Rally,L1P/L,,1,P001,P001,PISTON-D-1,PISTON-A-1,MAGC,L,
1738,SGUP,TP,TURBOPROP,AERO SPACELINES,377SGT Super Guppy,L4T/M,,4,T601,T601,TURBOPROP-D-1,TURBOPROP-A-1,C160,M,
1739,SH5,TP,TURBOPROP,HARBIN,PS-5,S4T/M,,4,T601,T601,TURBOPROP-D-1,TURBOPROP-A-1,C30J,M,
1740,SHAC,PP,PROPELLER,AVRO,696 Shackleton,L4P/M,,4,P004,P004,PISTON-D-1,PISTON-A-1,S2P,M,
1741,SHAW,JS,JET SMALL,ARMSTRONG WHITWORTH,Sea Hawk,L1J/M,,1,B601,B601,JET-MEDIUM-D-1,JET-MEDIUM-A-1,AJET,M,
1742,SHER,PP,PROPELLER,SHERPA,Sherpa,L1P/L,,1,P003,P003,PISTON-D-1,PISTON-A-1,T206,L,
1743,SHOP,PP,PROPELLER,SALVAY-STARK,Skyhopper,L1P/L,,1,P001,P001,PISTON-D-1,PISTON-A-1,EV97,L,
1744,SHRT,TP,TURBOPROP,SHERPA,Sherpa K-650T,L1T/L,,1,B134,B134,TURBOPROP-D-1,TURBOPROP-A-1,K100,L,
1745,SJET,JM,JET MEDIUM,,,,,2,01P11PJ004,01P11PJ004,JET-MEDIUM-D-1,JET-MEDIUM-A-1,SF50,,
1746,SKAR,PP,PROPELLER,III,Sky Arrow,L1P/L,,1,PF06,PF06,PISTON-D-1,PISTON-A-1,C150,L,
1747,SKRA,PP,PROPELLER,BEST OFF,Sky Ranger,L1P/L,,1,P001,P001,PISTON-D-1,PISTON-A-1,SVNH,L,
1748,SKYC,PP,PROPELLER,OMA SUD,Skycar,L2P/L,,2,PF02,PF02,PISTON-D-1,PISTON-A-1,DA42,L,
1749,SKYR,PP,PROPELLER,REARWIN,190 Skyranger,L1P/L,,1,PF06,PF06,PISTON-D-1,PISTON-A-1,C150,L,
1750,SLCH,JL,JET LARGE,SCALED,351 Stratolaunch,L6J/H,,6,1PW042,1PW042,JET-MEDIUM-D-1,JET-MEDIUM-A-1,A388,H,
1751,SLH4,PP,PROPELLER,SLING AIRCRAFT,Sling 4 High Wing,L1P/L,,1,PF06,PF06,PISTON-D-1,PISTON-A-1,DR40,L,
1752,SM60,PP,PROPELLER,STINSON,SM-6000 Tri-Motor,L3P/L,,3,P002,P002,PISTON-D-1,PISTON-A-1,C188,L,
1753,SMAX,PP,PROPELLER,AIRMAX,SeaMax,A1P/L,,1,PF06,PF06,PISTON-D-1,PISTON-A-1,C162,L,
1754,SMB2,JS,JET SMALL,DASSAULT,Super Mystère B2,L1J/M,,1,4AL003,4AL003,JET-MEDIUM-D-1,JET-MEDIUM-A-1,AJET,M,
1755,SOL1,PP,PROPELLER,,,,,4,ELECTRIC,ELECTRIC,PISTON-D-1,PISTON-A-1,PIVE,,
1756,SOL2,PP,PROPELLER,SOLAR IMPULSE,2,L4E/L,,4,ELECTRIC,ELECTRIC,PISTON-D-1,PISTON-A-1,PIVE,L,
1757,SONX,PP,PROPELLER,SONEX,Sonex,L1P/L,,1,P001,P001,PISTON-D-1,PISTON-A-1,DR40,L,
1758,SP33,JS,JET SMALL,SPECTRUM,S-33 Independence,L2J/L,,2,B601,B601,JET-MEDIUM-D-1,JET-MEDIUM-A-1,C25A,L,
1759,SP95,PP,PROPELLER,TECHNOAVIA,SP-95,L1P/L,,1,P003,P003,PISTON-D-1,PISTON-A-1,DR40,L,
1760,SPA2,PP,PROPELLER,STARK-TREFETHEN,Sport-Aire 2,L1P/L,,1,PF06,PF06,PISTON-D-1,PISTON-A-1,C162,L,
1761,SPIT,PP,PROPELLER,SUPERMARINE,Seafire,L1P/L,,1,P004,P004,PISTON-D-1,PISTON-A-1,P180,L,
1762,SPKR,PP,PROPELLER,TL ULTRALIGHT,Sparker,L1P/L,,1,P001,P001,PISTON-D-1,PISTON-A-1,RV8,L,
1763,SPOR,PP,PROPELLER,AMAX,Sport 1700,L1P/L,,1,P001,P001,PISTON-D-1,PISTON-A-1,SVNH,L,
1764,SPRT,PP,PROPELLER,PRACTAVIA,Sprite,L1P/L,,1,PF06,PF06,PISTON-D-1,PISTON-A-1,C162,L,
1765,SPUP,PP,PROPELLER,SOPWITH,Pup,L1P/L,,1,P001,P001,PISTON-D-1,PISTON-A-1,P28A,L,
1766,SRAY,PP,PROPELLER,DORNIER,S-Ray 007,A1P/L,,1,PF06,PF06,PISTON-D-1,PISTON-A-1,C150,L,
1767,SSTL,PP,PROPELLER,JUST,JA30 SuperSTOL,L1P/L,,1,P001,P001,PISTON-D-1,PISTON-A-1,MAGC,L,
1768,SSTM,PP,PROPELLER,SG AVIATION,Sea Storm,A1P/L,,1,PF06,PF06,PISTON-D-1,PISTON-A-1,C162,L,
1769,ST1,PP,PROPELLER,PHILLIPS,Speedtwin,L2P/L,,2,P001,P001,PISTON-D-1,PISTON-A-1,E300,L,
1770,ST3,PP,PROPELLER,STEARMAN,C-3,L1P/L,,1,P002,P002,PISTON-D-1,PISTON-A-1,DV20,L,
1771,ST4,PP,PROPELLER,STEARMAN,4 Junior Speedmail,L1P/L,,1,P003,P003,PISTON-D-1,PISTON-A-1,C182,L,
1772,ST50,TP,TURBOPROP,,,,,1,B134,B134,TURBOPROP-D-1,TURBOPROP-A-1,TBM7,,
1773,ST6,PP,PROPELLER,STEARMAN,6 Cloudboy,L1P/L,,1,P001,P001,PISTON-D-1,PISTON-A-1,EV97,L,
1774,STAL,PP,PROPELLER,AIRCRAFT DESIGNS,Stallion,L1P/L,,1,PF01,PF01,PISTON-D-1,PISTON-A-1,PAY3,L,
1775,STAT,TP,TURBOPROP,AIRCRAFT DESIGNS,Turbine Stallion,L1T/L,,1,B134,B134,TURBOPROP-D-1,TURBOPROP-A-1,TEX2,L,
1776,STCH,PP,PROPELLER,FLY SYNTHESIS,Storch,L1P/L,,1,PF06,PF06,PISTON-D-1,PISTON-A-1,EV97,L,
1777,STG2,PP,PROPELLER,RANS,S-18 Stinger 2,L1P/L,,1,P001,P001,PISTON-D-1,PISTON-A-1,SVNH,L,
1778,STLN,TP,TURBOPROP,HELIO,AU-24 Stallion,L1T/L,,1,B134,B134,TURBOPROP-D-1,TURBOPROP-A-1,K100,L,
1779,STRM,PP,PROPELLER,SG AVIATION,Storm,L1P/L,,1,PF06,PF06,PISTON-D-1,PISTON-A-1,C162,L,
1780,STST,PP,PROPELLER,CFM,SA-2 Star Streak,L1P/L,,1,P001,P001,PISTON-D-1,PISTON-A-1,SVNH,L,
1781,SU15,JM,JET MEDIUM,,,,,2,07P05GE220,07P05GE220,JET-MEDIUM-D-1,JET-MEDIUM-A-1,F16,,
1782,SU29,PP,PROPELLER,SUKHOI,Su-29,L1P/L,,1,P003,P003,PISTON-D-1,PISTON-A-1,P06T,L,
1783,SU57,JM,JET MEDIUM,SUKHOI,T-50,L2J/M,,2,01P08GE203,01P08GE203,JET-MEDIUM-D-1,JET-MEDIUM-A-1,F15,M,
1784,SU80,TP,TURBOPROP,SUKHOI,Su-80,L2T/M,,2,B134,B134,TURBOPROP-D-1,TURBOPROP-A-1,F27,M,
1785,SV4,PP,PROPELLER,AIAA,SV-4,L1P/L,,1,P001,P001,PISTON-D-1,PISTON-A-1,DR40,L,
1786,SWAK,PP,PROPELLER,ANGLIN,Space Walker 1,L1P/L,,1,PF06,PF06,PISTON-D-1,PISTON-A-1,C150,L,
1787,SWFT,JS,JET SMALL,SCALED,400 Swift,L1J/L,,1,B601,B601,JET-MEDIUM-D-1,JET-MEDIUM-A-1,L39,L,
1788,SWIF,JM,JET MEDIUM,,,,,1,B601,B601,JET-MEDIUM-D-1,JET-MEDIUM-A-1,AJET,,
1789,SYNC,PP,PROPELLER,FLY SYNTHESIS,Syncro,L1P/L,,1,PF06,PF06,PISTON-D-1,PISTON-A-1,C162,L,
1790,T101,TP,TURBOPROP,AEROPROGRESS,Grach,L1T/L,,1,B134,B134,TURBOPROP-D-1,TURBOPROP-A-1,DHC6,L,
1791,T18,PP,PROPELLER,CLASSIC SPORT,S-18,L1P/L,,1,P001,P001,PISTON-D-1,PISTON-A-1,RV8,L,
1792,T5,TP,TURBOPROP,FUJI,KM-2D,L1T/L,,1,B134,B134,TURBOPROP-D-1,TURBOPROP-A-1,E500,L,
1793,T50,PP,PROPELLER,CESSNA,AT-8 Bobcat,L2P/L,,2,P002,P002,PISTON-D-1,PISTON-A-1,PA46,L,
1794,T51,PP,PROPELLER,TITAN,Mustang,L1P/L,,1,P001,P001,PISTON-D-1,PISTON-A-1,DR40,L,
1795,T7,TP,TURBOPROP,FUJI,T-7,L1T/L,,1,B134,B134,TURBOPROP-D-1,TURBOPROP-A-1,E500,L,
1796,TAGO,PP,PROPELLER,TEAM TANGO,Tango-2,L1P/L,,1,PF03,PF03,PISTON-D-1,PISTON-A-1,E300,L,
1797,TAIL,PP,PROPELLER,AIRCRAFT SPRUCE,Tailwind,L1P/L,,1,P001,P001,PISTON-D-1,PISTON-A-1,RV8,L,
1798,TAYD,PP,PROPELLER,TAYLORCRAFT (1),DC,L1P/L,,1,P001,P001,PISTON-D-1,PISTON-A-1,SVNH,L,
1799,TCAT,PP,PROPELLER,GRUMMAN,F7F Tigercat,L2P/M,,2,P004,P004,PISTON-D-1,PISTON-A-1,P38,M,
1800,TCOU,PP,PROPELLER,HELIO,H-500 Twin Courier,L2P/L,,2,PF11,PF11,PISTON-D-1,PISTON-A-1,PA27,L,
1801,TD2,TP,TURBOPROP,TURBINE DESIGN,TD-2 Tempest,L1T/L,,1,B134,B134,TURBOPROP-D-1,TURBOPROP-A-1,E500,L,
1802,TEAL,PP,PROPELLER,SCHWEIZER,Teal,A1P/L,,1,P001,P001,PISTON-D-1,PISTON-A-1,C152,L,
1803,TEXA,PP,PROPELLER,FLY SYNTHESIS,Texan,L1P/L,,1,PF06,PF06,PISTON-D-1,PISTON-A-1,C162,L,
1804,TF19,PP,PROPELLER,TAYLORCRAFT (1),19 Sportsman,L1P/L,,1,P001,P001,PISTON-D-1,PISTON-A-1,DR40,L,
1805,TFK2,PP,PROPELLER,,,,,1,P001,P001,PISTON-D-1,PISTON-A-1,DIMO,,
1806,TIAD,PP,PROPELLER,TRIKE ICAROS,Adventure,L1P/L,,1,P001,P001,PISTON-D-1,PISTON-A-1,SVNH,L,
1807,TLEG,TP,TURBOPROP,LEGEND,Turbine Legend,L1T/L,,1,B134,B134,TURBOPROP-D-1,TURBOPROP-A-1,PAY3,L,
1808,TNAV,PP,PROPELLER,CAMAIR,480 Twin Navion,L2P/L,,2,P002,P002,PISTON-D-1,PISTON-A-1,BE58,L,
1809,TNDR,PP,PROPELLER,DREAM,Tundra,L1P/L,,1,PF02,PF02,PISTON-D-1,PISTON-A-1,C172,L,
1810,TPIL,TP,TURBOPROP,ENAER,Aucán,L1T/L,,1,B134,B134,TURBOPROP-D-1,TURBOPROP-A-1,P46T,L,
1811,TPIN,PP,PROPELLER,SCOTTISH AVIATION,Twin Pioneer,L2P/L,,2,P004,P004,PISTON-D-1,PISTON-A-1,EV97,L,
1812,TR55,PP,PROPELLER,3XTRIM,550 Trener,L1P/L,,1,PF06,PF06,PISTON-D-1,PISTON-A-1,C150,L,
1813,TRAL,PP,PROPELLER,GROPPO,Trail,L1P/L,,1,PF06,PF06,PISTON-D-1,PISTON-A-1,EV97,L,
1814,TRMA,PP,PROPELLER,STINSON,A Tri-Motor,L3P/L,,3,P004,P004,PISTON-D-1,PISTON-A-1,DA42,L,
1815,TRWN,PP,PROPELLER,PACIFIC AIRMOTIVE,Tradewind,L2P/L,,2,P003,P003,PISTON-D-1,PISTON-A-1,SR22,L,
1816,TS14,PP,PROPELLER,,,,,1,P001,P001,PISTON-D-1,PISTON-A-1,SF25,,
1817,TS1J,JM,JET MEDIUM,,,,,1,B601,B601,JET-MEDIUM-D-1,JET-MEDIUM-A-1,DIMO,,
1818,TTRS,PP,PROPELLER,HUMBERT,Tetras,L1P/L,,1,P001,P001,PISTON-D-1,PISTON-A-1,MAGC,L,
1819,TU16,JM,JET MEDIUM,TUPOLEV,Tu-16,L2J/M,,2,4BR007,4BR007,JET-MEDIUM-D-1,JET-MEDIUM-A-1,A10,M,
1820,TU95,TP,TURBOPROP,TUPOLEV,Tu-20,L4T/H,,4,T601,T601,TURBOPROP-D-1,TURBOPROP-A-1,FGTL,H,
1821,TUCR,PP,PROPELLER,FLYING LEGEND,Tucano Replica,L1P/L,,1,PF06,PF06,PISTON-D-1,PISTON-A-1,C162,L,
1822,TUCT,TP,TURBOPROP,FLYING LEGEND,Turbine Tucano Replica,L1T/L,,1,B134,B134,TURBOPROP-D-1,TURBOPROP-A-1,RV14,L,
1823,TVL4,PP,PROPELLER,TRAVEL AIR,4,L1P/L,,1,P001,P001,PISTON-D-1,PISTON-A-1,DV20,L,
1824,TVLB,PP,PROPELLER,BEL-AIRE,2000,L1P/L,,1,P001,P001,PISTON-D-1,PISTON-A-1,SVNH,L,
1825,TZRV,JS,JET SMALL,IRIAF,JT-2-2 Tazarve,L1J/L,,1,B601,B601,JET-MEDIUM-D-1,JET-MEDIUM-A-1,L39,L,
1826,UL39,PP,PROPELLER,CVUT,UL-39 Albi,L1P/L,,1,PF06,PF06,PISTON-D-1,PISTON-A-1,EV97,L,
1827,UL45,PP,PROPELLER,3XTRIM,450 Ultra,L1P/L,,1,P001,P001,PISTON-D-1,PISTON-A-1,SVNH,L,
1828,US1,TP,TURBOPROP,,,,,4,T601,T601,TURBOPROP-D-1,TURBOPROP-A-1,C27J,,
1829,US2,TP,TURBOPROP,SHINMAYWA,US-2,A4T/M,,4,T601,T601,TURBOPROP-D-1,TURBOPROP-A-1,ATP,M,
1830,V10,TP,TURBOPROP,NORTH AMERICAN,Bronco,L2T/L,,2,FOI-101,FOI-101,TURBOPROP-D-1,TURBOPROP-A-1,TEX2,L,
1831,V221,PP,PROPELLER,MSW,Votec 221,L1P/L,,1,P001,P001,PISTON-D-1,PISTON-A-1,RV8,L,
1832,V252,PP,PROPELLER,MSW,Votec 252,L1P/L,,1,PF12,PF12,PISTON-D-1,PISTON-A-1,E300,L,
1833,V280,TP,TURBOPROP,BELL,V-280 Valor,T2T/M,,2,T601,T601,TURBOPROP-D-1,TURBOPROP-A-1,AT76,M,
1834,V322,PP,PROPELLER,MSW,Votec 322,L1P/L,,1,P003,P003,PISTON-D-1,PISTON-A-1,E300,L,
1835,V351,PP,PROPELLER,MSW,Votec 351,L1P/L,,1,P001,P001,PISTON-D-1,PISTON-A-1,RV8,L,
1836,V452,TP,TURBOPROP,MSW,Votec 452,L1T/L,,1,B134,B134,TURBOPROP-D-1,TURBOPROP-A-1,E500,L,
1837,VALI,PP,PROPELLER,CONVAIR,BT-13 Valiant,L1P/L,,1,P003,P003,PISTON-D-1,PISTON-A-1,PA46,L,
1838,VANT,JS,JET SMALL,VISIONAIRE,VA-10 Vantage,L1J/L,,1,B601,B601,JET-MEDIUM-D-1,JET-MEDIUM-A-1,C525,L,
1839,VAUT,JM,JET MEDIUM,SUD,SO-4050 Vautour,L2J/M,,2,01P06AL034,01P06AL034,JET-MEDIUM-D-1,JET-MEDIUM-A-1,A10,M,
1840,VELT,PP,PROPELLER,VELOCITY,Velocity V-Twin,L2P/L,,2,P001,P001,PISTON-D-1,PISTON-A-1,M20P,L,
1841,VENT,PP,PROPELLER,,,,,1,P001,P001,PISTON-D-1,PISTON-A-1,SF25,,
1842,VEZE,PP,PROPELLER,RUTAN,33 VariEze,L1P/L,,1,P001,P001,PISTON-D-1,PISTON-A-1,RV8,L,
1843,VF60,TP,TURBOPROP,VULCANAIR,Mission,L1T/L,,1,B134,B134,TURBOPROP-D-1,TURBOPROP-A-1,P750,L,
1844,VIMY,PP,PROPELLER,,,,,2,P002,P002,PISTON-D-1,PISTON-A-1,MAGC,,
1845,VIPJ,JS,JET SMALL,VIPER,ViperJet,L1J/L,,1,B602,B602,JET-MEDIUM-D-1,JET-MEDIUM-A-1,SF50,L,
1846,VIX,PP,PROPELLER,SKYSTAR,Kitfox Vixen,L1P/L,,1,P001,P001,PISTON-D-1,PISTON-A-1,MAGC,L,
1847,VIXN,PP,PROPELLER,AMAX,Vixen,L1P/L,,1,P001,P001,PISTON-D-1,PISTON-A-1,SVNH,L,
1848,VK3T,TP,TURBOPROP,CIRRUS,VK-30 Cirrus (turbine),L1T/L,,1,B134,B134,TURBOPROP-D-1,TURBOPROP-A-1,E500,L,
1849,VL3T,TP,TURBOPROP,JMB AIRCRAFT,VL-3 Evolution Turbine,L1T/L,,1,B134,B134,TURBOPROP-D-1,TURBOPROP-A-1,RV8,L,
1850,VLOT,TP,TURBOPROP,VELOCITY,Velocity XL (turbine),L1T/L,,1,B134,B134,TURBOPROP-D-1,TURBOPROP-A-1,E500,L,
1851,VLTT,TP,TURBOPROP,VELOCITY,Velocity V-Twin (turbine),L2T/L,,2,B004,B004,TURBOPROP-D-1,TURBOPROP-A-1,E500,L,
1852,VM1,PP,PROPELLER,VOL MEDITERRANI,Esqual,L1P/L,,1,PF06,PF06,PISTON-D-1,PISTON-A-1,C162,L,
1853,VNOM,JS,JET SMALL,DE HAVILLAND,DH-112 Venom,L1J/M,,1,B601,B601,JET-MEDIUM-D-1,JET-MEDIUM-A-1,HAWK,M,
1854,VNTE,PP,PROPELLER,,,,,1,ELECTRIC,ELECTRIC,PISTON-D-1,PISTON-A-1,PIVE,,
1855,VNTR,PP,PROPELLER,ICP,Ventura,L1P/L,,1,PF06,PF06,PISTON-D-1,PISTON-A-1,C150,L,
1856,VP2,PP,PROPELLER,EVANS,Volksplane,L1P/L,,1,P001,P001,PISTON-D-1,PISTON-A-1,SVNH,L,
1857,VR7,PP,PROPELLER,VASHON,Ranger R7,L1P/L,,1,PF06,PF06,PISTON-D-1,PISTON-A-1,C162,L,
1858,VTRA,PP,PROPELLER,RANS,S-19 Venterra,L1P/L,,1,PF06,PF06,PISTON-D-1,PISTON-A-1,C162,L,
1859,VUT1,PP,PROPELLER,EVEKTOR,Cobra,L1P/L,,1,P003,P003,PISTON-D-1,PISTON-A-1,SR22,L,
1860,W5BC,PP,PROPELLER,LUCEAIR,W-5 Buttercup Replica,L1P/L,,1,PF06,PF06,PISTON-D-1,PISTON-A-1,C162,L,
1861,W62T,TP,TURBOPROP,WEATHERLY,620BTG,L1T/L,,1,B134,B134,TURBOPROP-D-1,TURBOPROP-A-1,P750,L,
1862,WACC,PP,PROPELLER,WACO,AGC,L1P/L,,1,P003,P003,PISTON-D-1,PISTON-A-1,C172,L,
1863,WACD,PP,PROPELLER,WACO,D,L1P/L,,1,P003,P003,PISTON-D-1,PISTON-A-1,C182,L,
1864,WAIX,PP,PROPELLER,SONEX,Waiex,L1P/L,,1,P001,P001,PISTON-D-1,PISTON-A-1,DR40,L,
1865,WBOO,PP,PROPELLER,DEAN-WILSON,Whitney Boomerang,L1P/L,,1,P001,P001,PISTON-D-1,PISTON-A-1,C152,L,
1866,WH4,TP,TURBOPROP,HALL,WH-4 Harpoon,L1T/L,,1,B134,B134,TURBOPROP-D-1,TURBOPROP-A-1,E500,L,
1867,WHIL,PP,PROPELLER,REFLEX,White Lightning,L1P/L,,1,P131,P131,PISTON-D-1,PISTON-A-1,M20P,L,
1868,WHIT,PP,PROPELLER,MILES,M-11 Whitney Straight,L1P/L,,1,P001,P001,PISTON-D-1,PISTON-A-1,DR40,L,
1869,WHK2,JM,JET MEDIUM,SCALED,348 White Knight Two,L4J/M,,4,01P07PW145,01P07PW145,JET-MEDIUM-D-1,JET-MEDIUM-A-1,U2,M,
1870,WHKN,JM,JET MEDIUM,,,,,4,01P07PW145,01P07PW145,JET-MEDIUM-D-1,JET-MEDIUM-A-1,U2,,
1871,WILT,PP,PROPELLER,AEROSTAR (2),Wild Thing,L1P/L,,1,P001,P001,PISTON-D-1,PISTON-A-1,MAGC,L,
1872,WIRR,PP,PROPELLER,COMMONWEALTH (1),CA-16 Wirraway,L1P/L,,1,P004,P004,PISTON-D-1,PISTON-A-1,T206,L,
1873,WLBY,PP,PROPELLER,FLY SYNTHESIS,Wallaby,L1P/L,,1,P001,P001,PISTON-D-1,PISTON-A-1,SVNH,L,
1874,WT10,PP,PROPELLER,AEROSPOOL,WT-10 Advantic,L1P/L,,1,P001,P001,PISTON-D-1,PISTON-A-1,C152,L,
1875,X29,JM,JET MEDIUM,,,,,1,1PW012,1PW012,JET-MEDIUM-D-1,JET-MEDIUM-A-1,AJET,,
1876,X55,JM,JET MEDIUM,,,,,2,7PW078,7PW078,JET-MEDIUM-D-1,JET-MEDIUM-A-1,E135,,
1877,XA85,PP,PROPELLER,RAJ HAMSA,X-AIR H Hanuman,L1P/L,,1,P001,P001,PISTON-D-1,PISTON-A-1,SVNH,L,
1878,XAIR,PP,PROPELLER,RAJ HAMSA,X-AIR S,L1P/L,,1,P001,P001,PISTON-D-1,PISTON-A-1,SVNH,L,
1879,XB1,JS,JET SMALL,BOOM,XB-1,L3J/L,,3,B602,B602,JET-MEDIUM-D-1,JET-MEDIUM-A-1,F15,L,
1880,Y112,PP,PROPELLER,YAKOVLEV,Yak-112,L1P/L,,1,PF06,PF06,PISTON-D-1,PISTON-A-1,C150,L,
1881,Y141,JM,JET MEDIUM,,,,,4,1PW001,1PW001,JET-MEDIUM-D-1,JET-MEDIUM-A-1,F16,,
1882,YA1,PP,PROPELLER,YEOMAN,YA-1 Cropmaster,L1P/L,,1,PF11,PF11,PISTON-D-1,PISTON-A-1,C206,L,
1883,YAK3,PP,PROPELLER,YAKOVLEV,Yak-3,L1P/L,,1,P004,P004,PISTON-D-1,PISTON-A-1,PAY3,L,
1884,YAK9,PP,PROPELLER,YAKOVLEV,Yak-9,L1P/L,,1,P004,P004,PISTON-D-1,PISTON-A-1,PAY3,L,
1885,YK11,PP,PROPELLER,LET,C-11,L1P/L,,1,P004,P004,PISTON-D-1,PISTON-A-1,B58T,L,
1886,YK12,PP,PROPELLER,PZL-OKECIE,Yak-12,L1P/L,,1,P001,P001,PISTON-D-1,PISTON-A-1,SVNH,L,
1887,YK30,JS,JET SMALL,YAKOVLEV,Yak-30,L1J/L,,1,B601,B601,JET-MEDIUM-D-1,JET-MEDIUM-A-1,L39,L,
1888,YK50,PP,PROPELLER,YAKOVLEV,Yak-50,L1P/L,,1,P003,P003,PISTON-D-1,PISTON-A-1,P06T,L,
1889,YK53,PP,PROPELLER,YAKOVLEV,Yak-53,L1P/L,,1,P003,P003,PISTON-D-1,PISTON-A-1,DR40,L,
1890,YK54,PP,PROPELLER,YAKOVLEV,Yak-54,L1P/L,,1,P003,P003,PISTON-D-1,PISTON-A-1,C172,L,
1891,YK55,PP,PROPELLER,YAKOVLEV,Yak-55,L1P/L,,1,P003,P003,PISTON-D-1,PISTON-A-1,RV14,L,
1892,YK58,PP,PROPELLER,YAKOVLEV,Yak-58,L1P/L,,1,P003,P003,PISTON-D-1,PISTON-A-1,PA44,L,
1893,YL15,PP,PROPELLER,BOEING,451 Scout,L1P/L,,1,P001,P001,PISTON-D-1,PISTON-A-1,EV97,L,
1894,YUKN,PP,PROPELLER,MURPHY,Yukon,L1P/L,,1,PF02,PF02,PISTON-D-1,PISTON-A-1,C172,L,
1895,Z26,PP,PROPELLER,MORAVAN,Akrobat,L1P/L,,1,P001,P001,PISTON-D-1,PISTON-A-1,EV97,L,
1896,Z37P,PP,PROPELLER,LET,Cmelák,L1P/L,,1,P003,P003,PISTON-D-1,PISTON-A-1,DV20,L,
1897,Z37T,TP,TURBOPROP,MORAVAN,Agro Turbo,L1T/L,,1,B134,B134,TURBOPROP-D-1,TURBOPROP-A-1,P750,L,
1898,Z50,PP,PROPELLER,MORAVAN,Zlin Z-50,L1P/L,,1,P002,P002,PISTON-D-1,PISTON-A-1,DR40,L,
1899,ZEP2,PP,PROPELLER,AERO ADVENTURE,Toucan,L1P/L,,1,P001,P001,PISTON-D-1,PISTON-A-1,SVNH,L,
1900,ZEPH,PP,PROPELLER,ATEC,122 Zephyr,L1P/L,,1,PF06,PF06,PISTON-D-1,PISTON-A-1,C162,L,
1901,A119,H1,HELICOPTER LIGHT,AGUSTAWESTLAND,A-119 Koala,H1T/L,2800,1,FOI-54,FOI-54,HELIPROF-D-1-STANDARD,HELIPROF-A-1-STANDARD,TBM8,L,
1902,A169,H2,HELICOPTER HEAVY,AGUSTAWESTLAND,AW-169,H2T/L,4500,2,FOI-52,FOI-52,HELIPROF-D-1-STANDARD,HELIPROF-A-1-STANDARD,JS41,L,
1903,A189,H2,HELICOPTER HEAVY,AGUSTAWESTLAND,AW-189,H2T/M,8000,2,FOI-65,FOI-65,HELIPROF-D-1-STANDARD,HELIPROF-A-1-STANDARD,AT43,M,
1904,A20J,JM,JET MEDIUM,,,,,1,B601,B601,JET-MEDIUM-D-1,JET-MEDIUM-A-1,DIMO,,
1905,A33P,PP,PROPELLER,,,,,1,P001,P001,PISTON-D-1,PISTON-A-1,SF25,,
1906,ANDR,PP,PROPELLER,MILLIOUD,Andromède,L1P/L,,1,PF06,PF06,PISTON-D-1,PISTON-A-1,EV97,L,
1907,AS20,PP,PROPELLER,,,,,1,PF06,PF06,PISTON-D-1,PISTON-A-1,DIMO,,
1908,AS3B,H2,HELICOPTER HEAVY,AEROSPATIALE,AS-332L2 Super Puma Mk2,H2T/M,7600,2,FOI-60,FOI-60,HELIPROF-D-1-STANDARD,HELIPROF-A-1-STANDARD,E120,M,
1909,AS50,H1,HELICOPTER LIGHT,AEROSPATIALE,AS-350 AStar,H1T/L,2100,1,FOI-24,FOI-24,HELIPROF-D-1-STANDARD,HELIPROF-A-1-STANDARD,TBM8,L,
1910,AS55,H2,HELICOPTER HEAVY,AEROSPATIALE,AS-355 Ecureuil 2,H2T/L,,2,FOI-24,FOI-24,TURBOPROP-D-1,TURBOPROP-A-1,TBM8,L,
1911,AS65,H2,HELICOPTER HEAVY,AEROSPATIALE,AS-365 Dauphin 2,H2T/L,4000,2,FOI-86,FOI-86,HELIPROF-D-1-STANDARD,HELIPROF-A-1-STANDARD,BE99,L,
1912,BPOD,PP,PROPELLER,,,,,2,ELECTRIC,ELECTRIC,PISTON-D-1,PISTON-A-1,PIVE,,
1913,BR23,PP,PROPELLER,BRM AERO,Bristell B23,L1P/L,,1,PF05,PF05,PISTON-D-1,PISTON-A-1,DIMO,L,
1914,BSWN,PP,PROPELLER,DRONAMICS,Black Swan,L1P/L,,1,P002,P002,PISTON-D-1,PISTON-A-1,DR40,L,
1915,BTB2,PP,PROPELLER,BAYKAR,Bayraktar TB-2,L1P/L,,1,PF06,PF06,PISTON-D-1,PISTON-A-1,T206,L,
1916,BTB3,PP,PROPELLER,BAYKAR,Bayraktar TB-3	,L1P/L,,1,PF06,PF06,PISTON-D-1,PISTON-A-1,T206,L,
1917,BW6T,PP,PROPELLER,BLACKWING,BW-635,L1P/L,,1,P001,P001,PISTON-D-1,PISTON-A-1,C162,L,
1918,CE15,PP,PROPELLER,CHERNOV,Che-15,S1P/L,,1,PF06,PF06,PISTON-D-1,PISTON-A-1,SVNH,L,
1919,DG60,PP,PROPELLER,,,,,1,PF06,PF06,PISTON-D-1,PISTON-A-1,DIMO,,
1920,M345,JS,JET SMALL,SIAI-MARCHETTI,M-345,L1J/L,,1,14HN006,14HN006,JET-MEDIUM-D-1,JET-MEDIUM-A-1,AJET,L,
1921,M700,TP,TURBOPROP,PIPER,PA-46-701TP M700 Fury,L1T/L,,1,FOI-25,FOI-25,TURBOPROP-D-1,TURBOPROP-A-1,TBM7,L,
1922,MICO,JM,JET MEDIUM,,,,,1,B601,B601,JET-MEDIUM-D-1,JET-MEDIUM-A-1,SF50,,
1923,S202,PP,PROPELLER,SGAU,S-202,A2P/L,,2,P001,P001,PISTON-D-1,PISTON-A-1,SVNH,L,
1924,S76,H2,HELICOPTER HEAVY,KEYSTONE,S-76,H2T/L,5300,2,FOI-59,FOI-59,HELIPROF-D-1-STANDARD,HELIPROF-A-1-STANDARD,BE20,L,
1925,SQES,PP,PROPELLER,INNOVATION,SkyQuest,L2P/L,,2,PF06,PF06,PISTON-D-1,PISTON-A-1,SVNH,L,
1926,SR71,JM,JET MEDIUM,,,,,2,1AA003,1AA003,JET-MEDIUM-D-1,JET-MEDIUM-A-1,U2,,
1927,TT62,PP,PROPELLER,,,,,2,PF13,PF13,PISTON-D-1,PISTON-A-1,PAY3,,
1928,VMT,JM,JET MEDIUM,,,,,4,1CM007,1CM007,JET-MEDIUM-D-1,JET-MEDIUM-A-1,IL76,,
1929,X32,JM,JET MEDIUM,,,,,1,B602,B602,JET-MEDIUM-D-1,JET-MEDIUM-A-1,F16,,
1930,X47B,JS,JET SMALL,NORTHROP GRUMMAN,X-47B,L1J/M,,1,13ZM003,13ZM003,JET-MEDIUM-D-1,JET-MEDIUM-A-1,F16,M,
1931,X59,JS,JET SMALL,LOCKHEED MARTIN,X-59 QueSST,L1J/M,,1,5GE083,5GE083,JET-MEDIUM-D-1,JET-MEDIUM-A-1,F15,M,
1932,Y20,JL,JET LARGE,XIAN,Y-20 Kunpeng,L4J/H,,4,1AA002,1AA002,JET-MEDIUM-D-1,JET-MEDIUM-A-1,IL76,H,
1933,YK38,JM,JET MEDIUM,,,,,1,13ZM004,13ZM004,JET-MEDIUM-D-1,JET-MEDIUM-A-1,HAWK,,
1934,A109,H2,HELICOPTER HEAVY,AGUSTA,AW-109 Da Vinci,H2T/L,2800,2,FOI-88,FOI-88,HELIPROF-D-1-STANDARD,HELIPROF-A-1-STANDARD,BE9L,L,
1935,A149,H2,HELICOPTER HEAVY,AGUSTAWESTLAND,AW-149,H2T/M,8100,2,FOI-65,FOI-65,HELIPROF-D-1-STANDARD,HELIPROF-A-1-STANDARD,AT43,M,
1936,AS32,H2,HELICOPTER HEAVY,AEROSPATIALE,AS-332B1 Super Puma,H2T/M,7600,2,FOI-60,FOI-60,HELIPROF-D-1-STANDARD,HELIPROF-A-1-STANDARD,E120,M,
1937,B06,H1,HELICOPTER LIGHT,AGUSTA,AB-206 JetRanger,H1T/L,1400,1,FOI-76,FOI-76,HELIPROF-D-1-STANDARD,HELIPROF-A-1-STANDARD,E500,L,
1938,B105,H2,HELICOPTER HEAVY,BOLKOW,BO-105,H2T/L,2500,2,FOI-87,FOI-87,HELIPROF-D-1-STANDARD,HELIPROF-A-1-STANDARD,BE9L,L,
1939,B212,H2,HELICOPTER HEAVY,AGUSTA,AB-212,H2T/L,5000,2,FOI-56,FOI-56,HELIPROF-D-1-STANDARD,HELIPROF-A-1-STANDARD,SW4,L,
1942,B230,H2,HELICOPTER HEAVY,BELL,230,H2T/L,3800,2,FOI-87,FOI-87,HELIPROF-D-1-STANDARD,HELIPROF-A-1-STANDARD,BE9L,L,
1943,B407,H1,HELICOPTER LIGHT,BELL,407,H1T/L,2500,1,FOI-19,FOI-19,HELIPROF-D-1-STANDARD,HELIPROF-A-1-STANDARD,P46T,L,
1944,B427,H2,HELICOPTER HEAVY,BELL,427,H2T/L,2900,2,FOI-51,FOI-51,HELIPROF-D-1-STANDARD,HELIPROF-A-1-STANDARD,BE99,L,
1945,B429,H2,HELICOPTER HEAVY,BELL,429 GlobalRanger,H2T/L,3100,2,FOI-94,FOI-94,HELIPROF-D-1-STANDARD,HELIPROF-A-1-STANDARD,MU2,L,
1947,B505,H1,HELICOPTER LIGHT,BELL,505 Jet Ranger X,H1T/L,2000,1,FOI-76,FOI-76,HELIPROF-D-1-STANDARD,HELIPROF-A-1-STANDARD,P46T,L,
1948,BK17,H2,HELICOPTER HEAVY,CASA,BK-117,H2T/L,3300,2,FOI-13,FOI-13,HELIPROF-D-1-STANDARD,HELIPROF-A-1-STANDARD,BE9L,L,
1950,EC20,H1,HELICOPTER LIGHT,EUROCOPTER,HELICOPTERS EC-120 Colibri,H1T/L,1700,1,FOI-88,FOI-88,HELIPROF-D-1-STANDARD,HELIPROF-A-1-STANDARD,P46T,L,
1951,EC25,H2,HELICOPTER HEAVY,EUROCOPTER,HELICOPTERS EC-725 Cougar Mk2+,H2T/M,11200,2,FOI-52,FOI-52,HELIPROF-D-1-STANDARD,HELIPROF-A-1-STANDARD,JS41,M,
1952,EC30,H1,HELICOPTER LIGHT,EUROCOPTER,HELICOPTERS EC-130,H1T/L,2400,1,FOI-54,FOI-54,HELIPROF-D-1-STANDARD,HELIPROF-A-1-STANDARD,TBM8,L,
1953,EC35,H2,HELICOPTER HEAVY,EUROCOPTER,HELICOPTERS EC-135,H2T/L,2700,2,FOI-86,FOI-86,HELIPROF-D-1-STANDARD,HELIPROF-A-1-STANDARD,BE99,L,
1954,EC45,H2,HELICOPTER HEAVY,EUROCOPTER-KAWASAKI,HELICOPTERS-KAWASAKI BK-117C-2,H2T/L,3600,2,FOI-51,FOI-51,HELIPROF-D-1-STANDARD,HELIPROF-A-1-STANDARD,BE99,L,
1955,EC55,H2,HELICOPTER HEAVY,EUROCOPTER,HELICOPTERS EC-155,H2T/L,4800,2,FOI-59,FOI-59,HELIPROF-D-1-STANDARD,HELIPROF-A-1-STANDARD,BE20,L,
1956,EC75,H2,HELICOPTER HEAVY,EUROCOPTER-HARBIN,HELICOPTERS-HARBIN EC-175,H2T/M,7000,2,FOI-52,FOI-52,HELIPROF-D-1-STANDARD,HELIPROF-A-1-STANDARD,JS41,M,
1957,EXPL,H2,HELICOPTER HEAVY,BOEING,MD-902 Explorer,H2T/L,3100,2,FOI-89,FOI-89,HELIPROF-D-1-STANDARD,HELIPROF-A-1-STANDARD,BE9L,L,
1959,H500,H1,HELICOPTER LIGHT,AGUSTA,NH-500,H1T/L,1700,1,FOI-87,FOI-87,HELIPROF-D-1-STANDARD,HELIPROF-A-1-STANDARD,E500,L,
1960,HUCO,H1,HELICOPTER LIGHT,BELL,209 HueyCobra,H1T/L,4500,1,FOI-52,FOI-52,HELIPROF-D-1-STANDARD,HELIPROF-A-1-STANDARD,TBM8,L,
1961,KA27,H2,HELICOPTER HEAVY,KAMOV,Ka-27,H2T/M,12600,2,FOI-52,FOI-52,HELIPROF-D-1-STANDARD,HELIPROF-A-1-STANDARD,JS41,M,
1964,MI14,H2,HELICOPTER HEAVY,MIL,Mi-14,H2T/M,14000,2,FOI-52,FOI-52,HELIPROF-D-1-STANDARD,HELIPROF-A-1-STANDARD,JS41,M,
1965,MI2,H2,HELICOPTER HEAVY,MIL,Mi-2,H2T/L,3500,2,FOI-51,FOI-51,HELIPROF-D-1-STANDARD,HELIPROF-A-1-STANDARD,BE99,L,
1966,MI26,H2,HELICOPTER HEAVY,MIL,Mi-26,H2T/M,56000,2,FOI-52,FOI-52,HELIPROF-D-1-STANDARD,HELIPROF-A-1-STANDARD,JS41,M,
1968,MI8,H2,HELICOPTER HEAVY,MIL,Mi-8,H2T/M,13000,2,FOI-52,FOI-52,HELIPROF-D-1-STANDARD,HELIPROF-A-1-STANDARD,JS41,M,
1969,NH90,H2,HELICOPTER HEAVY,NHI,AEROSPACE MRH-90,H2T/M,9100,2,FOI-52,FOI-52,HELIPROF-D-1-STANDARD,HELIPROF-A-1-STANDARD,JS41,M,
1970,S360,H1,HELICOPTER LIGHT,AEROSPATIALE,SA-360 Dauphin,H1T/L,3000,1,FOI-52,FOI-52,HELIPROF-D-1-STANDARD,HELIPROF-A-1-STANDARD,TBM8,L,
1971,S61,H2,HELICOPTER HEAVY,AGUSTA,AS-61A,H2T/M,5300,2,FOI-52,FOI-52,HELIPROF-D-1-STANDARD,HELIPROF-A-1-STANDARD,JS41,M,
1972,S65C,H2,HELICOPTER HEAVY,AEROSPATIALE,SA-365C Dauphin 2,H2T/L,4200,2,FOI-54,FOI-54,HELIPROF-D-1-STANDARD,HELIPROF-A-1-STANDARD,SW4,L,
1973,S92,H2,HELICOPTER HEAVY,SIKORSKY,S-92 Helibus,H2T/M,12000,2,FOI-52,FOI-52,HELIPROF-D-1-STANDARD,HELIPROF-A-1-STANDARD,JS41,M,
1974,TIGR,H2,HELICOPTER HEAVY,AUSTRALIAN AEROSPACE,HELICOPTERS EC-665 Tiger,H2T/L,6000,2,FOI-52,FOI-52,HELIPROF-D-1-STANDARD,HELIPROF-A-1-STANDARD,JS41,L,
1975,A139,H2,HELICOPTER HEAVY,AGUSTAWESTLAND,AW-139,H2T/M,7000,2,PF05,PF05,HELIPROF-D-1-STANDARD,HELIPROF-A-1-STANDARD,SH36,M,
1976,B412,H2,HELICOPTER HEAVY,BELL,Bell 412,H2T/M,5400,2,FOI-56,FOI-56,HELIPROF-D-1-STANDARD,HELIPROF-A-1-STANDARD,SW4,M,
1977,EH10,H2,HELICOPTER HEAVY,AGUSTAWESTLAND,AW-101 Merlin,H3T/M,14600,2,FOI-52,FOI-52,HELIPROF-D-1-STANDARD,HELIPROF-A-1-STANDARD,JS41,M,
1978,G2CA,H1,HELICOPTER LIGHT,GUIMBAL,G-2 Cabri,H1P/L,700,1,PF08,PF08,HELIPROF-D-1-STANDARD,HELIPROF-A-1-STANDARD,P28A,L,
1979,H160,H2,HELICOPTER HEAVY,AIRBUS,H-160,H2T/M,6050,2,FOI-59,FOI-59,HELIPROF-D-1-STANDARD,HELIPROF-A-1-STANDARD,BE20,M,
1980,H47,H2,HELICOPTER HEAVY,BOEING,CH-47 Chinook,H2T/H,22680,2,FOI-52,FOI-52,HELIPROF-D-1-STANDARD,HELIPROF-A-1-STANDARD,JS41,M,
1981,H53,H2,HELICOPTER HEAVY,SIKORSKY,CH-53 Super Stallion,H3T/H,33300,2,FOI-52,FOI-52,HELIPROF-D-1-STANDARD,HELIPROF-A-1-STANDARD,JS41,M,
1982,H60,H2,HELICOPTER HEAVY,SIKORSKY,UH-60 Black Hawk,H2T/M,9980,2,FOI-52,FOI-52,HELIPROF-D-1-STANDARD,HELIPROF-A-1-STANDARD,JS41,M,
1983,H64,H2,HELICOPTER HEAVY,BOEING,AH-64 Apache,H2T/M,10430,2,FOI-51,FOI-51,HELIPROF-D-1-STANDARD,HELIPROF-A-1-STANDARD,BE99,M,
1984,LYNX,H2,HELICOPTER HEAVY,WESTLAND,Lynx,H2T/L,5330,2,FOI-51,FOI-51,HELIPROF-D-1-STANDARD,HELIPROF-A-1-STANDARD,BE99,L,
1985,MI24,H2,HELICOPTER HEAVY,MIL,Mi-24 Hind,H2T/M,8500,2,FOI-52,FOI-52,HELIPROF-D-1-STANDARD,HELIPROF-A-1-STANDARD,JS41,M,
1986,PUMA,H2,HELICOPTER HEAVY,AEROSPATIALE,SA-330 Puma,H2T/M,7400,2,FOI-60,FOI-60,HELIPROF-D-1-STANDARD,HELIPROF-A-1-STANDARD,E120,M,
1987,UH1,H2,HELICOPTER HEAVY,BELL,UH-1 Huey,H2T/L,4310,2,FOI-56,FOI-56,HELIPROF-D-1-STANDARD,HELIPROF-A-1-STANDARD,SW4,L,
1988,W3,H2,HELICOPTER HEAVY,PZL,PZL W-3 Sokol,H2T/L,6400,2,FOI-60,FOI-60,HELIPROF-D-1-STANDARD,HELIPROF-A-1-STANDARD,E120,L,
